> Task :compileJava
> Task :compileScala NO-SOURCE
> Task :processResources NO-SOURCE
> Task :classes

> Task :runJavaLocal
[server] -------------------- Match Starting --------------------
[server] immortal_chariot vs. teacher08a on streetsofnewyork
[B: #10120@2] Sensed 1 robots
[B: #10120@3] Sensed 1 robots
[B: #10120@4] Sensed 1 robots
[B: #10120@5] Sensed 0 robots
[B: #10120@6] Sensed 0 robots
[B: #10120@7] Sensed 0 robots
[B: #10120@8] Sensed 0 robots
[B: #10120@9] Sensed 0 robots
[B: #10120@10] Sensed 0 robots
[B: #10120@11] Sensed 0 robots
[B: #10120@12] Sensed 0 robots
[B: #10819@12] Sensed 1 robots
[B: #10120@13] Sensed 0 robots
[B: #10819@13] Sensed 1 robots
[B: #10120@14] Sensed 0 robots
[B: #10819@14] Sensed 1 robots
[B: #10120@15] Sensed 0 robots
[B: #10819@15] Sensed 0 robots
[B: #10120@16] Sensed 0 robots
[B: #10819@16] Sensed 0 robots
[B: #10120@17] Sensed 1 robots
[B: #10120@17] Received 0 messages
[B: #10819@17] Sensed 0 robots
[B: #10120@18] Sensed 0 robots
[B: #10819@18] Sensed 1 robots
[B: #10819@18] Received 0 messages
[B: #10120@19] Sensed 1 robots
[B: #10120@19] Received 0 messages
[B: #10819@19] Sensed 1 robots
[B: #10819@19] Received 0 messages
[B: #10120@20] Sensed 1 robots
[B: #10120@20] Received 0 messages
[B: #10819@20] Sensed 2 robots
[B: #10819@20] Received 0 messages
[B: #10819@20] Received 0 messages
[B: #10120@21] Sensed 1 robots
[B: #10120@21] Received 0 messages
[B: #10819@21] Sensed 1 robots
[B: #10819@21] Received 0 messages
[B: #10120@22] Sensed 0 robots
[B: #10819@22] Sensed 0 robots
[B: #11456@22] Sensed 1 robots
[B: #10120@23] Sensed 0 robots
[B: #10819@23] Sensed 1 robots
[B: #10819@23] Received 0 messages
[B: #11456@23] Sensed 1 robots
[B: #10120@24] Sensed 0 robots
[B: #10819@24] Sensed 1 robots
[B: #10819@24] Received 0 messages
[B: #11456@24] Sensed 1 robots
[B: #10120@25] Sensed 0 robots
[B: #10819@25] Sensed 1 robots
[B: #10819@25] Received 0 messages
[B: #11456@25] Sensed 0 robots
[B: #10120@26] Sensed 0 robots
[B: #10819@26] Sensed 1 robots
[B: #10819@26] Received 0 messages
[B: #11456@26] Sensed 0 robots
[B: #10120@27] Sensed 0 robots
[B: #10819@27] Sensed 1 robots
[B: #10819@27] Received 0 messages
[B: #11456@27] Sensed 0 robots
[B: #10120@28] Sensed 0 robots
[B: #10819@28] Sensed 0 robots
[B: #11456@28] Sensed 0 robots
[B: #10120@29] Sensed 0 robots
[B: #10819@29] Sensed 1 robots
[B: #10819@29] Received 0 messages
[B: #11456@29] Sensed 0 robots
[B: #10120@30] Sensed 0 robots
[B: #10819@30] Sensed 1 robots
[B: #10819@30] Received 0 messages
[B: #11456@30] Sensed 0 robots
[B: #10120@31] Sensed 0 robots
[B: #10819@31] Sensed 1 robots
[B: #10819@31] Received 0 messages
[B: #11456@31] Sensed 0 robots
[B: #10120@32] Sensed 0 robots
[B: #10819@32] Sensed 1 robots
[B: #10819@32] Received 0 messages
[B: #11456@32] Sensed 0 robots
[B: #12806@32] Sensed 1 robots
[B: #10120@33] Sensed 0 robots
[B: #10819@33] Sensed 1 robots
[B: #10819@33] Received 0 messages
[B: #13990@33] Found a cheese mine at [37, 33]
[B: #13990@33] Going straight to cheese mine at [37, 33]
[B: #11456@33] Sensed 0 robots
[B: #12806@33] Sensed 1 robots
[B: #10120@34] Sensed 0 robots
[B: #10819@34] Sensed 1 robots
[B: #10819@34] Received 0 messages
[B: #13990@34] Going straight to cheese mine at [37, 33]
[B: #11456@34] Sensed 0 robots
[B: #12806@34] Sensed 1 robots
[B: #10120@35] Sensed 0 robots
[B: #10819@35] Sensed 1 robots
[B: #13990@35] Found a cheese mine at [37, 33]
[B: #13990@35] Going straight to cheese mine at [37, 33]
[B: #11456@35] Sensed 0 robots
[B: #12806@35] Sensed 1 robots
[B: #12806@35] Received 0 messages
[B: #10120@36] Sensed 0 robots
[B: #10819@36] Sensed 1 robots
[B: #13990@36] Can sense kingLoc [55, 28] ? false at distSquared 370
[B: #11456@36] Sensed 0 robots
[B: #12806@36] Sensed 0 robots
[B: #10120@37] Sensed 1 robots
[B: #10120@37] Received 0 messages
[B: #10819@37] Sensed 1 robots
[B: #13990@37] Can sense kingLoc [55, 28] ? false at distSquared 333
[B: #11456@37] Sensed 0 robots
[B: #12806@37] Sensed 0 robots
[B: #10120@38] Sensed 1 robots
[B: #10120@38] Received 0 messages
[B: #10819@38] Sensed 0 robots
[B: #13990@38] Can sense kingLoc [55, 28] ? false at distSquared 298
[B: #11456@38] Sensed 0 robots
[B: #12806@38] Sensed 0 robots
[B: #10120@39] Sensed 1 robots
[B: #10120@39] Received 0 messages
[B: #10819@39] Sensed 0 robots
[B: #13990@39] Can sense kingLoc [55, 28] ? false at distSquared 298
[B: #11456@39] Sensed 0 robots
[B: #12806@39] Sensed 0 robots
[B: #10120@40] Sensed 1 robots
[B: #10120@40] Received 0 messages
[B: #10819@40] Sensed 0 robots
[B: #13990@40] Can sense kingLoc [55, 28] ? false at distSquared 265
[B: #11456@40] Sensed 0 robots
[B: #12806@40] Sensed 0 robots
[B: #10120@41] Sensed 0 robots
[B: #10819@41] Sensed 0 robots
[B: #13990@41] Can sense kingLoc [55, 28] ? false at distSquared 234
[B: #11456@41] Sensed 0 robots
[B: #12806@41] Sensed 0 robots
[B: #10120@42] Sensed 0 robots
[B: #10819@42] Sensed 0 robots
[B: #13990@42] Can sense kingLoc [55, 28] ? false at distSquared 205
[B: #11456@42] Sensed 0 robots
[B: #12806@42] Sensed 0 robots
[B: #11028@42] Sensed 1 robots
[B: #10120@43] Sensed 0 robots
[B: #10819@43] Sensed 0 robots
[B: #13990@43] Can sense kingLoc [55, 28] ? false at distSquared 205
[B: #11456@43] Sensed 0 robots
[B: #12806@43] Sensed 0 robots
[B: #11028@43] Sensed 1 robots
[B: #10120@44] Sensed 0 robots
[B: #10819@44] Sensed 0 robots
[B: #13990@44] Can sense kingLoc [55, 28] ? false at distSquared 178
[B: #11456@44] Sensed 0 robots
[B: #12806@44] Sensed 0 robots
[B: #11028@44] Sensed 1 robots
[B: #10120@45] Sensed 0 robots
[B: #10819@45] Sensed 0 robots
[B: #13990@45] Can sense kingLoc [55, 28] ? false at distSquared 178
[B: #11456@45] Sensed 0 robots
[B: #12806@45] Sensed 0 robots
[B: #11028@45] Sensed 0 robots
[B: #10120@46] Sensed 0 robots
[B: #10819@46] Sensed 0 robots
[B: #13990@46] Can sense kingLoc [55, 28] ? false at distSquared 153
[B: #11456@46] Sensed 0 robots
[B: #12806@46] Sensed 0 robots
[B: #11028@46] Sensed 0 robots
[B: #10120@47] Sensed 0 robots
[B: #10819@47] Sensed 0 robots
[B: #13990@47] Can sense kingLoc [55, 28] ? false at distSquared 153
[B: #11456@47] Sensed 0 robots
[B: #12806@47] Sensed 0 robots
[B: #11028@47] Sensed 0 robots
[B: #10120@48] Sensed 0 robots
[B: #10819@48] Sensed 0 robots
[B: #13990@48] Can sense kingLoc [55, 28] ? false at distSquared 153
[B: #11456@48] Sensed 0 robots
[B: #12806@48] Sensed 0 robots
[B: #11028@48] Sensed 0 robots
[B: #10120@49] Sensed 0 robots
[B: #10819@49] Sensed 0 robots
[B: #13990@49] Can sense kingLoc [55, 28] ? false at distSquared 130
[B: #11456@49] Sensed 0 robots
[B: #12806@49] Sensed 0 robots
[B: #11028@49] Sensed 0 robots
[B: #10120@50] Sensed 0 robots
[B: #10819@50] Sensed 0 robots
[B: #13990@50] Can sense kingLoc [55, 28] ? false at distSquared 130
[B: #11456@50] Sensed 0 robots
[B: #12806@50] Sensed 0 robots
[B: #11028@50] Sensed 1 robots
[B: #11028@50] Received 0 messages
[B: #10120@51] Sensed 0 robots
[B: #10819@51] Sensed 0 robots
[B: #13990@51] Can sense kingLoc [55, 28] ? false at distSquared 130
[B: #11456@51] Sensed 0 robots
[B: #12806@51] Sensed 0 robots
[B: #11028@51] Sensed 0 robots
[B: #10120@52] Sensed 0 robots
[B: #10819@52] Sensed 0 robots
[B: #13990@52] Can sense kingLoc [55, 28] ? false at distSquared 109
[B: #11456@52] Sensed 0 robots
[B: #12806@52] Sensed 0 robots
[B: #11028@52] Sensed 0 robots
[B: #12917@52] Sensed 1 robots
[B: #10120@53] Sensed 0 robots
[B: #10819@53] Sensed 0 robots
[B: #13990@53] Can sense kingLoc [55, 28] ? false at distSquared 109
[B: #11456@53] Sensed 0 robots
[B: #12806@53] Sensed 0 robots
[B: #11028@53] Sensed 0 robots
[B: #12917@53] Sensed 1 robots
[B: #10120@54] Sensed 0 robots
[B: #10819@54] Sensed 0 robots
[B: #13990@54] Can sense kingLoc [55, 28] ? false at distSquared 109
[B: #11456@54] Sensed 1 robots
[B: #11456@54] Received 0 messages
[B: #12806@54] Sensed 0 robots
[B: #11028@54] Sensed 0 robots
[B: #12917@54] Sensed 1 robots
[B: #10120@55] Sensed 0 robots
[B: #10819@55] Sensed 0 robots
[B: #13990@55] Can sense kingLoc [55, 28] ? false at distSquared 90
[B: #11456@55] Sensed 1 robots
[B: #11456@55] Received 0 messages
[B: #12806@55] Sensed 0 robots
[B: #11028@55] Sensed 0 robots
[B: #12917@55] Sensed 0 robots
[B: #10120@56] Sensed 0 robots
[B: #10819@56] Sensed 0 robots
[B: #13990@56] Can sense kingLoc [55, 28] ? false at distSquared 73
[B: #11456@56] Sensed 1 robots
[B: #11456@56] Received 0 messages
[B: #12806@56] Sensed 0 robots
[B: #11028@56] Sensed 0 robots
[B: #12917@56] Sensed 1 robots
[B: #12917@56] Received 0 messages
[B: #10120@57] Sensed 0 robots
[B: #10819@57] Sensed 0 robots
[B: #13990@57] Can sense kingLoc [55, 28] ? false at distSquared 58
[B: #11456@57] Sensed 1 robots
[B: #11456@57] Received 0 messages
[B: #12806@57] Sensed 0 robots
[B: #11028@57] Sensed 0 robots
[B: #12917@57] Sensed 1 robots
[B: #12917@57] Received 0 messages
[B: #10120@58] Sensed 1 robots
[B: #10120@58] Received 0 messages
[B: #10819@58] Sensed 0 robots
[B: #13990@58] Can sense kingLoc [55, 28] ? false at distSquared 40
[B: #11456@58] Sensed 2 robots
[B: #11456@58] Received 0 messages
[B: #11456@58] Received 0 messages
[B: #11061@58] Found a cheese mine at [22, 33]
[B: #11061@58] Going straight to cheese mine at [22, 33]
[B: #12806@58] Sensed 0 robots
[B: #11028@58] Sensed 0 robots
[B: #12917@58] Sensed 1 robots
[B: #12917@58] Received 0 messages
[B: #10120@59] Sensed 1 robots
[B: #10120@59] Received 0 messages
[B: #10819@59] Sensed 0 robots
[B: #13990@59] Can sense kingLoc [55, 28] ? false at distSquared 29
[B: #11456@59] Sensed 0 robots
[B: #11061@59] Going straight to cheese mine at [22, 33]
[B: #12806@59] Sensed 0 robots
[B: #11028@59] Sensed 0 robots
[B: #12917@59] Sensed 1 robots
[B: #12917@59] Received 0 messages
[B: #10120@60] Sensed 1 robots
[B: #10120@60] Received 0 messages
[B: #10819@60] Sensed 0 robots
[B: #13990@60] Can sense kingLoc [55, 28] ? true at distSquared 20
[B: #13990@60] From [51, 30] Sent a squeak 14689 for mine at [37, 33]
[B: #11456@60] Sensed 0 robots
[B: #11061@60] Can sense kingLoc [55, 28] ? false at distSquared 1098
[B: #12806@60] Sensed 0 robots
[B: #11028@60] Sensed 0 robots
[B: #12917@60] Sensed 1 robots
[B: #12917@60] Received 0 messages
[B: #10120@61] Sensed 0 robots
[B: #10819@61] Sensed 0 robots
[B: #13990@61] Going straight to cheese mine at [37, 33]
[B: #11456@61] Sensed 0 robots
[B: #11061@61] Can sense kingLoc [55, 28] ? false at distSquared 1033
[B: #12806@61] Sensed 0 robots
[B: #11028@61] Sensed 0 robots
[B: #12917@61] Sensed 1 robots
[B: #12917@61] Received 0 messages
[B: #10120@62] Sensed 0 robots
[B: #10819@62] Sensed 0 robots
[B: #13990@62] Going straight to cheese mine at [37, 33]
[B: #11456@62] Sensed 0 robots
[B: #11061@62] Can sense kingLoc [55, 28] ? false at distSquared 970
[B: #12806@62] Sensed 0 robots
[B: #11028@62] Sensed 0 robots
[B: #12917@62] Sensed 0 robots
[B: #11118@62] Sensed 1 robots
[B: #10120@63] Sensed 0 robots
[B: #10819@63] Sensed 0 robots
[B: #13990@63] Going straight to cheese mine at [37, 33]
[B: #11456@63] Sensed 0 robots
[B: #11061@63] Can sense kingLoc [55, 28] ? false at distSquared 970
[B: #12806@63] Sensed 0 robots
[B: #11028@63] Sensed 0 robots
[B: #12917@63] Sensed 0 robots
[B: #11118@63] Sensed 1 robots
[B: #10120@64] Sensed 0 robots
[B: #10819@64] Sensed 0 robots
[B: #13990@64] Going straight to cheese mine at [37, 33]
[B: #11456@64] Sensed 0 robots
[B: #11061@64] Can sense kingLoc [55, 28] ? false at distSquared 909
[B: #12806@64] Sensed 0 robots
[B: #11028@64] Sensed 0 robots
[B: #12917@64] Sensed 0 robots
[B: #11118@64] Sensed 1 robots
[B: #10120@65] Sensed 0 robots
[B: #10819@65] Sensed 0 robots
[B: #13990@65] Going straight to cheese mine at [37, 33]
[B: #11456@65] Sensed 0 robots
[B: #11061@65] Can sense kingLoc [55, 28] ? false at distSquared 850
[B: #12806@65] Sensed 0 robots
[B: #11028@65] Sensed 0 robots
[B: #12917@65] Sensed 0 robots
[B: #11118@65] Sensed 0 robots
[B: #10120@66] Sensed 0 robots
[B: #10819@66] Sensed 1 robots
[B: #13990@66] Going straight to cheese mine at [37, 33]
[B: #11456@66] Sensed 1 robots
[B: #11061@66] Can sense kingLoc [55, 28] ? false at distSquared 850
[B: #12806@66] Sensed 0 robots
[B: #11028@66] Sensed 0 robots
[B: #12917@66] Sensed 0 robots
[B: #11118@66] Sensed 0 robots
[B: #10120@67] Sensed 0 robots
[B: #10819@67] Sensed 1 robots
[B: #13990@67] Going straight to cheese mine at [37, 33]
[B: #11456@67] Sensed 1 robots
[B: #11061@67] Can sense kingLoc [55, 28] ? false at distSquared 793
[B: #12806@67] Sensed 0 robots
[B: #11028@67] Sensed 0 robots
[B: #12917@67] Sensed 0 robots
[B: #11118@67] Sensed 0 robots
[B: #10120@68] Sensed 0 robots
[B: #10819@68] Sensed 1 robots
[B: #13990@68] Going straight to cheese mine at [37, 33]
[B: #11456@68] Sensed 1 robots
[B: #11061@68] Can sense kingLoc [55, 28] ? false at distSquared 738
[B: #12806@68] Sensed 0 robots
[B: #10072@68] Found a cheese mine at [22, 33]
[B: #10072@68] Going straight to cheese mine at [22, 33]
[B: #11028@68] Sensed 0 robots
[B: #12917@68] Sensed 0 robots
[B: #11118@68] Sensed 0 robots
[B: #10120@69] Sensed 0 robots
[B: #10819@69] Sensed 1 robots
[B: #13990@69] Going straight to cheese mine at [37, 33]
[B: #11456@69] Sensed 1 robots
[B: #11061@69] Can sense kingLoc [55, 28] ? false at distSquared 685
[B: #12806@69] Sensed 0 robots
[B: #10072@69] Going straight to cheese mine at [22, 33]
[B: #11028@69] Sensed 0 robots
[B: #12917@69] Sensed 0 robots
[B: #11118@69] Sensed 0 robots
[B: #10120@70] Sensed 0 robots
[B: #10819@70] Sensed 0 robots
[B: #13990@70] Going straight to cheese mine at [37, 33]
[B: #11456@70] Sensed 1 robots
[B: #11061@70] Can sense kingLoc [55, 28] ? false at distSquared 685
[B: #12806@70] Sensed 0 robots
[B: #10072@70] Can sense kingLoc [55, 28] ? false at distSquared 1098
[B: #11028@70] Sensed 0 robots
[B: #12917@70] Sensed 0 robots
[B: #11118@70] Sensed 0 robots
[B: #10120@71] Sensed 0 robots
[B: #10819@71] Sensed 0 robots
[B: #13990@71] Going straight to cheese mine at [37, 33]
[B: #11456@71] Sensed 1 robots
[B: #11061@71] Can sense kingLoc [55, 28] ? false at distSquared 634
[B: #12806@71] Sensed 0 robots
[B: #10072@71] Can sense kingLoc [55, 28] ? false at distSquared 1033
[B: #11028@71] Sensed 0 robots
[B: #12917@71] Sensed 0 robots
[B: #11118@71] Sensed 0 robots
[B: #10120@72] Sensed 0 robots
[B: #10819@72] Sensed 0 robots
[B: #13990@72] Going straight to cheese mine at [37, 33]
[B: #11456@72] Sensed 0 robots
[B: #11061@72] Can sense kingLoc [55, 28] ? false at distSquared 585
[B: #12806@72] Sensed 0 robots
[B: #10072@72] Can sense kingLoc [55, 28] ? false at distSquared 970
[B: #11028@72] Sensed 0 robots
[B: #12917@72] Sensed 0 robots
[B: #11118@72] Sensed 0 robots
[B: #13095@72] Sensed 1 robots
[B: #10120@73] Sensed 0 robots
[B: #10819@73] Sensed 0 robots
[B: #13990@73] Going straight to cheese mine at [37, 33]
[B: #11456@73] Sensed 0 robots
[B: #11061@73] Can sense kingLoc [55, 28] ? false at distSquared 585
[B: #12806@73] Sensed 0 robots
[B: #10072@73] Can sense kingLoc [55, 28] ? false at distSquared 970
[B: #11028@73] Sensed 0 robots
[B: #12917@73] Sensed 0 robots
[B: #11118@73] Sensed 0 robots
[B: #13095@73] Sensed 1 robots
[B: #10120@74] Sensed 0 robots
[B: #10819@74] Sensed 0 robots
[B: #13990@74] Can sense kingLoc [53, 30] ? false at distSquared 197
[B: #11456@74] Sensed 0 robots
[B: #11061@74] Can sense kingLoc [55, 28] ? false at distSquared 538
[B: #12806@74] Sensed 0 robots
[B: #10072@74] Can sense kingLoc [55, 28] ? false at distSquared 909
[B: #11028@74] Sensed 0 robots
[B: #12917@74] Sensed 0 robots
[B: #11118@74] Sensed 0 robots
[B: #13095@74] Sensed 1 robots
[B: #10120@75] Sensed 0 robots
[B: #10819@75] Sensed 0 robots
[B: #13990@75] Can sense kingLoc [53, 30] ? false at distSquared 197
[B: #11456@75] Sensed 0 robots
[B: #11061@75] Can sense kingLoc [55, 28] ? false at distSquared 493
[B: #12806@75] Sensed 0 robots
[B: #10072@75] Can sense kingLoc [55, 28] ? false at distSquared 850
[B: #11028@75] Sensed 0 robots
[B: #12917@75] Sensed 0 robots
[B: #11118@75] Sensed 0 robots
[B: #13095@75] Sensed 0 robots
[B: #10120@76] Sensed 0 robots
[B: #10819@76] Sensed 0 robots
[B: #13990@76] Can sense kingLoc [53, 30] ? false at distSquared 170
[B: #11456@76] Sensed 0 robots
[B: #11061@76] Can sense kingLoc [55, 28] ? false at distSquared 450
[B: #12806@76] Sensed 1 robots
[B: #10072@76] Can sense kingLoc [55, 28] ? false at distSquared 850
[B: #11028@76] Sensed 0 robots
[B: #10105@76] Found a cheese mine at [37, 33]
[B: #10105@76] Going straight to cheese mine at [37, 33]
[B: #12917@76] Sensed 0 robots
[B: #11118@76] Sensed 0 robots
[B: #13095@76] Sensed 0 robots
[B: #10120@77] Sensed 0 robots
[B: #10819@77] Sensed 0 robots
[B: #13990@77] Can sense kingLoc [53, 30] ? false at distSquared 145
[B: #11456@77] Sensed 0 robots
[B: #11061@77] Can sense kingLoc [55, 28] ? false at distSquared 450
[B: #12806@77] Sensed 1 robots
[B: #10072@77] Can sense kingLoc [55, 28] ? false at distSquared 793
[B: #11028@77] Sensed 0 robots
[B: #10105@77] Found a cheese mine at [37, 33]
[B: #10105@77] Going straight to cheese mine at [37, 33]
[B: #12917@77] Sensed 0 robots
[B: #11118@77] Sensed 0 robots
[B: #13095@77] Sensed 0 robots
[B: #10120@78] Sensed 0 robots
[B: #10819@78] Sensed 0 robots
[B: #13990@78] Can sense kingLoc [53, 30] ? false at distSquared 122
[B: #11456@78] Sensed 0 robots
[B: #11061@78] Can sense kingLoc [55, 28] ? false at distSquared 409
[B: #12806@78] Sensed 1 robots
[B: #10072@78] Can sense kingLoc [55, 28] ? false at distSquared 738
[B: #11028@78] Sensed 1 robots
[B: #11028@78] Received 0 messages
[B: #10105@78] Found a cheese mine at [37, 33]
[B: #10105@78] Going straight to cheese mine at [37, 33]
[B: #12917@78] Sensed 0 robots
[B: #11406@78] Can sense kingLoc [55, 28] ? false at distSquared 245
[B: #11118@78] Sensed 1 robots
[B: #11118@78] Received 0 messages
[B: #13095@78] Sensed 0 robots
[B: #10120@79] Sensed 0 robots
[B: #10819@79] Sensed 0 robots
[B: #13990@79] Can sense kingLoc [53, 30] ? false at distSquared 122
[B: #11456@79] Sensed 0 robots
[B: #11061@79] Can sense kingLoc [55, 28] ? false at distSquared 370
[B: #12806@79] Sensed 1 robots
[B: #10072@79] Can sense kingLoc [55, 28] ? false at distSquared 685
[B: #11028@79] Sensed 1 robots
[B: #11028@79] Received 0 messages
[B: #10105@79] Found a cheese mine at [37, 33]
[B: #10105@79] Going straight to cheese mine at [37, 33]
[B: #12917@79] Sensed 0 robots
[B: #11406@79] Can sense kingLoc [55, 28] ? false at distSquared 205
[B: #11118@79] Sensed 0 robots
[B: #13095@79] Sensed 0 robots
[B: #10120@80] Sensed 0 robots
[B: #10819@80] Sensed 0 robots
[B: #13990@80] Can sense kingLoc [53, 30] ? false at distSquared 101
[B: #11456@80] Sensed 0 robots
[B: #11061@80] Can sense kingLoc [55, 28] ? false at distSquared 370
[B: #12806@80] Sensed 1 robots
[B: #10072@80] Can sense kingLoc [55, 28] ? false at distSquared 685
[B: #11028@80] Sensed 1 robots
[B: #11028@80] Received 0 messages
[B: #10105@80] Found a cheese mine at [37, 33]
[B: #10105@80] Going straight to cheese mine at [37, 33]
[B: #12917@80] Sensed 0 robots
[B: #11406@80] Can sense kingLoc [55, 28] ? false at distSquared 169
[B: #11118@80] Sensed 0 robots
[B: #13095@80] Sensed 1 robots
[B: #13095@80] Received 0 messages
[B: #10120@81] Sensed 0 robots
[B: #11096@81] Can sense kingLoc [55, 28] ? false at distSquared 1261
[B: #10819@81] Sensed 0 robots
[B: #13990@81] Can sense kingLoc [53, 30] ? false at distSquared 82
[B: #11456@81] Sensed 0 robots
[B: #11061@81] Can sense kingLoc [55, 28] ? false at distSquared 333
[B: #12806@81] Sensed 2 robots
[B: #12806@81] Received 0 messages
[B: #10072@81] Can sense kingLoc [55, 28] ? false at distSquared 634
[B: #11028@81] Sensed 0 robots
[B: #10105@81] Found a cheese mine at [37, 33]
[B: #10105@81] Going straight to cheese mine at [37, 33]
[B: #12917@81] Sensed 0 robots
[B: #11406@81] Can sense kingLoc [55, 28] ? false at distSquared 169
[B: #11118@81] Sensed 0 robots
[B: #13095@81] Sensed 0 robots
[B: #10120@82] Sensed 0 robots
[B: #11096@82] Can sense kingLoc [55, 28] ? false at distSquared 1165
[B: #10819@82] Sensed 0 robots
[B: #13990@82] Can sense kingLoc [53, 30] ? false at distSquared 82
[B: #11456@82] Sensed 0 robots
[B: #11061@82] Can sense kingLoc [55, 28] ? false at distSquared 298
[B: #12806@82] Sensed 0 robots
[B: #10072@82] Can sense kingLoc [55, 28] ? false at distSquared 585
[B: #11028@82] Sensed 0 robots
[B: #10105@82] Going straight to cheese mine at [37, 33]
[B: #12917@82] Sensed 0 robots
[B: #11406@82] Can sense kingLoc [55, 28] ? false at distSquared 137
[B: #11118@82] Sensed 0 robots
[B: #13095@82] Sensed 0 robots
[B: #12999@82] Sensed 1 robots
[B: #10120@83] Sensed 0 robots
[B: #11096@83] Can sense kingLoc [55, 28] ? false at distSquared 1165
[B: #10819@83] Sensed 0 robots
[B: #13990@83] Can sense kingLoc [53, 30] ? false at distSquared 65
[B: #11456@83] Sensed 0 robots
[B: #11061@83] Can sense kingLoc [55, 28] ? false at distSquared 265
[B: #12806@83] Sensed 0 robots
[B: #10072@83] Can sense kingLoc [55, 28] ? false at distSquared 585
[B: #11028@83] Sensed 0 robots
[B: #10105@83] Found a cheese mine at [37, 33]
[B: #10105@83] Going straight to cheese mine at [37, 33]
[B: #12917@83] Sensed 0 robots
[B: #11406@83] Can sense kingLoc [55, 28] ? false at distSquared 137
[B: #11118@83] Sensed 0 robots
[B: #13095@83] Sensed 0 robots
[B: #12999@83] Sensed 1 robots
[B: #10120@84] Sensed 0 robots
[B: #11096@84] Can sense kingLoc [55, 28] ? false at distSquared 1073
[B: #10819@84] Sensed 0 robots
[B: #13990@84] Can sense kingLoc [53, 30] ? false at distSquared 50
[B: #11456@84] Sensed 0 robots
[B: #11061@84] Can sense kingLoc [55, 28] ? false at distSquared 265
[B: #12806@84] Sensed 0 robots
[B: #10072@84] Can sense kingLoc [55, 28] ? false at distSquared 538
[B: #11028@84] Sensed 0 robots
[B: #10105@84] Going straight to cheese mine at [37, 33]
[B: #12917@84] Sensed 0 robots
[B: #11406@84] Can sense kingLoc [55, 28] ? false at distSquared 137
[B: #11118@84] Sensed 0 robots
[B: #13095@84] Sensed 1 robots
[B: #13095@84] Received 0 messages
[B: #12999@84] Sensed 1 robots
[B: #10120@85] Sensed 0 robots
[B: #11096@85] Can sense kingLoc [55, 28] ? false at distSquared 985
[B: #10819@85] Sensed 0 robots
[B: #13990@85] Can sense kingLoc [53, 30] ? false at distSquared 37
[B: #11456@85] Sensed 0 robots
[B: #11061@85] Can sense kingLoc [55, 28] ? false at distSquared 234
[B: #12806@85] Sensed 0 robots
[B: #10072@85] Can sense kingLoc [55, 28] ? false at distSquared 493
[B: #11028@85] Sensed 1 robots
[B: #11028@85] Received 0 messages
[B: #10105@85] Found a cheese mine at [37, 33]
[B: #10105@85] Going straight to cheese mine at [37, 33]
[B: #12917@85] Sensed 0 robots
[B: #11406@85] Can sense kingLoc [55, 28] ? false at distSquared 116
[B: #11118@85] Sensed 0 robots
[B: #13095@85] Sensed 0 robots
[B: #12999@85] Sensed 0 robots
[B: #10120@86] Sensed 0 robots
[B: #11096@86] Can sense kingLoc [55, 28] ? false at distSquared 985
[B: #10819@86] Sensed 0 robots
[B: #13990@86] Can sense kingLoc [53, 30] ? false at distSquared 37
[B: #11456@86] Sensed 0 robots
[B: #11061@86] Can sense kingLoc [55, 28] ? false at distSquared 205
[B: #12806@86] Sensed 0 robots
[B: #10072@86] Can sense kingLoc [55, 28] ? false at distSquared 450
[B: #11028@86] Sensed 2 robots
[B: #11028@86] Received 0 messages
[B: #10105@86] Going straight to cheese mine at [37, 33]
[B: #12917@86] Sensed 0 robots
[B: #11406@86] Can sense kingLoc [55, 28] ? false at distSquared 116
[B: #11118@86] Sensed 0 robots
[B: #13095@86] Sensed 0 robots
[B: #12999@86] Sensed 1 robots
[B: #12999@86] Received 0 messages
[B: #10120@87] Sensed 0 robots
[B: #11096@87] Can sense kingLoc [55, 28] ? false at distSquared 901
[B: #10819@87] Sensed 0 robots
[B: #13990@87] Can sense kingLoc [53, 30] ? false at distSquared 26
[B: #11456@87] Sensed 2 robots
[B: #11456@87] Received 0 messages
[B: #11456@87] Received 0 messages
[B: #11061@87] Can sense kingLoc [55, 28] ? false at distSquared 205
[B: #12806@87] Sensed 0 robots
[B: #10072@87] Can sense kingLoc [55, 28] ? false at distSquared 450
[B: #11028@87] Sensed 2 robots
[B: #11028@87] Received 0 messages
[B: #10105@87] Found a cheese mine at [37, 33]
[B: #10105@87] Going straight to cheese mine at [37, 33]
[B: #12917@87] Sensed 0 robots
[B: #11406@87] Can sense kingLoc [55, 28] ? false at distSquared 116
[B: #11118@87] Sensed 0 robots
[B: #13095@87] Sensed 0 robots
[B: #12999@87] Sensed 0 robots
[B: #10120@88] Sensed 0 robots
[B: #11096@88] Can sense kingLoc [55, 28] ? false at distSquared 901
[B: #10819@88] Sensed 0 robots
[B: #13990@88] Can sense kingLoc [53, 30] ? true at distSquared 17
[B: #11456@88] Sensed 0 robots
[B: #11061@88] Can sense kingLoc [55, 28] ? false at distSquared 178
[B: #12806@88] Sensed 0 robots
[B: #10072@88] Can sense kingLoc [55, 28] ? false at distSquared 409
[B: #11028@88] Sensed 1 robots
[B: #10105@88] Going straight to cheese mine at [37, 33]
[B: #12917@88] Sensed 0 robots
[B: #11406@88] Can sense kingLoc [55, 28] ? false at distSquared 97
[B: #11118@88] Sensed 0 robots
[B: #13095@88] Sensed 1 robots
[B: #13095@88] Received 0 messages
[B: #12999@88] Sensed 0 robots
[B: #10120@89] Sensed 0 robots
[B: #11096@89] Can sense kingLoc [55, 28] ? false at distSquared 821
[B: #10819@89] Sensed 0 robots
[B: #13990@89] Going straight to cheese mine at [37, 33]
[B: #11456@89] Sensed 0 robots
[B: #11061@89] Can sense kingLoc [55, 28] ? false at distSquared 153
[B: #12806@89] Sensed 0 robots
[B: #10072@89] Can sense kingLoc [55, 28] ? false at distSquared 370
[B: #11028@89] Sensed 1 robots
[B: #10105@89] Found a cheese mine at [37, 33]
[B: #10105@89] Going straight to cheese mine at [37, 33]
[B: #12917@89] Sensed 0 robots
[B: #11406@89] Can sense kingLoc [55, 28] ? false at distSquared 73
[B: #11118@89] Sensed 0 robots
[B: #13095@89] Sensed 0 robots
[B: #12999@89] Sensed 0 robots
[B: #10120@90] Sensed 1 robots
[B: #10120@90] Received 0 messages
[B: #11096@90] Can sense kingLoc [55, 28] ? false at distSquared 745
[B: #10819@90] Sensed 0 robots
[B: #13990@90] Going straight to cheese mine at [37, 33]
[B: #11456@90] Sensed 0 robots
[B: #11061@90] Can sense kingLoc [55, 28] ? false at distSquared 130
[B: #12806@90] Sensed 0 robots
[B: #10072@90] Can sense kingLoc [55, 28] ? false at distSquared 370
[B: #11028@90] Sensed 1 robots
[B: #10105@90] Going straight to cheese mine at [37, 33]
[B: #12917@90] Sensed 0 robots
[B: #11406@90] Can sense kingLoc [55, 28] ? false at distSquared 73
[B: #11118@90] Sensed 0 robots
[B: #13095@90] Sensed 0 robots
[B: #12999@90] Sensed 1 robots
[B: #12999@90] Received 0 messages
[B: #10120@91] Sensed 1 robots
[B: #10120@91] Received 0 messages
[B: #11096@91] Can sense kingLoc [55, 28] ? false at distSquared 745
[B: #10819@91] Sensed 0 robots
[B: #13990@91] Going straight to cheese mine at [37, 33]
[B: #11456@91] Sensed 1 robots
[B: #11456@91] Received 0 messages
[B: #11061@91] Can sense kingLoc [55, 28] ? false at distSquared 130
[B: #12806@91] Sensed 1 robots
[B: #12806@91] Received 0 messages
[B: #10072@91] Can sense kingLoc [55, 28] ? false at distSquared 333
[B: #11028@91] Sensed 2 robots
[B: #11028@91] Received 0 messages
[B: #10105@91] Found a cheese mine at [37, 33]
[B: #10105@91] Going straight to cheese mine at [37, 33]
[B: #12917@91] Sensed 1 robots
[B: #12917@91] Received 0 messages
[B: #11406@91] Can sense kingLoc [55, 28] ? false at distSquared 73
[B: #11118@91] Sensed 0 robots
[B: #13095@91] Sensed 0 robots
[B: #12999@91] Sensed 0 robots
[B: #10120@92] Sensed 1 robots
[B: #10120@92] Received 0 messages
[B: #11096@92] Can sense kingLoc [55, 28] ? false at distSquared 673
[B: #10819@92] Sensed 0 robots
[B: #13990@92] Going straight to cheese mine at [37, 33]
[B: #11456@92] Sensed 1 robots
[B: #11456@92] Received 0 messages
[B: #11061@92] Can sense kingLoc [55, 28] ? false at distSquared 109
[B: #12806@92] Sensed 2 robots
[B: #12806@92] Received 0 messages
[B: #12806@92] Received 0 messages
[B: #10072@92] Can sense kingLoc [55, 28] ? false at distSquared 298
[B: #11028@92] Sensed 0 robots
[B: #10105@92] Going straight to cheese mine at [37, 33]
[B: #12917@92] Sensed 1 robots
[B: #12917@92] Received 0 messages
[B: #11406@92] Can sense kingLoc [55, 28] ? false at distSquared 73
[B: #11118@92] Sensed 0 robots
[B: #13095@92] Sensed 1 robots
[B: #13095@92] Received 0 messages
[B: #12999@92] Sensed 0 robots
[B: #11545@92] Sensed 1 robots
[B: #10120@93] Sensed 0 robots
[B: #11096@93] Can sense kingLoc [55, 28] ? false at distSquared 605
[B: #10819@93] Sensed 1 robots
[B: #10819@93] Received 0 messages
[B: #13990@93] Going straight to cheese mine at [37, 33]
[B: #11456@93] Sensed 2 robots
[B: #11456@93] Received 0 messages
[B: #11456@93] Received 0 messages
[B: #11061@93] Can sense kingLoc [55, 28] ? false at distSquared 90
[B: #12806@93] Sensed 0 robots
[B: #10072@93] Can sense kingLoc [55, 28] ? false at distSquared 265
[B: #11028@93] Sensed 1 robots
[B: #11028@93] Received 0 messages
[B: #10105@93] Found a cheese mine at [37, 33]
[B: #10105@93] Going straight to cheese mine at [37, 33]
[B: #12917@93] Sensed 1 robots
[B: #12917@93] Received 0 messages
[B: #11406@93] Can sense kingLoc [55, 28] ? false at distSquared 73
[B: #11118@93] Sensed 0 robots
[B: #13095@93] Sensed 1 robots
[B: #13095@93] Received 0 messages
[B: #12999@93] Sensed 0 robots
[B: #11545@93] Sensed 1 robots
[B: #10120@94] Sensed 0 robots
[B: #11096@94] Can sense kingLoc [55, 28] ? false at distSquared 605
[B: #10819@94] Sensed 1 robots
[B: #10819@94] Received 0 messages
[B: #13990@94] Going straight to cheese mine at [37, 33]
[B: #11456@94] Sensed 2 robots
[B: #11456@94] Received 0 messages
[B: #11061@94] Can sense kingLoc [55, 28] ? false at distSquared 90
[B: #12806@94] Sensed 0 robots
[B: #10072@94] Can sense kingLoc [55, 28] ? false at distSquared 265
[B: #11028@94] Sensed 1 robots
[B: #11028@94] Received 0 messages
[B: #10105@94] Going straight to cheese mine at [37, 33]
[B: #12917@94] Sensed 1 robots
[B: #12917@94] Received 0 messages
[B: #11406@94] Can sense kingLoc [55, 28] ? false at distSquared 73
[B: #11118@94] Sensed 0 robots
[B: #13095@94] Sensed 1 robots
[B: #13095@94] Received 0 messages
[B: #12999@94] Sensed 1 robots
[B: #12999@94] Received 0 messages
[B: #11545@94] Sensed 1 robots
[B: #10120@95] Sensed 0 robots
[B: #11096@95] Can sense kingLoc [55, 28] ? false at distSquared 541
[B: #10819@95] Sensed 1 robots
[B: #10819@95] Received 0 messages
[B: #13990@95] Going straight to cheese mine at [37, 33]
[B: #11456@95] Sensed 3 robots
[B: #11456@95] Received 0 messages
[B: #11456@95] Received 0 messages
[B: #11061@95] Can sense kingLoc [55, 28] ? false at distSquared 90
[B: #12806@95] Sensed 0 robots
[B: #10072@95] Can sense kingLoc [55, 28] ? false at distSquared 234
[B: #11028@95] Sensed 1 robots
[B: #11028@95] Received 0 messages
[B: #10105@95] Found a cheese mine at [37, 33]
[B: #10105@95] Going straight to cheese mine at [37, 33]
[B: #12917@95] Sensed 1 robots
[B: #12917@95] Received 0 messages
[B: #11406@95] Can sense kingLoc [55, 28] ? false at distSquared 73
[B: #11118@95] Sensed 0 robots
[B: #13095@95] Sensed 0 robots
[B: #12999@95] Sensed 0 robots
[B: #11545@95] Sensed 0 robots
[B: #10120@96] Sensed 0 robots
[B: #11096@96] Can sense kingLoc [55, 28] ? false at distSquared 541
[B: #10819@96] Sensed 2 robots
[B: #10819@96] Received 0 messages
[B: #10819@96] Received 0 messages
[B: #13990@96] Going straight to cheese mine at [37, 33]
[B: #11456@96] Sensed 3 robots
[B: #11456@96] Received 0 messages
[B: #11456@96] Received 0 messages
[B: #11061@96] Can sense kingLoc [55, 28] ? false at distSquared 90
[B: #12806@96] Sensed 0 robots
[B: #10072@96] Can sense kingLoc [55, 28] ? false at distSquared 205
[B: #11028@96] Sensed 1 robots
[B: #11028@96] Received 0 messages
[B: #10105@96] Going straight to cheese mine at [37, 33]
[B: #12917@96] Sensed 3 robots
[B: #12917@96] Received 0 messages
[B: #12917@96] Received 0 messages
[B: #11406@96] Can sense kingLoc [55, 28] ? false at distSquared 73
[B: #11118@96] Sensed 0 robots
[B: #13095@96] Sensed 0 robots
[B: #12999@96] Sensed 0 robots
[B: #11545@96] Sensed 1 robots
[B: #11545@96] Received 0 messages
[B: #10120@97] Sensed 0 robots
[B: #11096@97] Can sense kingLoc [55, 28] ? false at distSquared 481
[B: #10819@97] Sensed 0 robots
[B: #13990@97] Going straight to cheese mine at [37, 33]
[B: #11456@97] Sensed 2 robots
[B: #11456@97] Received 0 messages
[B: #11456@97] Received 0 messages
[B: #11061@97] Can sense kingLoc [55, 28] ? false at distSquared 90
[B: #12806@97] Sensed 1 robots
[B: #12806@97] Received 0 messages
[B: #10072@97] Can sense kingLoc [55, 28] ? false at distSquared 205
[B: #11028@97] Sensed 0 robots
[B: #10105@97] Found a cheese mine at [37, 33]
[B: #10105@97] Going straight to cheese mine at [37, 33]
[B: #12917@97] Sensed 3 robots
[B: #12917@97] Received 0 messages
[B: #12917@97] Received 0 messages
[B: #11406@97] Can sense kingLoc [55, 28] ? false at distSquared 73
[B: #11118@97] Sensed 0 robots
[B: #13095@97] Sensed 0 robots
[B: #12999@97] Sensed 0 robots
[B: #11545@97] Sensed 2 robots
[B: #11545@97] Received 0 messages
[B: #11545@97] Received 0 messages
[B: #10120@98] Sensed 0 robots
[B: #11096@98] Can sense kingLoc [55, 28] ? false at distSquared 481
[B: #10819@98] Sensed 1 robots
[B: #10819@98] Received 0 messages
[B: #13990@98] Going straight to cheese mine at [37, 33]
[B: #11456@98] Sensed 0 robots
[B: #11061@98] Can sense kingLoc [55, 28] ? false at distSquared 90
[B: #12806@98] Sensed 1 robots
[B: #10072@98] Can sense kingLoc [55, 28] ? false at distSquared 178
[B: #11028@98] Sensed 0 robots
[B: #10105@98] Going straight to cheese mine at [37, 33]
[B: #12917@98] Sensed 3 robots
[B: #12917@98] Received 0 messages
[B: #12917@98] Received 0 messages
[B: #11406@98] Can sense kingLoc [55, 28] ? false at distSquared 73
[B: #11118@98] Sensed 0 robots
[B: #13095@98] Sensed 0 robots
[B: #12999@98] Sensed 0 robots
[B: #11545@98] Sensed 2 robots
[B: #11545@98] Received 0 messages
[B: #11545@98] Received 0 messages
[B: #10120@99] Sensed 0 robots
[B: #11096@99] Can sense kingLoc [55, 28] ? false at distSquared 425
[B: #10819@99] Sensed 1 robots
[B: #10819@99] Received 0 messages
[B: #13990@99] Going straight to cheese mine at [37, 33]
[B: #11456@99] Sensed 0 robots
[B: #11061@99] Can sense kingLoc [55, 28] ? false at distSquared 90
[B: #12806@99] Sensed 1 robots
[B: #10072@99] Can sense kingLoc [55, 28] ? false at distSquared 153
[B: #11028@99] Sensed 1 robots
[B: #11028@99] Received 0 messages
[B: #10105@99] Found a cheese mine at [37, 33]
[B: #10105@99] Going straight to cheese mine at [37, 33]
[B: #12917@99] Sensed 4 robots
[B: #12917@99] Received 0 messages
[B: #12917@99] Received 0 messages
[B: #12917@99] Received 0 messages
[B: #11406@99] Can sense kingLoc [55, 28] ? false at distSquared 73
[B: #11118@99] Sensed 0 robots
[B: #13095@99] Sensed 0 robots
[B: #12999@99] Sensed 0 robots
[B: #11545@99] Sensed 2 robots
[B: #11545@99] Received 0 messages
[B: #11545@99] Received 0 messages
[B: #10120@100] Sensed 0 robots
[B: #11096@100] Can sense kingLoc [55, 28] ? false at distSquared 373
[B: #10819@100] Sensed 2 robots
[B: #10819@100] Received 0 messages
[B: #10819@100] Received 0 messages
[B: #13990@100] Going straight to cheese mine at [37, 33]
[B: #11456@100] Sensed 0 robots
[B: #11061@100] Can sense kingLoc [55, 28] ? false at distSquared 90
[B: #12806@100] Sensed 1 robots
[B: #10072@100] Can sense kingLoc [55, 28] ? false at distSquared 130
[B: #11028@100] Sensed 1 robots
[B: #11028@100] Received 0 messages
[B: #10105@100] Going straight to cheese mine at [37, 33]
[B: #12917@100] Sensed 4 robots
[B: #12917@100] Received 0 messages
[B: #12917@100] Received 0 messages
[B: #12917@100] Received 0 messages
[B: #11406@100] Can sense kingLoc [55, 28] ? false at distSquared 73
[B: #11118@100] Sensed 0 robots
[B: #13095@100] Sensed 0 robots
[B: #12999@100] Sensed 0 robots
[B: #11545@100] Sensed 1 robots
[B: #11545@100] Received 0 messages
[B: #10120@101] Sensed 0 robots
[B: #11096@101] Can sense kingLoc [55, 28] ? false at distSquared 373
[B: #10819@101] Sensed 1 robots
[B: #10819@101] Received 0 messages
[B: #13990@101] Going straight to cheese mine at [37, 33]
[B: #11456@101] Sensed 0 robots
[B: #11061@101] Can sense kingLoc [55, 28] ? false at distSquared 90
[B: #12806@101] Sensed 0 robots
[B: #10072@101] Can sense kingLoc [55, 28] ? false at distSquared 130
[B: #11028@101] Sensed 0 robots
[B: #10105@101] Found a cheese mine at [37, 33]
[B: #10105@101] Going straight to cheese mine at [37, 33]
[B: #12917@101] Sensed 4 robots
[B: #12917@101] Received 0 messages
[B: #12917@101] Received 0 messages
[B: #12917@101] Received 0 messages
[B: #11406@101] Can sense kingLoc [55, 28] ? false at distSquared 73
[B: #11118@101] Sensed 0 robots
[B: #13095@101] Sensed 0 robots
[B: #12999@101] Sensed 0 robots
[B: #11545@101] Sensed 0 robots
[B: #10120@102] Sensed 0 robots
[B: #11096@102] Can sense kingLoc [55, 28] ? false at distSquared 338
[B: #10819@102] Sensed 4 robots
[B: #10819@102] Received 0 messages
[B: #10819@102] Received 0 messages
[B: #10819@102] Received 0 messages
[B: #10819@102] Received 0 messages
[B: #13990@102] Going straight to cheese mine at [37, 33]
[B: #11456@102] Sensed 0 robots
[B: #11061@102] Can sense kingLoc [55, 28] ? false at distSquared 90
[B: #12806@102] Sensed 1 robots
[B: #12806@102] Received 0 messages
[B: #10072@102] Can sense kingLoc [55, 28] ? false at distSquared 109
[B: #11028@102] Sensed 0 robots
[B: #10105@102] Going straight to cheese mine at [37, 33]
[B: #12917@102] Sensed 1 robots
[B: #12917@102] Received 0 messages
[B: #11406@102] Can sense kingLoc [55, 28] ? false at distSquared 73
[B: #11118@102] Sensed 0 robots
[B: #13095@102] Sensed 0 robots
[B: #12999@102] Sensed 0 robots
[B: #11545@102] Sensed 0 robots
[B: #10247@102] Sensed 2 robots
[B: #10247@102] Received 0 messages
[B: #10120@103] Sensed 0 robots
[B: #11096@103] Can sense kingLoc [55, 28] ? false at distSquared 305
[B: #10819@103] Sensed 4 robots
[B: #10819@103] Received 0 messages
[B: #10819@103] Received 0 messages
[B: #10819@103] Received 0 messages
[B: #10819@103] Received 0 messages
[B: #13990@103] Going straight to cheese mine at [37, 33]
[B: #11456@103] Sensed 0 robots
[B: #11061@103] Can sense kingLoc [55, 28] ? false at distSquared 90
[B: #12806@103] Sensed 1 robots
[B: #12806@103] Received 0 messages
[B: #10072@103] Can sense kingLoc [55, 28] ? false at distSquared 109
[B: #11028@103] Sensed 0 robots
[B: #10105@103] Can sense kingLoc [55, 28] ? false at distSquared 373
[B: #12917@103] Sensed 1 robots
[B: #12917@103] Received 0 messages
[B: #11406@103] Can sense kingLoc [55, 28] ? false at distSquared 73
[B: #11118@103] Sensed 0 robots
[B: #13095@103] Sensed 0 robots
[B: #12999@103] Sensed 0 robots
[B: #11545@103] Sensed 0 robots
[B: #10247@103] Sensed 3 robots
[B: #10247@103] Received 0 messages
[B: #10247@103] Received 0 messages
[B: #10120@104] Sensed 0 robots
[B: #11096@104] Can sense kingLoc [55, 28] ? false at distSquared 305
[B: #10819@104] Sensed 4 robots
[B: #10819@104] Received 0 messages
[B: #10819@104] Received 0 messages
[B: #10819@104] Received 0 messages
[B: #10819@104] Received 0 messages
[B: #13990@104] Going straight to cheese mine at [37, 33]
[B: #11456@104] Sensed 0 robots
[B: #11061@104] Can sense kingLoc [55, 28] ? false at distSquared 90
[B: #12806@104] Sensed 1 robots
[B: #12806@104] Received 0 messages
[B: #10072@104] Can sense kingLoc [55, 28] ? false at distSquared 109
[B: #11028@104] Sensed 1 robots
[B: #11028@104] Received 0 messages
[B: #10105@104] Can sense kingLoc [55, 28] ? false at distSquared 373
[B: #12917@104] Sensed 1 robots
[B: #12917@104] Received 0 messages
[B: #11406@104] Can sense kingLoc [55, 28] ? false at distSquared 73
[B: #11118@104] Sensed 0 robots
[B: #13095@104] Sensed 0 robots
[B: #12999@104] Sensed 0 robots
[B: #11545@104] Sensed 0 robots
[B: #10247@104] Sensed 2 robots
[B: #10247@104] Received 0 messages
[B: #10120@105] Sensed 1 robots
[B: #10120@105] Received 0 messages
[B: #11096@105] Can sense kingLoc [55, 28] ? false at distSquared 261
[B: #10819@105] Sensed 3 robots
[B: #10819@105] Received 0 messages
[B: #10819@105] Received 0 messages
[B: #10819@105] Received 0 messages
[B: #13990@105] Going straight to cheese mine at [37, 33]
[B: #11456@105] Sensed 2 robots
[B: #11456@105] Received 0 messages
[B: #11061@105] Can sense kingLoc [55, 28] ? false at distSquared 90
[B: #12806@105] Sensed 1 robots
[B: #12806@105] Received 0 messages
[B: #10072@105] Can sense kingLoc [55, 28] ? false at distSquared 109
[B: #11028@105] Sensed 1 robots
[B: #11028@105] Received 0 messages
[B: #10105@105] Can sense kingLoc [55, 28] ? false at distSquared 338
[B: #12917@105] Sensed 1 robots
[B: #12917@105] Received 0 messages
[B: #11406@105] Can sense kingLoc [55, 28] ? false at distSquared 73
[B: #11118@105] Sensed 0 robots
[B: #13095@105] Sensed 0 robots
[B: #12999@105] Sensed 0 robots
[B: #11545@105] Sensed 0 robots
[B: #10247@105] Sensed 0 robots
[B: #10120@106] Sensed 1 robots
[B: #10120@106] Received 0 messages
[B: #11096@106] Can sense kingLoc [55, 28] ? false at distSquared 261
[B: #10819@106] Sensed 2 robots
[B: #10819@106] Received 0 messages
[B: #10819@106] Received 0 messages
[B: #13990@106] Going straight to cheese mine at [37, 33]
[B: #11456@106] Sensed 1 robots
[B: #11061@106] Can sense kingLoc [55, 28] ? false at distSquared 90
[B: #12806@106] Sensed 0 robots
[B: #10072@106] Can sense kingLoc [55, 28] ? false at distSquared 109
[B: #11028@106] Sensed 2 robots
[B: #11028@106] Received 0 messages
[B: #11028@106] Received 0 messages
[B: #10105@106] Can sense kingLoc [55, 28] ? false at distSquared 305
[B: #12917@106] Sensed 1 robots
[B: #12917@106] Received 0 messages
[B: #11406@106] Can sense kingLoc [55, 28] ? false at distSquared 73
[B: #11118@106] Sensed 1 robots
[B: #13095@106] Sensed 0 robots
[B: #12999@106] Sensed 0 robots
[B: #11545@106] Sensed 0 robots
[B: #10247@106] Sensed 2 robots
[B: #10247@106] Received 0 messages
[B: #10247@106] Received 0 messages
[B: #10120@107] Sensed 1 robots
[B: #10120@107] Received 0 messages
[B: #11096@107] Can sense kingLoc [55, 28] ? false at distSquared 232
[B: #10819@107] Sensed 2 robots
[B: #10819@107] Received 0 messages
[B: #10819@107] Received 0 messages
[B: #13990@107] Going straight to cheese mine at [37, 33]
[B: #11456@107] Sensed 1 robots
[B: #11061@107] Can sense kingLoc [55, 28] ? false at distSquared 90
[B: #12806@107] Sensed 0 robots
[B: #10072@107] Can sense kingLoc [55, 28] ? false at distSquared 109
[B: #11028@107] Sensed 2 robots
[B: #11028@107] Received 0 messages
[B: #11028@107] Received 0 messages
[B: #10105@107] Can sense kingLoc [55, 28] ? false at distSquared 261
[B: #12917@107] Sensed 0 robots
[B: #11406@107] Can sense kingLoc [55, 28] ? false at distSquared 73
[B: #11118@107] Sensed 1 robots
[B: #13095@107] Sensed 0 robots
[B: #12999@107] Sensed 0 robots
[B: #11545@107] Sensed 0 robots
[B: #10247@107] Sensed 2 robots
[B: #10247@107] Received 0 messages
[B: #10247@107] Received 0 messages
[B: #10120@108] Sensed 0 robots
[B: #11096@108] Can sense kingLoc [55, 28] ? false at distSquared 232
[B: #10819@108] Sensed 1 robots
[B: #13990@108] Going straight to cheese mine at [37, 33]
[B: #11456@108] Sensed 1 robots
[B: #11061@108] Can sense kingLoc [55, 28] ? false at distSquared 90
[B: #12806@108] Sensed 0 robots
[B: #10072@108] Can sense kingLoc [55, 28] ? false at distSquared 109
[B: #11028@108] Sensed 1 robots
[B: #11028@108] Received 0 messages
[B: #10105@108] Can sense kingLoc [55, 28] ? false at distSquared 261
[B: #12917@108] Sensed 1 robots
[B: #12917@108] Received 0 messages
[B: #11406@108] Can sense kingLoc [55, 28] ? false at distSquared 73
[B: #11118@108] Sensed 1 robots
[B: #13095@108] Sensed 0 robots
[B: #12999@108] Sensed 0 robots
[B: #11545@108] Sensed 0 robots
[B: #10247@108] Sensed 2 robots
[B: #10247@108] Received 0 messages
[B: #10247@108] Received 0 messages
[B: #10120@109] Sensed 0 robots
[B: #11096@109] Can sense kingLoc [55, 28] ? false at distSquared 232
[B: #10819@109] Sensed 2 robots
[B: #10819@109] Received 0 messages
[B: #13990@109] Going straight to cheese mine at [37, 33]
[B: #11456@109] Sensed 3 robots
[B: #11456@109] Received 0 messages
[B: #11456@109] Received 0 messages
[B: #11061@109] Can sense kingLoc [55, 28] ? false at distSquared 90
[B: #12806@109] Sensed 0 robots
[B: #10072@109] Can sense kingLoc [55, 28] ? false at distSquared 109
[B: #11028@109] Sensed 1 robots
[B: #11028@109] Received 0 messages
[B: #10105@109] Can sense kingLoc [55, 28] ? false at distSquared 232
[B: #12917@109] Sensed 1 robots
[B: #12917@109] Received 0 messages
[B: #11406@109] Can sense kingLoc [55, 28] ? false at distSquared 73
[B: #11118@109] Sensed 1 robots
[B: #13095@109] Sensed 0 robots
[B: #12999@109] Sensed 0 robots
[B: #11545@109] Sensed 0 robots
[B: #10247@109] Sensed 2 robots
[B: #10247@109] Received 0 messages
[B: #10247@109] Received 0 messages
[B: #10120@110] Sensed 0 robots
[B: #11096@110] Can sense kingLoc [55, 28] ? false at distSquared 232
[B: #10819@110] Sensed 2 robots
[B: #10819@110] Received 0 messages
[B: #13990@110] Going straight to cheese mine at [37, 33]
[B: #11456@110] Sensed 1 robots
[B: #11456@110] Received 0 messages
[B: #11061@110] Can sense kingLoc [55, 28] ? false at distSquared 90
[B: #12806@110] Sensed 0 robots
[B: #10072@110] Can sense kingLoc [55, 28] ? false at distSquared 109
[B: #11028@110] Sensed 2 robots
[B: #11028@110] Received 0 messages
[B: #10105@110] Can sense kingLoc [55, 28] ? false at distSquared 194
[B: #12917@110] Sensed 1 robots
[B: #12917@110] Received 0 messages
[B: #11406@110] Can sense kingLoc [55, 28] ? false at distSquared 73
[B: #11118@110] Sensed 3 robots
[B: #11118@110] Received 0 messages
[B: #11118@110] Received 0 messages
[B: #13095@110] Sensed 0 robots
[B: #12999@110] Sensed 0 robots
[B: #11545@110] Sensed 1 robots
[B: #11545@110] Received 0 messages
[B: #10247@110] Sensed 1 robots
[B: #10247@110] Received 0 messages
[B: #10120@111] Sensed 0 robots
[B: #11096@111] Can sense kingLoc [55, 28] ? false at distSquared 194
[B: #10819@111] Sensed 2 robots
[B: #10819@111] Received 0 messages
[B: #13990@111] Going straight to cheese mine at [37, 33]
[B: #11456@111] Sensed 0 robots
[B: #11061@111] Can sense kingLoc [55, 28] ? false at distSquared 90
[B: #12806@111] Sensed 0 robots
[B: #10072@111] Can sense kingLoc [55, 28] ? false at distSquared 109
[B: #11028@111] Sensed 3 robots
[B: #11028@111] Received 0 messages
[B: #11028@111] Received 0 messages
[B: #10105@111] Can sense kingLoc [55, 28] ? false at distSquared 194
[B: #12917@111] Sensed 1 robots
[B: #12917@111] Received 0 messages
[B: #11406@111] Can sense kingLoc [55, 28] ? false at distSquared 73
[B: #11118@111] Sensed 5 robots
[B: #11118@111] Received 0 messages
[B: #11118@111] Received 0 messages
[B: #11118@111] Received 0 messages
[B: #11118@111] Received 0 messages
[B: #13095@111] Sensed 0 robots
[B: #12999@111] Sensed 0 robots
[B: #11545@111] Sensed 4 robots
[B: #11545@111] Received 0 messages
[B: #11545@111] Received 0 messages
[B: #11545@111] Received 0 messages
[B: #11545@111] Received 0 messages
[B: #10247@111] Sensed 0 robots
[B: #10120@112] Sensed 0 robots
[B: #11096@112] Can sense kingLoc [55, 28] ? false at distSquared 194
[B: #10819@112] Sensed 2 robots
[B: #10819@112] Received 0 messages
[B: #10819@112] Received 0 messages
[B: #13990@112] Going straight to cheese mine at [37, 33]
[B: #11456@112] Sensed 0 robots
[B: #11061@112] Can sense kingLoc [55, 28] ? false at distSquared 90
[B: #12806@112] Sensed 1 robots
[B: #12806@112] Received 0 messages
[B: #10072@112] Can sense kingLoc [55, 28] ? false at distSquared 109
[B: #11028@112] Sensed 3 robots
[B: #11028@112] Received 0 messages
[B: #11028@112] Received 0 messages
[B: #10105@112] Can sense kingLoc [55, 28] ? false at distSquared 169
[B: #12917@112] Sensed 0 robots
[B: #11406@112] Can sense kingLoc [55, 28] ? false at distSquared 73
[B: #11118@112] Sensed 1 robots
[B: #11118@112] Received 0 messages
[B: #13095@112] Sensed 0 robots
[B: #12999@112] Sensed 0 robots
[B: #11545@112] Sensed 4 robots
[B: #11545@112] Received 0 messages
[B: #11545@112] Received 0 messages
[B: #11545@112] Received 0 messages
[B: #11545@112] Received 0 messages
[B: #10247@112] Sensed 0 robots
[B: #13054@112] Sensed 1 robots
[B: #10120@113] Sensed 0 robots
[B: #11096@113] Can sense kingLoc [55, 28] ? false at distSquared 194
[B: #10819@113] Sensed 2 robots
[B: #10819@113] Received 0 messages
[B: #10819@113] Received 0 messages
[B: #13990@113] Going straight to cheese mine at [37, 33]
[B: #11456@113] Sensed 0 robots
[B: #11061@113] Can sense kingLoc [55, 28] ? false at distSquared 90
[B: #12806@113] Sensed 1 robots
[B: #12806@113] Received 0 messages
[B: #10072@113] Can sense kingLoc [55, 28] ? false at distSquared 109
[B: #11028@113] Sensed 1 robots
[B: #10105@113] Can sense kingLoc [55, 28] ? false at distSquared 137
[B: #12917@113] Sensed 0 robots
[B: #11406@113] Can sense kingLoc [55, 28] ? false at distSquared 73
[B: #11118@113] Sensed 0 robots
[B: #13095@113] Sensed 0 robots
[B: #12999@113] Sensed 0 robots
[B: #11545@113] Sensed 3 robots
[B: #11545@113] Received 0 messages
[B: #11545@113] Received 0 messages
[B: #10247@113] Sensed 0 robots
[B: #13054@113] Sensed 2 robots
[B: #13054@113] Received 0 messages
[B: #10120@114] Sensed 0 robots
[B: #11096@114] Can sense kingLoc [55, 28] ? false at distSquared 169
[B: #10819@114] Sensed 4 robots
[B: #10819@114] Received 0 messages
[B: #10819@114] Received 0 messages
[B: #10819@114] Received 0 messages
[B: #10819@114] Received 0 messages
[B: #13990@114] Going straight to cheese mine at [37, 33]
[B: #11456@114] Sensed 0 robots
[B: #11061@114] Can sense kingLoc [55, 28] ? false at distSquared 90
[B: #12806@114] Sensed 1 robots
[B: #12806@114] Received 0 messages
[B: #10072@114] Can sense kingLoc [55, 28] ? false at distSquared 109
[B: #11028@114] Sensed 0 robots
[B: #10105@114] Can sense kingLoc [55, 28] ? false at distSquared 116
[B: #12917@114] Sensed 0 robots
[B: #11406@114] Can sense kingLoc [55, 28] ? false at distSquared 73
[B: #11118@114] Sensed 0 robots
[B: #13095@114] Sensed 0 robots
[B: #12999@114] Sensed 0 robots
[B: #11545@114] Sensed 1 robots
[B: #10247@114] Sensed 0 robots
[B: #13054@114] Sensed 3 robots
[B: #13054@114] Received 0 messages
[B: #13054@114] Received 0 messages
[B: #10120@115] Sensed 0 robots
[B: #11096@115] Can sense kingLoc [55, 28] ? false at distSquared 169
[B: #10819@115] Sensed 3 robots
[B: #10819@115] Received 0 messages
[B: #10819@115] Received 0 messages
[B: #13990@115] Going straight to cheese mine at [37, 33]
[B: #11456@115] Sensed 0 robots
[B: #11061@115] Can sense kingLoc [55, 28] ? false at distSquared 90
[B: #12806@115] Sensed 0 robots
[B: #10072@115] Can sense kingLoc [55, 28] ? false at distSquared 109
[B: #11028@115] Sensed 0 robots
[B: #10105@115] Can sense kingLoc [55, 28] ? false at distSquared 116
[B: #12917@115] Sensed 0 robots
[B: #11406@115] Can sense kingLoc [55, 28] ? false at distSquared 73
[B: #11118@115] Sensed 0 robots
[B: #13095@115] Sensed 0 robots
[B: #12999@115] Sensed 0 robots
[B: #11545@115] Sensed 1 robots
[B: #10247@115] Sensed 0 robots
[B: #13054@115] Sensed 1 robots
[B: #13054@115] Received 0 messages
[B: #10120@116] Sensed 0 robots
[B: #11096@116] Can sense kingLoc [55, 28] ? false at distSquared 169
[B: #10819@116] Sensed 1 robots
[B: #10819@116] Received 0 messages
[B: #13990@116] Going straight to cheese mine at [37, 33]
[B: #11456@116] Sensed 0 robots
[B: #11061@116] Can sense kingLoc [55, 28] ? false at distSquared 90
[B: #12806@116] Sensed 0 robots
[B: #10072@116] Can sense kingLoc [55, 28] ? false at distSquared 109
[B: #11028@116] Sensed 1 robots
[B: #11028@116] Received 0 messages
[B: #10105@116] Can sense kingLoc [55, 28] ? false at distSquared 97
[B: #12917@116] Sensed 0 robots
[B: #11406@116] Can sense kingLoc [55, 28] ? false at distSquared 73
[B: #11118@116] Sensed 0 robots
[B: #13095@116] Sensed 2 robots
[B: #13095@116] Received 0 messages
[B: #12999@116] Sensed 0 robots
[B: #11545@116] Sensed 0 robots
[B: #10247@116] Sensed 0 robots
[B: #13054@116] Sensed 1 robots
[B: #13054@116] Received 0 messages
[B: #10120@117] Sensed 0 robots
[B: #11096@117] Can sense kingLoc [55, 28] ? false at distSquared 137
[B: #10819@117] Sensed 1 robots
[B: #10819@117] Received 0 messages
[B: #13990@117] Going straight to cheese mine at [37, 33]
[B: #11456@117] Sensed 0 robots
[B: #11061@117] Can sense kingLoc [55, 28] ? false at distSquared 90
[B: #12806@117] Sensed 0 robots
[B: #10072@117] Can sense kingLoc [55, 28] ? false at distSquared 109
[B: #11028@117] Sensed 1 robots
[B: #11028@117] Received 0 messages
[B: #10105@117] Can sense kingLoc [55, 28] ? false at distSquared 97
[B: #12917@117] Sensed 0 robots
[B: #11406@117] Can sense kingLoc [55, 28] ? false at distSquared 73
[B: #11118@117] Sensed 0 robots
[B: #13095@117] Sensed 2 robots
[B: #13095@117] Received 0 messages
[B: #12999@117] Sensed 0 robots
[B: #11545@117] Sensed 0 robots
[B: #10247@117] Sensed 0 robots
[B: #13054@117] Sensed 1 robots
[B: #13054@117] Received 0 messages
[B: #10120@118] Sensed 0 robots
[B: #11096@118] Can sense kingLoc [55, 28] ? false at distSquared 137
[B: #10819@118] Sensed 0 robots
[B: #13990@118] Going straight to cheese mine at [37, 33]
[B: #11456@118] Sensed 1 robots
[B: #11061@118] Can sense kingLoc [55, 28] ? false at distSquared 90
[B: #12806@118] Sensed 0 robots
[B: #10072@118] Can sense kingLoc [55, 28] ? false at distSquared 109
[B: #11028@118] Sensed 0 robots
[B: #10105@118] Can sense kingLoc [55, 28] ? false at distSquared 97
[B: #12917@118] Sensed 1 robots
[B: #12917@118] Received 0 messages
[B: #11406@118] Can sense kingLoc [55, 28] ? false at distSquared 73
[B: #11118@118] Sensed 1 robots
[B: #11118@118] Received 0 messages
[B: #13095@118] Sensed 1 robots
[B: #12999@118] Sensed 0 robots
[B: #11545@118] Sensed 0 robots
[B: #10247@118] Sensed 0 robots
[B: #13054@118] Sensed 1 robots
[B: #13054@118] Received 0 messages
[B: #10120@119] Sensed 0 robots
[B: #11096@119] Can sense kingLoc [55, 28] ? false at distSquared 137
[B: #10819@119] Sensed 0 robots
[B: #13990@119] Going straight to cheese mine at [37, 33]
[B: #11456@119] Sensed 2 robots
[B: #11456@119] Received 0 messages
[B: #11061@119] Can sense kingLoc [55, 28] ? false at distSquared 90
[B: #12806@119] Sensed 0 robots
[B: #10072@119] Can sense kingLoc [55, 28] ? false at distSquared 109
[B: #11028@119] Sensed 0 robots
[B: #10105@119] Can sense kingLoc [55, 28] ? false at distSquared 97
[B: #12917@119] Sensed 1 robots
[B: #12917@119] Received 0 messages
[B: #11406@119] Can sense kingLoc [55, 28] ? false at distSquared 73
[B: #11118@119] Sensed 2 robots
[B: #11118@119] Received 0 messages
[B: #11118@119] Received 0 messages
[B: #13095@119] Sensed 1 robots
[B: #12999@119] Sensed 0 robots
[B: #11545@119] Sensed 0 robots
[B: #10247@119] Sensed 0 robots
[B: #13054@119] Sensed 1 robots
[B: #13054@119] Received 0 messages
[B: #10120@120] Sensed 0 robots
[B: #11096@120] Can sense kingLoc [55, 28] ? false at distSquared 116
[B: #10819@120] Sensed 0 robots
[B: #13990@120] Going straight to cheese mine at [37, 33]
[B: #11456@120] Sensed 2 robots
[B: #11456@120] Received 0 messages
[B: #11061@120] Can sense kingLoc [55, 28] ? false at distSquared 90
[B: #12806@120] Sensed 0 robots
[B: #10072@120] Can sense kingLoc [55, 28] ? false at distSquared 109
[B: #11028@120] Sensed 1 robots
[B: #11028@120] Received 0 messages
[B: #10105@120] Can sense kingLoc [55, 28] ? false at distSquared 97
[B: #12917@120] Sensed 1 robots
[B: #12917@120] Received 0 messages
[B: #11406@120] Can sense kingLoc [55, 28] ? false at distSquared 73
[B: #11118@120] Sensed 0 robots
[B: #13095@120] Sensed 2 robots
[B: #13095@120] Received 0 messages
[B: #12999@120] Sensed 0 robots
[B: #11545@120] Sensed 0 robots
[B: #10247@120] Sensed 0 robots
[B: #13054@120] Sensed 0 robots
[B: #10120@121] Sensed 0 robots
[B: #11096@121] Can sense kingLoc [55, 28] ? false at distSquared 116
[B: #10819@121] Sensed 0 robots
[B: #13990@121] Going straight to cheese mine at [37, 33]
[B: #11456@121] Sensed 2 robots
[B: #11456@121] Received 0 messages
[B: #11061@121] Can sense kingLoc [55, 28] ? false at distSquared 90
[B: #12806@121] Sensed 0 robots
[B: #10072@121] Can sense kingLoc [55, 28] ? false at distSquared 109
[B: #11028@121] Sensed 1 robots
[B: #11028@121] Received 0 messages
[B: #10105@121] Can sense kingLoc [55, 28] ? false at distSquared 97
[B: #12917@121] Sensed 1 robots
[B: #12917@121] Received 0 messages
[B: #11406@121] Can sense kingLoc [55, 28] ? false at distSquared 73
[B: #11118@121] Sensed 0 robots
[B: #13095@121] Sensed 3 robots
[B: #13095@121] Received 0 messages
[B: #13095@121] Received 0 messages
[B: #12999@121] Sensed 1 robots
[B: #12999@121] Received 0 messages
[B: #11545@121] Sensed 0 robots
[B: #10247@121] Sensed 0 robots
[B: #13054@121] Sensed 0 robots
[B: #10120@122] Sensed 0 robots
[B: #11096@122] Can sense kingLoc [55, 28] ? false at distSquared 116
[B: #10819@122] Sensed 0 robots
[B: #13990@122] Going straight to cheese mine at [37, 33]
[B: #11456@122] Sensed 1 robots
[B: #11456@122] Received 0 messages
[B: #11061@122] Can sense kingLoc [55, 28] ? false at distSquared 90
[B: #12806@122] Sensed 0 robots
[B: #10072@122] Can sense kingLoc [55, 28] ? false at distSquared 109
[B: #11028@122] Sensed 1 robots
[B: #11028@122] Received 0 messages
[B: #10105@122] Can sense kingLoc [55, 28] ? false at distSquared 97
[B: #12917@122] Sensed 1 robots
[B: #12917@122] Received 0 messages
[B: #11406@122] Can sense kingLoc [55, 28] ? false at distSquared 73
[B: #11118@122] Sensed 0 robots
[B: #13095@122] Sensed 2 robots
[B: #13095@122] Received 0 messages
[B: #13095@122] Received 0 messages
[B: #12999@122] Sensed 1 robots
[B: #12999@122] Received 0 messages
[B: #11545@122] Sensed 0 robots
[B: #10247@122] Sensed 0 robots
[B: #13054@122] Sensed 0 robots
[B: #10672@122] Sensed 1 robots
[B: #10120@123] Sensed 0 robots
[B: #11096@123] Can sense kingLoc [55, 28] ? false at distSquared 97
[B: #10819@123] Sensed 0 robots
[B: #13990@123] Going straight to cheese mine at [37, 33]
[B: #11456@123] Sensed 0 robots
[B: #11061@123] Can sense kingLoc [55, 28] ? false at distSquared 90
[B: #12806@123] Sensed 0 robots
[B: #10072@123] Can sense kingLoc [55, 28] ? false at distSquared 109
[B: #11028@123] Sensed 0 robots
[B: #10105@123] Can sense kingLoc [55, 28] ? false at distSquared 97
[B: #12917@123] Sensed 0 robots
[B: #11406@123] Can sense kingLoc [55, 28] ? false at distSquared 73
[B: #11118@123] Sensed 0 robots
[B: #13095@123] Sensed 1 robots
[B: #13095@123] Received 0 messages
[B: #12999@123] Sensed 0 robots
[B: #11545@123] Sensed 0 robots
[B: #10247@123] Sensed 0 robots
[B: #13054@123] Sensed 0 robots
[B: #10672@123] Sensed 1 robots
[B: #10120@124] Sensed 0 robots
[B: #11096@124] Can sense kingLoc [55, 28] ? false at distSquared 73
[B: #10819@124] Sensed 0 robots
[B: #13990@124] Going straight to cheese mine at [37, 33]
[B: #11456@124] Sensed 0 robots
[B: #11061@124] Can sense kingLoc [55, 28] ? false at distSquared 90
[B: #12806@124] Sensed 0 robots
[B: #10072@124] Can sense kingLoc [55, 28] ? false at distSquared 109
[B: #11028@124] Sensed 0 robots
[B: #10105@124] Can sense kingLoc [55, 28] ? false at distSquared 97
[B: #12917@124] Sensed 0 robots
[B: #11406@124] Can sense kingLoc [55, 28] ? false at distSquared 73
[B: #11118@124] Sensed 0 robots
[B: #13095@124] Sensed 1 robots
[B: #13095@124] Received 0 messages
[B: #12999@124] Sensed 0 robots
[B: #11545@124] Sensed 0 robots
[B: #10247@124] Sensed 0 robots
[B: #13054@124] Sensed 0 robots
[B: #10672@124] Sensed 1 robots
[B: #10120@125] Sensed 0 robots
[B: #11096@125] Can sense kingLoc [55, 28] ? false at distSquared 58
[B: #10819@125] Sensed 0 robots
[B: #13990@125] Going straight to cheese mine at [37, 33]
[B: #11456@125] Sensed 0 robots
[B: #11061@125] Can sense kingLoc [55, 28] ? false at distSquared 90
[B: #12806@125] Sensed 0 robots
[B: #10072@125] Can sense kingLoc [55, 28] ? false at distSquared 109
[B: #11028@125] Sensed 0 robots
[B: #10105@125] Can sense kingLoc [55, 28] ? false at distSquared 97
[B: #12917@125] Sensed 0 robots
[B: #11406@125] Can sense kingLoc [55, 28] ? false at distSquared 73
[B: #11118@125] Sensed 0 robots
[B: #13095@125] Sensed 1 robots
[B: #13095@125] Received 0 messages
[B: #12999@125] Sensed 1 robots
[B: #12999@125] Received 0 messages
[B: #11545@125] Sensed 0 robots
[B: #10247@125] Sensed 0 robots
[B: #13054@125] Sensed 0 robots
[B: #10672@125] Sensed 1 robots
[B: #10672@125] Received 0 messages
[B: #10120@126] Sensed 0 robots
[B: #11096@126] Can sense kingLoc [55, 28] ? false at distSquared 40
[B: #10819@126] Sensed 0 robots
[B: #13990@126] Going straight to cheese mine at [37, 33]
[B: #11456@126] Sensed 0 robots
[B: #11061@126] Can sense kingLoc [55, 28] ? false at distSquared 90
[B: #12806@126] Sensed 0 robots
[B: #10072@126] Can sense kingLoc [55, 28] ? false at distSquared 109
[B: #11028@126] Sensed 0 robots
[B: #10105@126] Can sense kingLoc [55, 28] ? false at distSquared 97
[B: #12917@126] Sensed 1 robots
[B: #12917@126] Received 0 messages
[B: #11406@126] Can sense kingLoc [55, 28] ? false at distSquared 73
[B: #11118@126] Sensed 1 robots
[B: #11118@126] Received 0 messages
[B: #13095@126] Sensed 1 robots
[B: #13095@126] Received 0 messages
[B: #12999@126] Sensed 2 robots
[B: #12999@126] Received 0 messages
[B: #11545@126] Sensed 0 robots
[B: #10247@126] Sensed 0 robots
[B: #13054@126] Sensed 0 robots
[B: #10672@126] Sensed 1 robots
[B: #10672@126] Received 0 messages
[B: #10120@127] Sensed 0 robots
[B: #11096@127] Can sense kingLoc [55, 28] ? false at distSquared 29
[B: #10819@127] Sensed 0 robots
[B: #13990@127] Going straight to cheese mine at [37, 33]
[B: #11456@127] Sensed 0 robots
[B: #11061@127] Can sense kingLoc [55, 28] ? false at distSquared 90
[B: #12806@127] Sensed 0 robots
[B: #10072@127] Can sense kingLoc [55, 28] ? false at distSquared 109
[B: #11028@127] Sensed 0 robots
[B: #10105@127] Can sense kingLoc [55, 28] ? false at distSquared 97
[B: #12917@127] Sensed 1 robots
[B: #12917@127] Received 0 messages
[B: #11406@127] Can sense kingLoc [55, 28] ? false at distSquared 73
[B: #11118@127] Sensed 2 robots
[B: #11118@127] Received 0 messages
[B: #11118@127] Received 0 messages
[B: #13095@127] Sensed 1 robots
[B: #13095@127] Received 0 messages
[B: #12999@127] Sensed 2 robots
[B: #12999@127] Received 0 messages
[B: #11545@127] Sensed 0 robots
[B: #10247@127] Sensed 0 robots
[B: #13054@127] Sensed 0 robots
[B: #10672@127] Sensed 1 robots
[B: #10672@127] Received 0 messages
[B: #10120@128] Sensed 0 robots
[B: #11096@128] Can sense kingLoc [55, 28] ? true at distSquared 20
[B: #10819@128] Sensed 0 robots
[B: #13990@128] Going straight to cheese mine at [37, 33]
[B: #11456@128] Sensed 0 robots
[B: #11061@128] Can sense kingLoc [55, 28] ? false at distSquared 90
[B: #12806@128] Sensed 0 robots
[B: #10072@128] Can sense kingLoc [55, 28] ? false at distSquared 109
[B: #11028@128] Sensed 0 robots
[B: #10105@128] Can sense kingLoc [55, 28] ? false at distSquared 97
[B: #12917@128] Sensed 1 robots
[B: #12917@128] Received 0 messages
[B: #11406@128] Can sense kingLoc [55, 28] ? false at distSquared 73
[B: #11118@128] Sensed 0 robots
[B: #13095@128] Sensed 1 robots
[B: #13095@128] Received 0 messages
[B: #12999@128] Sensed 2 robots
[B: #12999@128] Received 0 messages
[B: #11545@128] Sensed 0 robots
[B: #10247@128] Sensed 0 robots
[B: #13054@128] Sensed 0 robots
[B: #10672@128] Sensed 1 robots
[B: #10672@128] Received 0 messages
[B: #10120@129] Sensed 0 robots
[B: #10819@129] Sensed 0 robots
[B: #13990@129] Going straight to cheese mine at [37, 33]
[B: #11456@129] Sensed 0 robots
[B: #11061@129] Can sense kingLoc [55, 28] ? false at distSquared 90
[B: #12806@129] Sensed 0 robots
[B: #10072@129] Can sense kingLoc [55, 28] ? false at distSquared 109
[B: #11028@129] Sensed 0 robots
[B: #10105@129] Can sense kingLoc [55, 28] ? false at distSquared 97
[B: #12917@129] Sensed 1 robots
[B: #12917@129] Received 0 messages
[B: #11406@129] Can sense kingLoc [55, 28] ? false at distSquared 73
[B: #11118@129] Sensed 0 robots
[B: #13095@129] Sensed 1 robots
[B: #13095@129] Received 0 messages
[B: #12999@129] Sensed 1 robots
[B: #11545@129] Sensed 0 robots
[B: #10247@129] Sensed 0 robots
[B: #13054@129] Sensed 0 robots
[B: #10672@129] Sensed 1 robots
[B: #10672@129] Received 0 messages
[B: #10120@130] Sensed 0 robots
[B: #10819@130] Sensed 0 robots
[B: #13990@130] Going straight to cheese mine at [37, 33]
[B: #11456@130] Sensed 1 robots
[B: #11456@130] Received 0 messages
[B: #11061@130] Can sense kingLoc [55, 28] ? false at distSquared 90
[B: #12806@130] Sensed 0 robots
[B: #10072@130] Can sense kingLoc [55, 28] ? false at distSquared 109
[B: #11028@130] Sensed 0 robots
[B: #10105@130] Can sense kingLoc [55, 28] ? false at distSquared 97
[B: #12917@130] Sensed 0 robots
[B: #11406@130] Can sense kingLoc [55, 28] ? false at distSquared 73
[B: #11118@130] Sensed 2 robots
[B: #11118@130] Received 0 messages
[B: #11118@130] Received 0 messages
[B: #13095@130] Sensed 1 robots
[B: #13095@130] Received 0 messages
[B: #12999@130] Sensed 1 robots
[B: #11545@130] Sensed 1 robots
[B: #11545@130] Received 0 messages
[B: #10247@130] Sensed 0 robots
[B: #13054@130] Sensed 0 robots
[B: #10672@130] Sensed 0 robots
[B: #10120@131] Sensed 0 robots
[B: #10819@131] Sensed 0 robots
[B: #13990@131] Going straight to cheese mine at [37, 33]
[B: #11456@131] Sensed 0 robots
[B: #11061@131] Can sense kingLoc [55, 28] ? false at distSquared 90
[B: #12806@131] Sensed 1 robots
[B: #10072@131] Can sense kingLoc [55, 28] ? false at distSquared 109
[B: #11028@131] Sensed 0 robots
[B: #10105@131] Can sense kingLoc [55, 28] ? false at distSquared 97
[B: #12917@131] Sensed 2 robots
[B: #12917@131] Received 0 messages
[B: #12917@131] Received 0 messages
[B: #11406@131] Can sense kingLoc [55, 28] ? false at distSquared 73
[B: #11118@131] Sensed 2 robots
[B: #11118@131] Received 0 messages
[B: #11118@131] Received 0 messages
[B: #13095@131] Sensed 0 robots
[B: #12999@131] Sensed 1 robots
[B: #11545@131] Sensed 1 robots
[B: #11545@131] Received 0 messages
[B: #10247@131] Sensed 1 robots
[B: #10247@131] Received 0 messages
[B: #13054@131] Sensed 0 robots
[B: #10672@131] Sensed 0 robots
[B: #10120@132] Sensed 0 robots
[B: #10819@132] Sensed 0 robots
[B: #13990@132] Going straight to cheese mine at [37, 33]
[B: #11456@132] Sensed 0 robots
[B: #11061@132] Can sense kingLoc [55, 28] ? false at distSquared 90
[B: #12806@132] Sensed 1 robots
[B: #10072@132] Can sense kingLoc [55, 28] ? false at distSquared 109
[B: #11028@132] Sensed 0 robots
[B: #10105@132] Can sense kingLoc [55, 28] ? false at distSquared 97
[B: #12917@132] Sensed 2 robots
[B: #12917@132] Received 0 messages
[B: #12917@132] Received 0 messages
[B: #11406@132] Can sense kingLoc [55, 28] ? false at distSquared 73
[B: #11118@132] Sensed 2 robots
[B: #11118@132] Received 0 messages
[B: #11118@132] Received 0 messages
[B: #13095@132] Sensed 0 robots
[B: #12999@132] Sensed 0 robots
[B: #11545@132] Sensed 1 robots
[B: #11545@132] Received 0 messages
[B: #10247@132] Sensed 1 robots
[B: #10247@132] Received 0 messages
[B: #13054@132] Sensed 0 robots
[B: #10672@132] Sensed 0 robots
[B: #12877@132] Sensed 1 robots
[B: #10120@133] Sensed 0 robots
[B: #10819@133] Sensed 0 robots
[B: #13990@133] Going straight to cheese mine at [37, 33]
[B: #11456@133] Sensed 0 robots
[B: #11061@133] Can sense kingLoc [55, 28] ? false at distSquared 90
[B: #12806@133] Sensed 0 robots
[B: #10072@133] Can sense kingLoc [55, 28] ? false at distSquared 109
[B: #11028@133] Sensed 0 robots
[B: #10105@133] Can sense kingLoc [55, 28] ? false at distSquared 97
[B: #12917@133] Sensed 1 robots
[B: #12917@133] Received 0 messages
[B: #11406@133] Can sense kingLoc [55, 28] ? false at distSquared 73
[B: #11118@133] Sensed 0 robots
[B: #13095@133] Sensed 1 robots
[B: #13095@133] Received 0 messages
[B: #12999@133] Sensed 2 robots
[B: #12999@133] Received 0 messages
[B: #12999@133] Received 0 messages
[B: #11545@133] Sensed 1 robots
[B: #11545@133] Received 0 messages
[B: #10247@133] Sensed 1 robots
[B: #10247@133] Received 0 messages
[B: #13054@133] Sensed 0 robots
[B: #10672@133] Sensed 0 robots
[B: #12877@133] Sensed 1 robots
[B: #10120@134] Sensed 0 robots
[B: #10819@134] Sensed 0 robots
[B: #13990@134] Going straight to cheese mine at [37, 33]
[B: #11456@134] Sensed 0 robots
[B: #11061@134] Can sense kingLoc [55, 28] ? false at distSquared 90
[B: #12806@134] Sensed 0 robots
[B: #10072@134] Can sense kingLoc [55, 28] ? false at distSquared 109
[B: #11028@134] Sensed 0 robots
[B: #10105@134] Can sense kingLoc [55, 28] ? false at distSquared 97
[B: #12917@134] Sensed 0 robots
[B: #11406@134] Can sense kingLoc [55, 28] ? false at distSquared 73
[B: #11118@134] Sensed 0 robots
[B: #13095@134] Sensed 2 robots
[B: #13095@134] Received 0 messages
[B: #13095@134] Received 0 messages
[B: #12999@134] Sensed 1 robots
[B: #12999@134] Received 0 messages
[B: #11545@134] Sensed 0 robots
[B: #10247@134] Sensed 0 robots
[B: #13054@134] Sensed 0 robots
[B: #10672@134] Sensed 0 robots
[B: #12877@134] Sensed 1 robots
[B: #10120@135] Sensed 0 robots
[B: #10819@135] Sensed 0 robots
[B: #13990@135] Going straight to cheese mine at [37, 33]
[B: #11456@135] Sensed 0 robots
[B: #11061@135] Can sense kingLoc [55, 28] ? false at distSquared 90
[B: #12806@135] Sensed 0 robots
[B: #10072@135] Can sense kingLoc [55, 28] ? false at distSquared 109
[B: #11028@135] Sensed 0 robots
[B: #10105@135] Can sense kingLoc [55, 28] ? false at distSquared 97
[B: #12917@135] Sensed 0 robots
[B: #11406@135] Can sense kingLoc [55, 28] ? false at distSquared 73
[B: #11118@135] Sensed 0 robots
[B: #13095@135] Sensed 2 robots
[B: #13095@135] Received 0 messages
[B: #12999@135] Sensed 1 robots
[B: #12999@135] Received 0 messages
[B: #11545@135] Sensed 0 robots
[B: #10247@135] Sensed 0 robots
[B: #13054@135] Sensed 0 robots
[B: #12962@135] Found a cheese mine at [37, 33]
[B: #12962@135] Going straight to cheese mine at [37, 33]
[B: #10672@135] Sensed 0 robots
[B: #12877@135] Sensed 0 robots
[B: #10120@136] Sensed 1 robots
[B: #10120@136] Received 0 messages
[B: #10819@136] Sensed 0 robots
[B: #13990@136] Going straight to cheese mine at [37, 33]
[B: #11456@136] Sensed 0 robots
[B: #11061@136] Can sense kingLoc [55, 28] ? false at distSquared 90
[B: #12806@136] Sensed 0 robots
[B: #10072@136] Can sense kingLoc [55, 28] ? false at distSquared 109
[B: #11028@136] Sensed 0 robots
[B: #10105@136] Can sense kingLoc [55, 28] ? false at distSquared 97
[B: #12917@136] Sensed 0 robots
[B: #11406@136] Can sense kingLoc [55, 28] ? false at distSquared 73
[B: #11118@136] Sensed 0 robots
[B: #13095@136] Sensed 1 robots
[B: #12999@136] Sensed 1 robots
[B: #12999@136] Received 0 messages
[B: #11545@136] Sensed 0 robots
[B: #10247@136] Sensed 0 robots
[B: #13054@136] Sensed 0 robots
[B: #12962@136] Going straight to cheese mine at [37, 33]
[B: #10672@136] Sensed 0 robots
[B: #12877@136] Sensed 1 robots
[B: #12877@136] Received 0 messages
[B: #10120@137] Sensed 1 robots
[B: #10120@137] Received 0 messages
[B: #10819@137] Sensed 0 robots
[B: #13990@137] Going straight to cheese mine at [37, 33]
[B: #11456@137] Sensed 0 robots
[B: #11061@137] Can sense kingLoc [55, 28] ? false at distSquared 90
[B: #12806@137] Sensed 0 robots
[B: #10072@137] Can sense kingLoc [55, 28] ? false at distSquared 109
[B: #11028@137] Sensed 0 robots
[B: #10105@137] Can sense kingLoc [55, 28] ? false at distSquared 97
[B: #12917@137] Sensed 0 robots
[B: #11406@137] Can sense kingLoc [55, 28] ? false at distSquared 73
[B: #11118@137] Sensed 3 robots
[B: #11118@137] Received 0 messages
[B: #11118@137] Received 0 messages
[B: #11118@137] Received 0 messages
[B: #13095@137] Sensed 1 robots
[B: #12999@137] Sensed 0 robots
[B: #11545@137] Sensed 0 robots
[B: #10247@137] Sensed 0 robots
[B: #13054@137] Sensed 0 robots
[B: #12962@137] Going straight to cheese mine at [37, 33]
[B: #10672@137] Sensed 0 robots
[B: #12877@137] Sensed 1 robots
[B: #12877@137] Received 0 messages
[B: #10120@138] Sensed 1 robots
[B: #10120@138] Received 0 messages
[B: #10819@138] Sensed 2 robots
[B: #10819@138] Received 0 messages
[B: #13990@138] Going straight to cheese mine at [37, 33]
[B: #11456@138] Sensed 0 robots
[B: #11061@138] Can sense kingLoc [55, 28] ? false at distSquared 90
[B: #12806@138] Sensed 0 robots
[B: #10072@138] Can sense kingLoc [55, 28] ? false at distSquared 109
[B: #11028@138] Sensed 1 robots
[B: #11028@138] Received 0 messages
[B: #10105@138] Can sense kingLoc [55, 28] ? false at distSquared 97
[B: #12917@138] Sensed 0 robots
[B: #11406@138] Can sense kingLoc [55, 28] ? false at distSquared 73
[B: #11118@138] Sensed 1 robots
[B: #13095@138] Sensed 2 robots
[B: #13095@138] Received 0 messages
[B: #13095@138] Received 0 messages
[B: #12999@138] Sensed 0 robots
[B: #11545@138] Sensed 0 robots
[B: #10247@138] Sensed 1 robots
[B: #10247@138] Received 0 messages
[B: #12967@138] Found a cheese mine at [37, 33]
[B: #12967@138] Going straight to cheese mine at [37, 33]
[B: #13054@138] Sensed 0 robots
[B: #12962@138] Can sense kingLoc [55, 28] ? false at distSquared 409
[B: #10672@138] Sensed 1 robots
[B: #10672@138] Received 0 messages
[B: #12877@138] Sensed 1 robots
[B: #12877@138] Received 0 messages
[B: #10120@139] Sensed 2 robots
[B: #10120@139] Received 0 messages
[B: #10120@139] Received 0 messages
[B: #10819@139] Sensed 3 robots
[B: #10819@139] Received 0 messages
[B: #10819@139] Received 0 messages
[B: #13990@139] Going straight to cheese mine at [37, 33]
[B: #11456@139] Sensed 0 robots
[B: #11061@139] Can sense kingLoc [55, 28] ? false at distSquared 90
[B: #12806@139] Sensed 0 robots
[B: #10072@139] Can sense kingLoc [55, 28] ? false at distSquared 109
[B: #11028@139] Sensed 1 robots
[B: #11028@139] Received 0 messages
[B: #10105@139] Can sense kingLoc [55, 28] ? false at distSquared 97
[B: #12917@139] Sensed 0 robots
[B: #11406@139] Can sense kingLoc [55, 28] ? false at distSquared 73
[B: #11118@139] Sensed 1 robots
[B: #13095@139] Sensed 2 robots
[B: #13095@139] Received 0 messages
[B: #13095@139] Received 0 messages
[B: #12999@139] Sensed 0 robots
[B: #11545@139] Sensed 0 robots
[B: #10247@139] Sensed 2 robots
[B: #10247@139] Received 0 messages
[B: #10247@139] Received 0 messages
[B: #12967@139] Found a cheese mine at [37, 33]
[B: #12967@139] Going straight to cheese mine at [37, 33]
[B: #13054@139] Sensed 0 robots
[B: #12962@139] Can sense kingLoc [55, 28] ? false at distSquared 370
[B: #10672@139] Sensed 0 robots
[B: #12877@139] Sensed 2 robots
[B: #12877@139] Received 0 messages
[B: #12877@139] Received 0 messages
[B: #10120@140] Sensed 1 robots
[B: #10120@140] Received 0 messages
[B: #10819@140] Sensed 2 robots
[B: #10819@140] Received 0 messages
[B: #13990@140] Going straight to cheese mine at [37, 33]
[B: #11456@140] Sensed 0 robots
[B: #11061@140] Can sense kingLoc [55, 28] ? false at distSquared 90
[B: #12806@140] Sensed 1 robots
[B: #12806@140] Received 0 messages
[B: #10072@140] Can sense kingLoc [55, 28] ? false at distSquared 109
[B: #11028@140] Sensed 1 robots
[B: #11028@140] Received 0 messages
[B: #10105@140] Can sense kingLoc [55, 28] ? false at distSquared 97
[B: #12917@140] Sensed 1 robots
[B: #12917@140] Received 0 messages
[B: #11406@140] Can sense kingLoc [55, 28] ? false at distSquared 73
[B: #11118@140] Sensed 1 robots
[B: #13095@140] Sensed 0 robots
[B: #12999@140] Sensed 0 robots
[B: #11545@140] Sensed 0 robots
[B: #10247@140] Sensed 2 robots
[B: #10247@140] Received 0 messages
[B: #10247@140] Received 0 messages
[B: #12967@140] Found a cheese mine at [37, 33]
[B: #12967@140] Going straight to cheese mine at [37, 33]
[B: #13054@140] Sensed 0 robots
[B: #12962@140] Can sense kingLoc [55, 28] ? false at distSquared 333
[B: #10672@140] Sensed 0 robots
[B: #12877@140] Sensed 1 robots
[B: #12877@140] Received 0 messages
[B: #10120@141] Sensed 2 robots
[B: #10120@141] Received 0 messages
[B: #10120@141] Received 0 messages
[B: #10819@141] Sensed 2 robots
[B: #10819@141] Received 0 messages
[B: #13990@141] Going straight to cheese mine at [37, 33]
[B: #11456@141] Sensed 0 robots
[B: #11061@141] Can sense kingLoc [55, 28] ? false at distSquared 90
[B: #12806@141] Sensed 1 robots
[B: #12806@141] Received 0 messages
[B: #10072@141] Can sense kingLoc [55, 28] ? false at distSquared 109
[B: #11028@141] Sensed 1 robots
[B: #11028@141] Received 0 messages
[B: #10105@141] Can sense kingLoc [55, 28] ? false at distSquared 97
[B: #12917@141] Sensed 1 robots
[B: #12917@141] Received 0 messages
[B: #11406@141] Can sense kingLoc [55, 28] ? false at distSquared 73
[B: #11118@141] Sensed 1 robots
[B: #11118@141] Received 0 messages
[B: #13095@141] Sensed 0 robots
[B: #12999@141] Sensed 0 robots
[B: #11545@141] Sensed 0 robots
[B: #10247@141] Sensed 3 robots
[B: #10247@141] Received 0 messages
[B: #10247@141] Received 0 messages
[B: #10247@141] Received 0 messages
[B: #12967@141] Found a cheese mine at [37, 33]
[B: #12967@141] Going straight to cheese mine at [37, 33]
[B: #13054@141] Sensed 0 robots
[B: #12962@141] Can sense kingLoc [55, 28] ? false at distSquared 333
[B: #10672@141] Sensed 0 robots
[B: #12877@141] Sensed 1 robots
[B: #12877@141] Received 0 messages
[B: #10120@142] Sensed 2 robots
[B: #10120@142] Received 0 messages
[B: #10120@142] Received 0 messages
[B: #10819@142] Sensed 2 robots
[B: #10819@142] Received 0 messages
[B: #13990@142] Going straight to cheese mine at [37, 33]
[B: #11456@142] Sensed 0 robots
[B: #11061@142] Can sense kingLoc [55, 28] ? false at distSquared 90
[B: #12806@142] Sensed 0 robots
[B: #10072@142] Can sense kingLoc [55, 28] ? false at distSquared 109
[B: #11028@142] Sensed 2 robots
[B: #11028@142] Received 0 messages
[B: #10105@142] Can sense kingLoc [55, 28] ? false at distSquared 97
[B: #12917@142] Sensed 0 robots
[B: #11406@142] Can sense kingLoc [55, 28] ? false at distSquared 73
[B: #11118@142] Sensed 1 robots
[B: #11118@142] Received 0 messages
[B: #13095@142] Sensed 0 robots
[B: #12999@142] Sensed 0 robots
[B: #11545@142] Sensed 0 robots
[B: #10247@142] Sensed 2 robots
[B: #10247@142] Received 0 messages
[B: #10247@142] Received 0 messages
[B: #12967@142] Found a cheese mine at [37, 33]
[B: #12967@142] Going straight to cheese mine at [37, 33]
[B: #13054@142] Sensed 0 robots
[B: #12962@142] Can sense kingLoc [55, 28] ? false at distSquared 298
[B: #10672@142] Sensed 0 robots
[B: #12877@142] Sensed 1 robots
[B: #12877@142] Received 0 messages
[B: #11533@142] Sensed 1 robots
[B: #10120@143] Sensed 0 robots
[B: #10819@143] Sensed 1 robots
[B: #10819@143] Received 0 messages
[B: #13990@143] Going straight to cheese mine at [37, 33]
[B: #11456@143] Sensed 0 robots
[B: #11061@143] Can sense kingLoc [55, 28] ? false at distSquared 90
[B: #12806@143] Sensed 1 robots
[B: #12806@143] Received 0 messages
[B: #10072@143] Can sense kingLoc [55, 28] ? false at distSquared 109
[B: #11028@143] Sensed 1 robots
[B: #10105@143] Can sense kingLoc [55, 28] ? false at distSquared 97
[B: #12917@143] Sensed 0 robots
[B: #11406@143] Can sense kingLoc [55, 28] ? false at distSquared 73
[B: #11118@143] Sensed 0 robots
[B: #13095@143] Sensed 1 robots
[B: #13095@143] Received 0 messages
[B: #12999@143] Sensed 0 robots
[B: #11545@143] Sensed 0 robots
[B: #10247@143] Sensed 1 robots
[B: #10247@143] Received 0 messages
[B: #12967@143] Found a cheese mine at [37, 33]
[B: #12967@143] Going straight to cheese mine at [37, 33]
[B: #13054@143] Sensed 0 robots
[B: #12962@143] Can sense kingLoc [55, 28] ? false at distSquared 265
[B: #10672@143] Sensed 0 robots
[B: #12877@143] Sensed 0 robots
[B: #11533@143] Sensed 2 robots
[B: #11533@143] Received 0 messages
[B: #10120@144] Sensed 0 robots
[B: #11096@144] Can sense kingLoc [55, 28] ? false at distSquared 234
[B: #10819@144] Sensed 0 robots
[B: #13990@144] Going straight to cheese mine at [37, 33]
[B: #11456@144] Sensed 1 robots
[B: #11456@144] Received 0 messages
[B: #11061@144] Can sense kingLoc [55, 28] ? false at distSquared 90
[B: #12806@144] Sensed 0 robots
[B: #10072@144] Can sense kingLoc [55, 28] ? false at distSquared 109
[B: #11028@144] Sensed 1 robots
[B: #10105@144] Can sense kingLoc [55, 28] ? false at distSquared 97
[B: #12917@144] Sensed 0 robots
[B: #11406@144] Can sense kingLoc [55, 28] ? false at distSquared 73
[B: #11118@144] Sensed 0 robots
[B: #13095@144] Sensed 1 robots
[B: #13095@144] Received 0 messages
[B: #12999@144] Sensed 0 robots
[B: #11545@144] Sensed 0 robots
[B: #10247@144] Sensed 1 robots
[B: #10247@144] Received 0 messages
[B: #12967@144] Going straight to cheese mine at [37, 33]
[B: #13054@144] Sensed 0 robots
[B: #12962@144] Can sense kingLoc [55, 28] ? false at distSquared 265
[B: #10672@144] Sensed 0 robots
[B: #12877@144] Sensed 1 robots
[B: #12877@144] Received 0 messages
[B: #11533@144] Sensed 2 robots
[B: #11533@144] Received 0 messages
[B: #10120@145] Sensed 0 robots
[B: #11096@145] Can sense kingLoc [55, 28] ? false at distSquared 205
[B: #10819@145] Sensed 0 robots
[B: #13990@145] Going straight to cheese mine at [37, 33]
[B: #11456@145] Sensed 1 robots
[B: #11456@145] Received 0 messages
[B: #11061@145] Can sense kingLoc [55, 28] ? false at distSquared 90
[B: #12806@145] Sensed 0 robots
[B: #10072@145] Can sense kingLoc [55, 28] ? false at distSquared 109
[B: #11028@145] Sensed 0 robots
[B: #10105@145] Can sense kingLoc [55, 28] ? false at distSquared 97
[B: #12917@145] Sensed 0 robots
[B: #11406@145] Can sense kingLoc [55, 28] ? false at distSquared 73
[B: #11118@145] Sensed 0 robots
[B: #13095@145] Sensed 1 robots
[B: #13095@145] Received 0 messages
[B: #12999@145] Sensed 0 robots
[B: #11545@145] Sensed 1 robots
[B: #10247@145] Sensed 1 robots
[B: #10247@145] Received 0 messages
[B: #12967@145] Found a cheese mine at [37, 33]
[B: #12967@145] Going straight to cheese mine at [37, 33]
[B: #13054@145] Sensed 0 robots
[B: #12962@145] Can sense kingLoc [55, 28] ? false at distSquared 234
[B: #10672@145] Sensed 0 robots
[B: #12877@145] Sensed 0 robots
[B: #11533@145] Sensed 2 robots
[B: #11533@145] Received 0 messages
[B: #11533@145] Received 0 messages
[B: #10120@146] Sensed 0 robots
[B: #11096@146] Can sense kingLoc [55, 28] ? false at distSquared 178
[B: #10819@146] Sensed 0 robots
[B: #13990@146] Going straight to cheese mine at [37, 33]
[B: #11456@146] Sensed 0 robots
[B: #11061@146] Can sense kingLoc [55, 28] ? false at distSquared 90
[B: #12806@146] Sensed 0 robots
[B: #10072@146] Can sense kingLoc [55, 28] ? false at distSquared 109
[B: #11028@146] Sensed 0 robots
[B: #10105@146] Can sense kingLoc [55, 28] ? false at distSquared 97
[B: #12917@146] Sensed 0 robots
[B: #11406@146] Can sense kingLoc [55, 28] ? false at distSquared 73
[B: #11118@146] Sensed 0 robots
[B: #13095@146] Sensed 1 robots
[B: #13095@146] Received 0 messages
[B: #12999@146] Sensed 1 robots
[B: #12999@146] Received 0 messages
[B: #11545@146] Sensed 1 robots
[B: #10247@146] Sensed 1 robots
[B: #10247@146] Received 0 messages
[B: #12967@146] Found a cheese mine at [37, 33]
[B: #12967@146] Going straight to cheese mine at [37, 33]
[B: #13054@146] Sensed 0 robots
[B: #12962@146] Can sense kingLoc [55, 28] ? false at distSquared 205
[B: #10672@146] Sensed 0 robots
[B: #12877@146] Sensed 0 robots
[B: #11533@146] Sensed 1 robots
[B: #11533@146] Received 0 messages
[B: #10120@147] Sensed 0 robots
[B: #11096@147] Can sense kingLoc [55, 28] ? false at distSquared 153
[B: #10819@147] Sensed 0 robots
[B: #13990@147] Going straight to cheese mine at [37, 33]
[B: #11456@147] Sensed 0 robots
[B: #11061@147] Can sense kingLoc [55, 28] ? false at distSquared 90
[B: #12806@147] Sensed 1 robots
[B: #12806@147] Received 0 messages
[B: #10072@147] Can sense kingLoc [55, 28] ? false at distSquared 109
[B: #11028@147] Sensed 1 robots
[B: #11028@147] Received 0 messages
[B: #10105@147] Can sense kingLoc [55, 28] ? false at distSquared 97
[B: #12917@147] Sensed 0 robots
[B: #11406@147] Can sense kingLoc [55, 28] ? false at distSquared 73
[B: #11118@147] Sensed 0 robots
[B: #13095@147] Sensed 1 robots
[B: #13095@147] Received 0 messages
[B: #12999@147] Sensed 0 robots
[B: #11545@147] Sensed 1 robots
[B: #10247@147] Sensed 1 robots
[B: #10247@147] Received 0 messages
[B: #12967@147] Going straight to cheese mine at [37, 33]
[B: #13054@147] Sensed 0 robots
[B: #12962@147] Can sense kingLoc [55, 28] ? false at distSquared 178
[B: #10672@147] Sensed 0 robots
[B: #12877@147] Sensed 0 robots
[B: #11533@147] Sensed 1 robots
[B: #11533@147] Received 0 messages
[B: #10120@148] Sensed 0 robots
[B: #11096@148] Can sense kingLoc [55, 28] ? false at distSquared 130
[B: #10819@148] Sensed 0 robots
[B: #13990@148] Going straight to cheese mine at [37, 33]
[B: #11456@148] Sensed 0 robots
[B: #11061@148] Can sense kingLoc [55, 28] ? false at distSquared 90
[B: #12806@148] Sensed 0 robots
[B: #10072@148] Can sense kingLoc [55, 28] ? false at distSquared 109
[B: #11028@148] Sensed 1 robots
[B: #11028@148] Received 0 messages
[B: #10105@148] Can sense kingLoc [55, 28] ? false at distSquared 97
[B: #12917@148] Sensed 0 robots
[B: #11406@148] Can sense kingLoc [55, 28] ? false at distSquared 73
[B: #11118@148] Sensed 0 robots
[B: #13095@148] Sensed 2 robots
[B: #13095@148] Received 0 messages
[B: #13095@148] Received 0 messages
[B: #12999@148] Sensed 0 robots
[B: #11545@148] Sensed 2 robots
[B: #11545@148] Received 0 messages
[B: #10247@148] Sensed 1 robots
[B: #10247@148] Received 0 messages
[B: #12967@148] Found a cheese mine at [37, 33]
[B: #12967@148] Going straight to cheese mine at [37, 33]
[B: #13054@148] Sensed 0 robots
[B: #12962@148] Can sense kingLoc [55, 28] ? false at distSquared 178
[B: #10672@148] Sensed 0 robots
[B: #12877@148] Sensed 0 robots
[B: #11533@148] Sensed 1 robots
[B: #11533@148] Received 0 messages
[B: #10120@149] Sensed 0 robots
[B: #11096@149] Can sense kingLoc [55, 28] ? false at distSquared 130
[B: #10819@149] Sensed 0 robots
[B: #13990@149] Going straight to cheese mine at [37, 33]
[B: #11456@149] Sensed 0 robots
[B: #11061@149] Can sense kingLoc [55, 28] ? false at distSquared 90
[B: #12806@149] Sensed 0 robots
[B: #10072@149] Can sense kingLoc [55, 28] ? false at distSquared 109
[B: #11028@149] Sensed 0 robots
[B: #10105@149] Can sense kingLoc [55, 28] ? false at distSquared 97
[B: #12917@149] Sensed 0 robots
[B: #11406@149] Can sense kingLoc [55, 28] ? false at distSquared 73
[B: #11118@149] Sensed 0 robots
[B: #13095@149] Sensed 2 robots
[B: #13095@149] Received 0 messages
[B: #13095@149] Received 0 messages
[B: #12999@149] Sensed 0 robots
[B: #11545@149] Sensed 2 robots
[B: #11545@149] Received 0 messages
[B: #10247@149] Sensed 1 robots
[B: #10247@149] Received 0 messages
[B: #12967@149] Going straight to cheese mine at [37, 33]
[B: #13054@149] Sensed 0 robots
[B: #12962@149] Can sense kingLoc [55, 28] ? false at distSquared 153
[B: #10672@149] Sensed 0 robots
[B: #12877@149] Sensed 0 robots
[B: #11533@149] Sensed 1 robots
[B: #11533@149] Received 0 messages
[B: #10120@150] Sensed 1 robots
[B: #10120@150] Found cat at [28, 16]
[B: #11096@150] Can sense kingLoc [55, 28] ? false at distSquared 130
[B: #10819@150] Sensed 0 robots
[B: #13990@150] Going straight to cheese mine at [37, 33]
[B: #11456@150] Sensed 0 robots
[B: #11061@150] Can sense kingLoc [55, 28] ? false at distSquared 90
[B: #12806@150] Sensed 0 robots
[B: #10072@150] Can sense kingLoc [55, 28] ? false at distSquared 109
[B: #11028@150] Sensed 0 robots
[B: #10105@150] Can sense kingLoc [55, 28] ? false at distSquared 97
[B: #12917@150] Sensed 0 robots
[B: #11406@150] Can sense kingLoc [55, 28] ? false at distSquared 73
[B: #11118@150] Sensed 1 robots
[B: #13095@150] Sensed 1 robots
[B: #13095@150] Received 0 messages
[B: #12999@150] Sensed 0 robots
[B: #11545@150] Sensed 2 robots
[B: #11545@150] Received 0 messages
[B: #10247@150] Sensed 1 robots
[B: #10247@150] Received 0 messages
[B: #12967@150] Found a cheese mine at [37, 33]
[B: #12967@150] Going straight to cheese mine at [37, 33]
[B: #13054@150] Sensed 1 robots
[B: #13054@150] Received 0 messages
[B: #12962@150] Can sense kingLoc [55, 28] ? false at distSquared 153
[B: #10672@150] Sensed 0 robots
[B: #12877@150] Sensed 0 robots
[B: #11533@150] Sensed 1 robots
[B: #11533@150] Received 0 messages
[B: #10120@151] Sensed 1 robots
[B: #10120@151] Found cat at [28, 16]
[B: #11096@151] Can sense kingLoc [55, 28] ? false at distSquared 130
[B: #10819@151] Sensed 0 robots
[B: #13990@151] Going straight to cheese mine at [37, 33]
[B: #11456@151] Sensed 0 robots
[B: #11061@151] Can sense kingLoc [55, 28] ? false at distSquared 90
[B: #12806@151] Sensed 0 robots
[B: #10072@151] Can sense kingLoc [55, 28] ? false at distSquared 109
[B: #11028@151] Sensed 1 robots
[B: #11028@151] Received 0 messages
[B: #10105@151] Can sense kingLoc [55, 28] ? false at distSquared 97
[B: #12917@151] Sensed 0 robots
[B: #11406@151] Can sense kingLoc [55, 28] ? false at distSquared 73
[B: #11118@151] Sensed 2 robots
[B: #11118@151] Received 0 messages
[B: #13095@151] Sensed 1 robots
[B: #13095@151] Received 0 messages
[B: #12999@151] Sensed 0 robots
[B: #11545@151] Sensed 1 robots
[B: #10247@151] Sensed 2 robots
[B: #10247@151] Found cat at [28, 16]
[B: #12967@151] Going straight to cheese mine at [37, 33]
[B: #13054@151] Sensed 1 robots
[B: #13054@151] Received 0 messages
[B: #12962@151] Can sense kingLoc [55, 28] ? false at distSquared 153
[B: #10672@151] Sensed 0 robots
[B: #12877@151] Sensed 0 robots
[B: #11533@151] Sensed 1 robots
[B: #11533@151] Received 0 messages
[B: #10120@152] Sensed 2 robots
[B: #10120@152] Found cat at [30, 16]
[B: #11096@152] Can sense kingLoc [55, 28] ? false at distSquared 130
[B: #10819@152] Sensed 0 robots
[B: #13990@152] Going straight to cheese mine at [37, 33]
[B: #11456@152] Sensed 0 robots
[B: #11061@152] Can sense kingLoc [55, 28] ? false at distSquared 90
[B: #12806@152] Sensed 0 robots
[B: #10072@152] Can sense kingLoc [55, 28] ? false at distSquared 109
[B: #11028@152] Sensed 0 robots
[B: #10105@152] Can sense kingLoc [55, 28] ? false at distSquared 97
[B: #12917@152] Sensed 0 robots
[B: #11406@152] Can sense kingLoc [55, 28] ? false at distSquared 73
[B: #11118@152] Sensed 2 robots
[B: #11118@152] Received 0 messages
[B: #13095@152] Sensed 1 robots
[B: #13095@152] Received 0 messages
[B: #12999@152] Sensed 0 robots
[B: #11545@152] Sensed 1 robots
[B: #11545@152] Received 0 messages
[B: #10247@152] Sensed 2 robots
[B: #10247@152] Found cat at [28, 16]
[B: #12967@152] Found a cheese mine at [37, 33]
[B: #12967@152] Going straight to cheese mine at [37, 33]
[B: #13054@152] Sensed 0 robots
[B: #12962@152] Can sense kingLoc [55, 28] ? false at distSquared 153
[B: #10672@152] Sensed 0 robots
[B: #12877@152] Sensed 0 robots
[B: #11533@152] Sensed 0 robots
[B: #10120@153] Sensed 2 robots
[B: #10120@153] Found cat at [30, 16]
[B: #11096@153] Can sense kingLoc [55, 28] ? false at distSquared 130
[B: #10819@153] Sensed 0 robots
[B: #13990@153] Going straight to cheese mine at [37, 33]
[B: #11456@153] Sensed 1 robots
[B: #11456@153] Received 0 messages
[B: #11061@153] Can sense kingLoc [55, 28] ? false at distSquared 90
[B: #12806@153] Sensed 0 robots
[B: #10072@153] Can sense kingLoc [55, 28] ? false at distSquared 109
[B: #11028@153] Sensed 1 robots
[B: #11028@153] Received 0 messages
[B: #10105@153] Can sense kingLoc [55, 28] ? false at distSquared 97
[B: #12917@153] Sensed 0 robots
[B: #11406@153] Can sense kingLoc [55, 28] ? false at distSquared 73
[B: #11118@153] Sensed 2 robots
[B: #11118@153] Received 0 messages
[B: #13095@153] Sensed 1 robots
[B: #13095@153] Received 0 messages
[B: #12999@153] Sensed 0 robots
[B: #11545@153] Sensed 2 robots
[B: #11545@153] Received 0 messages
[B: #11545@153] Received 0 messages
[B: #10247@153] Sensed 3 robots
[B: #10247@153] Found cat at [30, 16]
[B: #12967@153] Found a cheese mine at [37, 33]
[B: #12967@153] Going straight to cheese mine at [37, 33]
[B: #13054@153] Sensed 1 robots
[B: #13054@153] Received 0 messages
[B: #12962@153] Can sense kingLoc [55, 28] ? false at distSquared 153
[B: #10672@153] Sensed 0 robots
[B: #12877@153] Sensed 0 robots
[B: #10145@153] Found a cheese mine at [37, 33]
[B: #10145@153] Going straight to cheese mine at [37, 33]
[B: #11533@153] Sensed 0 robots
[B: #10120@154] Sensed 2 robots
[B: #10120@154] Found cat at [30, 16]
[B: #11096@154] Can sense kingLoc [55, 28] ? false at distSquared 130
[B: #10819@154] Sensed 0 robots
[B: #13990@154] Going straight to cheese mine at [37, 33]
[B: #11456@154] Sensed 1 robots
[B: #11456@154] Received 0 messages
[B: #11061@154] Can sense kingLoc [55, 28] ? false at distSquared 90
[B: #12806@154] Sensed 0 robots
[B: #10072@154] Can sense kingLoc [55, 28] ? false at distSquared 109
[B: #11028@154] Sensed 1 robots
[B: #11028@154] Received 0 messages
[B: #10105@154] Can sense kingLoc [55, 28] ? false at distSquared 97
[B: #12917@154] Sensed 0 robots
[B: #11406@154] Can sense kingLoc [55, 28] ? false at distSquared 73
[B: #11118@154] Sensed 2 robots
[B: #11118@154] Received 0 messages
[B: #11118@154] Received 0 messages
[B: #13095@154] Sensed 1 robots
[B: #13095@154] Received 0 messages
[B: #12999@154] Sensed 0 robots
[B: #11545@154] Sensed 4 robots
[B: #11545@154] Received 0 messages
[B: #11545@154] Received 0 messages
[B: #11545@154] Received 0 messages
[B: #11545@154] Received 0 messages
[B: #10247@154] Sensed 3 robots
[B: #10247@154] Found cat at [30, 16]
[B: #12967@154] Going straight to cheese mine at [37, 33]
[B: #13054@154] Sensed 0 robots
[B: #12962@154] Can sense kingLoc [55, 28] ? false at distSquared 153
[B: #10672@154] Sensed 0 robots
[B: #12877@154] Sensed 0 robots
[B: #10145@154] Found a cheese mine at [37, 33]
[B: #10145@154] Going straight to cheese mine at [37, 33]
[B: #11533@154] Sensed 0 robots
[B: #11096@155] Can sense kingLoc [55, 28] ? false at distSquared 130
[B: #10819@155] Sensed 0 robots
[B: #13990@155] Going straight to cheese mine at [37, 33]
[B: #11456@155] Sensed 1 robots
[B: #11456@155] Received 0 messages
[B: #11061@155] Can sense kingLoc [55, 28] ? false at distSquared 90
[B: #12806@155] Sensed 0 robots
[B: #10072@155] Can sense kingLoc [55, 28] ? false at distSquared 109
[B: #11028@155] Sensed 1 robots
[B: #11028@155] Received 0 messages
[B: #10105@155] Can sense kingLoc [55, 28] ? false at distSquared 97
[B: #12917@155] Sensed 0 robots
[B: #11406@155] Can sense kingLoc [55, 28] ? false at distSquared 73
[B: #11118@155] Sensed 1 robots
[B: #11118@155] Received 0 messages
[B: #13095@155] Sensed 1 robots
[B: #13095@155] Received 0 messages
[B: #12999@155] Sensed 2 robots
[B: #12999@155] Received 0 messages
[B: #12999@155] Received 0 messages
[B: #11545@155] Sensed 5 robots
[B: #11545@155] Received 0 messages
[B: #11545@155] Received 0 messages
[B: #11545@155] Received 0 messages
[B: #11545@155] Received 0 messages
[B: #11545@155] Received 0 messages
[B: #12967@155] Found a cheese mine at [37, 33]
[B: #12967@155] Going straight to cheese mine at [37, 33]
[B: #13054@155] Sensed 2 robots
[B: #13054@155] Received 0 messages
[B: #13054@155] Received 0 messages
[B: #12962@155] Can sense kingLoc [55, 28] ? false at distSquared 153
[B: #10672@155] Sensed 0 robots
[B: #12877@155] Sensed 0 robots
[B: #10145@155] Found a cheese mine at [37, 33]
[B: #10145@155] Going straight to cheese mine at [37, 33]
[B: #11533@155] Sensed 0 robots
[B: #11096@156] Can sense kingLoc [55, 28] ? false at distSquared 130
[B: #10819@156] Sensed 0 robots
[B: #13990@156] Going straight to cheese mine at [37, 33]
[B: #11456@156] Sensed 0 robots
[B: #11061@156] Can sense kingLoc [55, 28] ? false at distSquared 90
[B: #12806@156] Sensed 0 robots
[B: #10072@156] Can sense kingLoc [55, 28] ? false at distSquared 109
[B: #11028@156] Sensed 0 robots
[B: #10105@156] Can sense kingLoc [55, 28] ? false at distSquared 97
[B: #12917@156] Sensed 0 robots
[B: #11406@156] Can sense kingLoc [55, 28] ? false at distSquared 73
[B: #11118@156] Sensed 0 robots
[B: #13095@156] Sensed 2 robots
[B: #13095@156] Received 0 messages
[B: #13095@156] Received 0 messages
[B: #12999@156] Sensed 1 robots
[B: #12999@156] Received 0 messages
[B: #11545@156] Sensed 5 robots
[B: #11545@156] Received 0 messages
[B: #11545@156] Received 0 messages
[B: #11545@156] Received 0 messages
[B: #11545@156] Received 0 messages
[B: #11545@156] Received 0 messages
[B: #12967@156] Going straight to cheese mine at [37, 33]
[B: #13054@156] Sensed 4 robots
[B: #13054@156] Received 0 messages
[B: #13054@156] Received 0 messages
[B: #13054@156] Received 0 messages
[B: #12962@156] Can sense kingLoc [55, 28] ? false at distSquared 153
[B: #10672@156] Sensed 0 robots
[B: #12877@156] Sensed 0 robots
[B: #10145@156] Found a cheese mine at [37, 33]
[B: #10145@156] Going straight to cheese mine at [37, 33]
[B: #11533@156] Sensed 0 robots
[B: #11096@157] Can sense kingLoc [55, 28] ? false at distSquared 130
[B: #10819@157] Sensed 0 robots
[B: #13990@157] Going straight to cheese mine at [37, 33]
[B: #11456@157] Sensed 0 robots
[B: #11061@157] Can sense kingLoc [55, 28] ? false at distSquared 90
[B: #12806@157] Sensed 0 robots
[B: #10072@157] Can sense kingLoc [55, 28] ? false at distSquared 109
[B: #11028@157] Sensed 0 robots
[B: #10105@157] Can sense kingLoc [55, 28] ? false at distSquared 97
[B: #12917@157] Sensed 0 robots
[B: #11406@157] Can sense kingLoc [55, 28] ? false at distSquared 73
[B: #11118@157] Sensed 0 robots
[B: #13095@157] Sensed 1 robots
[B: #13095@157] Received 0 messages
[B: #12999@157] Sensed 0 robots
[B: #11545@157] Sensed 5 robots
[B: #11545@157] Received 0 messages
[B: #11545@157] Received 0 messages
[B: #11545@157] Received 0 messages
[B: #11545@157] Received 0 messages
[B: #11545@157] Received 0 messages
[B: #12967@157] Found a cheese mine at [37, 33]
[B: #12967@157] Going straight to cheese mine at [37, 33]
[B: #13054@157] Sensed 3 robots
[B: #13054@157] Received 0 messages
[B: #13054@157] Received 0 messages
[B: #12962@157] Can sense kingLoc [55, 28] ? false at distSquared 153
[B: #10672@157] Sensed 0 robots
[B: #11337@157] Can sense kingLoc [55, 28] ? false at distSquared 916
[B: #12877@157] Sensed 0 robots
[B: #10145@157] Found a cheese mine at [37, 33]
[B: #10145@157] Going straight to cheese mine at [37, 33]
[B: #11533@157] Sensed 0 robots
[B: #11096@158] Can sense kingLoc [55, 28] ? false at distSquared 130
[B: #10819@158] Sensed 0 robots
[B: #13990@158] Going straight to cheese mine at [37, 33]
[B: #11456@158] Sensed 0 robots
[B: #11061@158] Can sense kingLoc [55, 28] ? false at distSquared 90
[B: #12806@158] Sensed 0 robots
[B: #10072@158] Can sense kingLoc [55, 28] ? false at distSquared 109
[B: #11028@158] Sensed 0 robots
[B: #10105@158] Can sense kingLoc [55, 28] ? false at distSquared 97
[B: #12917@158] Sensed 0 robots
[B: #11406@158] Can sense kingLoc [55, 28] ? false at distSquared 73
[B: #11118@158] Sensed 0 robots
[B: #13095@158] Sensed 1 robots
[B: #13095@158] Received 0 messages
[B: #12999@158] Sensed 0 robots
[B: #11545@158] Sensed 1 robots
[B: #11545@158] Received 0 messages
[B: #12967@158] Found a cheese mine at [37, 33]
[B: #12967@158] Going straight to cheese mine at [37, 33]
[B: #13054@158] Sensed 2 robots
[B: #13054@158] Received 0 messages
[B: #13054@158] Received 0 messages
[B: #12962@158] Can sense kingLoc [55, 28] ? false at distSquared 153
[B: #10672@158] Sensed 0 robots
[B: #11337@158] Can sense kingLoc [55, 28] ? false at distSquared 857
[B: #12877@158] Sensed 0 robots
[B: #10145@158] Found a cheese mine at [37, 33]
[B: #10145@158] Going straight to cheese mine at [37, 33]
[B: #11533@158] Sensed 0 robots
[B: #11096@159] Can sense kingLoc [55, 28] ? false at distSquared 130
[B: #10819@159] Sensed 0 robots
[B: #13990@159] Going straight to cheese mine at [37, 33]
[B: #11456@159] Sensed 1 robots
[B: #11456@159] Received 0 messages
[B: #11061@159] Can sense kingLoc [55, 28] ? false at distSquared 90
[B: #12806@159] Sensed 0 robots
[B: #10072@159] Can sense kingLoc [55, 28] ? false at distSquared 109
[B: #11028@159] Sensed 0 robots
[B: #10105@159] Can sense kingLoc [55, 28] ? false at distSquared 97
[B: #12917@159] Sensed 0 robots
[B: #11406@159] Can sense kingLoc [55, 28] ? false at distSquared 73
[B: #11118@159] Sensed 0 robots
[B: #13095@159] Sensed 0 robots
[B: #12999@159] Sensed 0 robots
[B: #11545@159] Sensed 1 robots
[B: #12967@159] Going straight to cheese mine at [37, 33]
[B: #13054@159] Sensed 0 robots
[B: #12962@159] Can sense kingLoc [55, 28] ? false at distSquared 153
[B: #10672@159] Sensed 0 robots
[B: #11337@159] Can sense kingLoc [55, 28] ? false at distSquared 800
[B: #12877@159] Sensed 0 robots
[B: #10145@159] Found a cheese mine at [37, 33]
[B: #10145@159] Going straight to cheese mine at [37, 33]
[B: #11533@159] Sensed 0 robots
[B: #11096@160] Can sense kingLoc [55, 28] ? false at distSquared 130
[B: #10819@160] Sensed 0 robots
[B: #13990@160] Going straight to cheese mine at [37, 33]
[B: #11456@160] Sensed 1 robots
[B: #11456@160] Received 0 messages
[B: #11061@160] Can sense kingLoc [55, 28] ? false at distSquared 90
[B: #12806@160] Sensed 0 robots
[B: #10072@160] Can sense kingLoc [55, 28] ? false at distSquared 109
[B: #11028@160] Sensed 0 robots
[B: #10105@160] Can sense kingLoc [55, 28] ? false at distSquared 97
[B: #12917@160] Sensed 0 robots
[B: #11406@160] Can sense kingLoc [55, 28] ? false at distSquared 73
[B: #11118@160] Sensed 0 robots
[B: #13095@160] Sensed 0 robots
[B: #12999@160] Sensed 0 robots
[B: #11545@160] Sensed 1 robots
[B: #12967@160] Found a cheese mine at [37, 33]
[B: #12967@160] Going straight to cheese mine at [37, 33]
[B: #13054@160] Sensed 0 robots
[B: #12962@160] Can sense kingLoc [55, 28] ? false at distSquared 153
[B: #10672@160] Sensed 0 robots
[B: #11337@160] Can sense kingLoc [55, 28] ? false at distSquared 800
[B: #12877@160] Sensed 0 robots
[B: #10145@160] Going straight to cheese mine at [37, 33]
[B: #11533@160] Sensed 0 robots
[B: #11096@161] Can sense kingLoc [55, 28] ? false at distSquared 130
[B: #10819@161] Sensed 0 robots
[B: #13990@161] Going straight to cheese mine at [37, 33]
[B: #11456@161] Sensed 0 robots
[B: #11061@161] Can sense kingLoc [55, 28] ? false at distSquared 90
[B: #12806@161] Sensed 0 robots
[B: #10072@161] Can sense kingLoc [55, 28] ? false at distSquared 109
[B: #11028@161] Sensed 0 robots
[B: #10105@161] Can sense kingLoc [55, 28] ? false at distSquared 97
[B: #12917@161] Sensed 0 robots
[B: #11406@161] Can sense kingLoc [55, 28] ? false at distSquared 73
[B: #11118@161] Sensed 0 robots
[B: #13095@161] Sensed 0 robots
[B: #12999@161] Sensed 0 robots
[B: #11545@161] Sensed 1 robots
[B: #12967@161] Found a cheese mine at [37, 33]
[B: #12967@161] Going straight to cheese mine at [37, 33]
[B: #13054@161] Sensed 1 robots
[B: #13054@161] Received 0 messages
[B: #12962@161] Can sense kingLoc [55, 28] ? false at distSquared 153
[B: #10672@161] Sensed 1 robots
[B: #10672@161] Received 0 messages
[B: #11337@161] Can sense kingLoc [55, 28] ? false at distSquared 745
[B: #12877@161] Sensed 0 robots
[B: #10145@161] Found a cheese mine at [37, 33]
[B: #10145@161] Going straight to cheese mine at [37, 33]
[B: #11533@161] Sensed 0 robots
[B: #11096@162] Can sense kingLoc [55, 28] ? false at distSquared 130
[B: #10819@162] Sensed 0 robots
[B: #13990@162] Going straight to cheese mine at [37, 33]
[B: #11456@162] Sensed 0 robots
[B: #11061@162] Can sense kingLoc [55, 28] ? false at distSquared 90
[B: #12806@162] Sensed 0 robots
[B: #10072@162] Can sense kingLoc [55, 28] ? false at distSquared 109
[B: #11028@162] Sensed 0 robots
[B: #10105@162] Can sense kingLoc [55, 28] ? false at distSquared 97
[B: #12917@162] Sensed 0 robots
[B: #11406@162] Can sense kingLoc [55, 28] ? false at distSquared 73
[B: #11118@162] Sensed 0 robots
[B: #13095@162] Sensed 0 robots
[B: #12999@162] Sensed 0 robots
[B: #11545@162] Sensed 1 robots
[B: #12967@162] Going straight to cheese mine at [37, 33]
[B: #13054@162] Sensed 1 robots
[B: #13054@162] Received 0 messages
[B: #12962@162] Can sense kingLoc [55, 28] ? false at distSquared 153
[B: #10672@162] Sensed 2 robots
[B: #10672@162] Received 0 messages
[B: #10672@162] Received 0 messages
[B: #11337@162] Can sense kingLoc [55, 28] ? false at distSquared 692
[B: #12877@162] Sensed 0 robots
[B: #10145@162] Found a cheese mine at [37, 33]
[B: #10145@162] Going straight to cheese mine at [37, 33]
[B: #11533@162] Sensed 0 robots
[B: #11096@163] Can sense kingLoc [55, 28] ? false at distSquared 130
[B: #10819@163] Sensed 0 robots
[B: #13990@163] Going straight to cheese mine at [37, 33]
[B: #11456@163] Sensed 0 robots
[B: #11061@163] Can sense kingLoc [55, 28] ? false at distSquared 90
[B: #12806@163] Sensed 1 robots
[B: #12806@163] Received 0 messages
[B: #10072@163] Can sense kingLoc [55, 28] ? false at distSquared 109
[B: #11028@163] Sensed 0 robots
[B: #10105@163] Can sense kingLoc [55, 28] ? false at distSquared 97
[B: #12917@163] Sensed 0 robots
[B: #11406@163] Can sense kingLoc [55, 28] ? false at distSquared 73
[B: #11118@163] Sensed 0 robots
[B: #13095@163] Sensed 0 robots
[B: #12999@163] Sensed 2 robots
[B: #12999@163] Received 0 messages
[B: #12999@163] Received 0 messages
[B: #11545@163] Sensed 1 robots
[B: #12967@163] Found a cheese mine at [37, 33]
[B: #12967@163] Going straight to cheese mine at [37, 33]
[B: #13054@163] Sensed 1 robots
[B: #13054@163] Received 0 messages
[B: #12962@163] Can sense kingLoc [55, 28] ? false at distSquared 153
[B: #10672@163] Sensed 1 robots
[B: #10672@163] Received 0 messages
[B: #11337@163] Can sense kingLoc [55, 28] ? false at distSquared 692
[B: #12877@163] Sensed 0 robots
[B: #10145@163] Going straight to cheese mine at [37, 33]
[B: #11533@163] Sensed 0 robots
[B: #11096@164] Can sense kingLoc [55, 28] ? false at distSquared 130
[B: #10819@164] Sensed 0 robots
[B: #13990@164] Going straight to cheese mine at [37, 33]
[B: #11456@164] Sensed 0 robots
[B: #11061@164] Can sense kingLoc [55, 28] ? false at distSquared 90
[B: #12806@164] Sensed 0 robots
[B: #10072@164] Can sense kingLoc [55, 28] ? false at distSquared 109
[B: #11028@164] Sensed 0 robots
[B: #10105@164] Can sense kingLoc [55, 28] ? false at distSquared 97
[B: #12917@164] Sensed 0 robots
[B: #11406@164] Can sense kingLoc [55, 28] ? false at distSquared 73
[B: #11118@164] Sensed 0 robots
[B: #13095@164] Sensed 0 robots
[B: #12999@164] Sensed 1 robots
[B: #12999@164] Received 0 messages
[B: #11545@164] Sensed 1 robots
[B: #12967@164] Found a cheese mine at [37, 33]
[B: #12967@164] Going straight to cheese mine at [37, 33]
[B: #13054@164] Sensed 0 robots
[B: #12962@164] Can sense kingLoc [55, 28] ? false at distSquared 153
[B: #10672@164] Sensed 0 robots
[B: #11337@164] Can sense kingLoc [55, 28] ? false at distSquared 641
[B: #12877@164] Sensed 0 robots
[B: #10145@164] Found a cheese mine at [37, 33]
[B: #10145@164] Going straight to cheese mine at [37, 33]
[B: #11533@164] Sensed 0 robots
[B: #11096@165] Can sense kingLoc [55, 28] ? false at distSquared 130
[B: #10819@165] Sensed 0 robots
[B: #13990@165] Going straight to cheese mine at [37, 33]
[B: #11456@165] Sensed 0 robots
[B: #11061@165] Can sense kingLoc [55, 28] ? false at distSquared 90
[B: #12806@165] Sensed 0 robots
[B: #10072@165] Can sense kingLoc [55, 28] ? false at distSquared 109
[B: #11028@165] Sensed 0 robots
[B: #10105@165] Can sense kingLoc [55, 28] ? false at distSquared 97
[B: #12917@165] Sensed 0 robots
[B: #11406@165] Can sense kingLoc [55, 28] ? false at distSquared 73
[B: #11118@165] Sensed 0 robots
[B: #13095@165] Sensed 0 robots
[B: #12999@165] Sensed 2 robots
[B: #12999@165] Received 0 messages
[B: #12999@165] Received 0 messages
[B: #11545@165] Sensed 0 robots
[B: #12967@165] Going straight to cheese mine at [37, 33]
[B: #13054@165] Sensed 1 robots
[B: #13054@165] Received 0 messages
[B: #12962@165] Can sense kingLoc [55, 28] ? false at distSquared 153
[B: #10672@165] Sensed 0 robots
[B: #11337@165] Can sense kingLoc [55, 28] ? false at distSquared 592
[B: #12877@165] Sensed 0 robots
[B: #10145@165] Found a cheese mine at [37, 33]
[B: #10145@165] Going straight to cheese mine at [37, 33]
[B: #11533@165] Sensed 0 robots
[B: #11096@166] Can sense kingLoc [55, 28] ? false at distSquared 130
[B: #10819@166] Sensed 0 robots
[B: #13990@166] Going straight to cheese mine at [37, 33]
[B: #11456@166] Sensed 0 robots
[B: #11061@166] Can sense kingLoc [55, 28] ? false at distSquared 90
[B: #12806@166] Sensed 0 robots
[B: #10072@166] Can sense kingLoc [55, 28] ? false at distSquared 109
[B: #11028@166] Sensed 0 robots
[B: #10105@166] Can sense kingLoc [55, 28] ? false at distSquared 97
[B: #12917@166] Sensed 0 robots
[B: #11406@166] Can sense kingLoc [55, 28] ? false at distSquared 73
[B: #11118@166] Sensed 0 robots
[B: #13095@166] Sensed 0 robots
[B: #12999@166] Sensed 2 robots
[B: #12999@166] Received 0 messages
[B: #12999@166] Received 0 messages
[B: #11545@166] Sensed 0 robots
[B: #12967@166] Found a cheese mine at [37, 33]
[B: #12967@166] Going straight to cheese mine at [37, 33]
[B: #13054@166] Sensed 0 robots
[B: #12962@166] Can sense kingLoc [55, 28] ? false at distSquared 153
[B: #10672@166] Sensed 1 robots
[B: #11337@166] Can sense kingLoc [55, 28] ? false at distSquared 545
[B: #12877@166] Sensed 1 robots
[B: #12877@166] Received 0 messages
[B: #10145@166] Going straight to cheese mine at [37, 33]
[B: #11533@166] Sensed 0 robots
[B: #11096@167] Can sense kingLoc [55, 28] ? false at distSquared 130
[B: #10819@167] Sensed 0 robots
[B: #13990@167] Going straight to cheese mine at [37, 33]
[B: #11456@167] Sensed 0 robots
[B: #11061@167] Can sense kingLoc [55, 28] ? false at distSquared 90
[B: #12806@167] Sensed 0 robots
[B: #10072@167] Can sense kingLoc [55, 28] ? false at distSquared 109
[B: #11028@167] Sensed 0 robots
[B: #10105@167] Can sense kingLoc [55, 28] ? false at distSquared 97
[B: #12917@167] Sensed 0 robots
[B: #11406@167] Can sense kingLoc [55, 28] ? false at distSquared 73
[B: #11118@167] Sensed 0 robots
[B: #13095@167] Sensed 0 robots
[B: #12999@167] Sensed 1 robots
[B: #12999@167] Received 0 messages
[B: #11545@167] Sensed 0 robots
[B: #12967@167] Going straight to cheese mine at [37, 33]
[B: #13054@167] Sensed 1 robots
[B: #13054@167] Received 0 messages
[B: #12962@167] Can sense kingLoc [55, 28] ? false at distSquared 153
[B: #10672@167] Sensed 1 robots
[B: #11337@167] Can sense kingLoc [55, 28] ? false at distSquared 545
[B: #12877@167] Sensed 1 robots
[B: #12877@167] Received 0 messages
[B: #10145@167] Found a cheese mine at [37, 33]
[B: #10145@167] Going straight to cheese mine at [37, 33]
[B: #11533@167] Sensed 0 robots
[B: #11096@168] Can sense kingLoc [55, 28] ? false at distSquared 130
[B: #10819@168] Sensed 0 robots
[B: #13990@168] Going straight to cheese mine at [37, 33]
[B: #11456@168] Sensed 1 robots
[B: #11456@168] Received 0 messages
[B: #11061@168] Can sense kingLoc [55, 28] ? false at distSquared 90
[B: #12806@168] Sensed 0 robots
[B: #10072@168] Can sense kingLoc [55, 28] ? false at distSquared 109
[B: #11028@168] Sensed 0 robots
[B: #10105@168] Can sense kingLoc [55, 28] ? false at distSquared 97
[B: #12917@168] Sensed 0 robots
[B: #11406@168] Can sense kingLoc [55, 28] ? false at distSquared 73
[B: #11118@168] Sensed 0 robots
[B: #13095@168] Sensed 0 robots
[B: #12999@168] Sensed 1 robots
[B: #12999@168] Received 0 messages
[B: #11545@168] Sensed 0 robots
[B: #12967@168] Going straight to cheese mine at [37, 33]
[B: #13054@168] Sensed 1 robots
[B: #13054@168] Received 0 messages
[B: #12962@168] Can sense kingLoc [55, 28] ? false at distSquared 153
[B: #10672@168] Sensed 2 robots
[B: #10672@168] Received 0 messages
[B: #11337@168] Can sense kingLoc [55, 28] ? false at distSquared 500
[B: #12877@168] Sensed 0 robots
[B: #10145@168] Found a cheese mine at [37, 33]
[B: #10145@168] Going straight to cheese mine at [37, 33]
[B: #11533@168] Sensed 0 robots
[B: #11096@169] Can sense kingLoc [55, 28] ? false at distSquared 130
[B: #10819@169] Sensed 1 robots
[B: #10819@169] Received 0 messages
[B: #13990@169] Going straight to cheese mine at [37, 33]
[B: #11456@169] Sensed 2 robots
[B: #11456@169] Received 0 messages
[B: #11456@169] Received 0 messages
[B: #11061@169] Can sense kingLoc [55, 28] ? false at distSquared 90
[B: #12806@169] Sensed 0 robots
[B: #10072@169] Can sense kingLoc [55, 28] ? false at distSquared 109
[B: #11028@169] Sensed 0 robots
[B: #10105@169] Can sense kingLoc [55, 28] ? false at distSquared 97
[B: #12917@169] Sensed 0 robots
[B: #11406@169] Can sense kingLoc [55, 28] ? false at distSquared 73
[B: #11118@169] Sensed 0 robots
[B: #13095@169] Sensed 0 robots
[B: #12999@169] Sensed 2 robots
[B: #12999@169] Received 0 messages
[B: #11545@169] Sensed 0 robots
[B: #12967@169] Can sense kingLoc [55, 28] ? false at distSquared 305
[B: #13054@169] Sensed 1 robots
[B: #13054@169] Received 0 messages
[B: #12962@169] Can sense kingLoc [55, 28] ? false at distSquared 153
[B: #10672@169] Sensed 3 robots
[B: #10672@169] Received 0 messages
[B: #10672@169] Received 0 messages
[B: #11337@169] Can sense kingLoc [55, 28] ? false at distSquared 457
[B: #12877@169] Sensed 0 robots
[B: #10145@169] Going straight to cheese mine at [37, 33]
[B: #11533@169] Sensed 0 robots
[B: #11096@170] Can sense kingLoc [55, 28] ? false at distSquared 130
[B: #10819@170] Sensed 1 robots
[B: #10819@170] Received 0 messages
[B: #13990@170] Going straight to cheese mine at [37, 33]
[B: #11456@170] Sensed 1 robots
[B: #11456@170] Received 0 messages
[B: #11061@170] Can sense kingLoc [55, 28] ? false at distSquared 90
[B: #12806@170] Sensed 0 robots
[B: #10072@170] Can sense kingLoc [55, 28] ? false at distSquared 109
[B: #11028@170] Sensed 0 robots
[B: #10105@170] Can sense kingLoc [55, 28] ? false at distSquared 97
[B: #12917@170] Sensed 0 robots
[B: #11406@170] Can sense kingLoc [55, 28] ? false at distSquared 73
[B: #11118@170] Sensed 0 robots
[B: #13095@170] Sensed 0 robots
[B: #12999@170] Sensed 3 robots
[B: #12999@170] Received 0 messages
[B: #12999@170] Received 0 messages
[B: #11545@170] Sensed 0 robots
[B: #12967@170] Can sense kingLoc [55, 28] ? false at distSquared 261
[B: #13054@170] Sensed 0 robots
[B: #12962@170] Can sense kingLoc [55, 28] ? false at distSquared 153
[B: #10672@170] Sensed 2 robots
[B: #10672@170] Received 0 messages
[B: #11337@170] Can sense kingLoc [55, 28] ? false at distSquared 457
[B: #12877@170] Sensed 0 robots
[B: #10145@170] Found a cheese mine at [37, 33]
[B: #10145@170] Going straight to cheese mine at [37, 33]
[B: #11533@170] Sensed 0 robots
[B: #11096@171] Can sense kingLoc [55, 28] ? false at distSquared 130
[B: #10819@171] Sensed 1 robots
[B: #10819@171] Received 0 messages
[B: #13990@171] Going straight to cheese mine at [37, 33]
[B: #11456@171] Sensed 0 robots
[B: #11061@171] Can sense kingLoc [55, 28] ? false at distSquared 90
[B: #12806@171] Sensed 0 robots
[B: #10072@171] Can sense kingLoc [55, 28] ? false at distSquared 109
[B: #11028@171] Sensed 0 robots
[B: #10105@171] Can sense kingLoc [55, 28] ? false at distSquared 97
[B: #12917@171] Sensed 0 robots
[B: #11406@171] Can sense kingLoc [55, 28] ? false at distSquared 73
[B: #11118@171] Sensed 0 robots
[B: #13095@171] Sensed 0 robots
[B: #12999@171] Sensed 2 robots
[B: #12999@171] Received 0 messages
[B: #11545@171] Sensed 0 robots
[B: #12967@171] Can sense kingLoc [55, 28] ? false at distSquared 261
[B: #13054@171] Sensed 0 robots
[B: #12962@171] Can sense kingLoc [55, 28] ? false at distSquared 153
[B: #10672@171] Sensed 1 robots
[B: #11337@171] Can sense kingLoc [55, 28] ? false at distSquared 416
[B: #12877@171] Sensed 0 robots
[B: #10145@171] Going straight to cheese mine at [37, 33]
[B: #11533@171] Sensed 0 robots
[B: #11096@172] Can sense kingLoc [55, 28] ? false at distSquared 130
[B: #10819@172] Sensed 0 robots
[B: #13990@172] Going straight to cheese mine at [37, 33]
[B: #11456@172] Sensed 0 robots
[B: #11061@172] Can sense kingLoc [55, 28] ? false at distSquared 90
[B: #12806@172] Sensed 0 robots
[B: #10072@172] Can sense kingLoc [55, 28] ? false at distSquared 109
[B: #11028@172] Sensed 0 robots
[B: #10105@172] Can sense kingLoc [55, 28] ? false at distSquared 97
[B: #12917@172] Sensed 0 robots
[B: #11406@172] Can sense kingLoc [55, 28] ? false at distSquared 73
[B: #11118@172] Sensed 0 robots
[B: #13095@172] Sensed 0 robots
[B: #12999@172] Sensed 1 robots
[B: #11545@172] Sensed 0 robots
[B: #12967@172] Can sense kingLoc [55, 28] ? false at distSquared 232
[B: #13054@172] Sensed 0 robots
[B: #12962@172] Can sense kingLoc [55, 28] ? false at distSquared 153
[B: #10672@172] Sensed 0 robots
[B: #11337@172] Can sense kingLoc [55, 28] ? false at distSquared 377
[B: #12877@172] Sensed 0 robots
[B: #10145@172] Found a cheese mine at [37, 33]
[B: #10145@172] Going straight to cheese mine at [37, 33]
[B: #11533@172] Sensed 0 robots
[B: #11096@173] Can sense kingLoc [55, 28] ? false at distSquared 130
[B: #10819@173] Sensed 0 robots
[B: #13990@173] Going straight to cheese mine at [37, 33]
[B: #11456@173] Sensed 0 robots
[B: #11061@173] Can sense kingLoc [55, 28] ? false at distSquared 90
[B: #12806@173] Sensed 0 robots
[B: #10072@173] Can sense kingLoc [55, 28] ? false at distSquared 109
[B: #11028@173] Sensed 0 robots
[B: #10105@173] Can sense kingLoc [55, 28] ? false at distSquared 97
[B: #12917@173] Sensed 0 robots
[B: #11406@173] Can sense kingLoc [55, 28] ? false at distSquared 73
[B: #11118@173] Sensed 0 robots
[B: #13095@173] Sensed 0 robots
[B: #12999@173] Sensed 0 robots
[B: #11545@173] Sensed 0 robots
[B: #12967@173] Can sense kingLoc [55, 28] ? false at distSquared 194
[B: #13054@173] Sensed 0 robots
[B: #12962@173] Can sense kingLoc [55, 28] ? false at distSquared 153
[B: #10672@173] Sensed 1 robots
[B: #10672@173] Received 0 messages
[B: #11337@173] Can sense kingLoc [55, 28] ? false at distSquared 340
[B: #12877@173] Sensed 0 robots
[B: #10145@173] Going straight to cheese mine at [37, 33]
[B: #11533@173] Sensed 0 robots
[B: #11096@174] Can sense kingLoc [55, 28] ? false at distSquared 130
[B: #10819@174] Sensed 1 robots
[B: #10819@174] Received 0 messages
[B: #13990@174] Going straight to cheese mine at [37, 33]
[B: #11456@174] Sensed 0 robots
[B: #11061@174] Can sense kingLoc [55, 28] ? false at distSquared 90
[B: #12806@174] Sensed 0 robots
[B: #10072@174] Can sense kingLoc [55, 28] ? false at distSquared 109
[B: #11028@174] Sensed 0 robots
[B: #10105@174] Can sense kingLoc [55, 28] ? false at distSquared 97
[B: #12917@174] Sensed 0 robots
[B: #11406@174] Can sense kingLoc [55, 28] ? false at distSquared 73
[B: #11118@174] Sensed 0 robots
[B: #13095@174] Sensed 0 robots
[B: #12999@174] Sensed 1 robots
[B: #12999@174] Received 0 messages
[B: #11545@174] Sensed 0 robots
[B: #12967@174] Can sense kingLoc [55, 28] ? false at distSquared 169
[B: #13054@174] Sensed 0 robots
[B: #12962@174] Can sense kingLoc [55, 28] ? false at distSquared 153
[B: #10672@174] Sensed 1 robots
[B: #10672@174] Received 0 messages
[B: #11337@174] Can sense kingLoc [55, 28] ? false at distSquared 340
[B: #12877@174] Sensed 1 robots
[B: #12877@174] Received 0 messages
[B: #10145@174] Going straight to cheese mine at [37, 33]
[B: #11533@174] Sensed 0 robots
[B: #11096@175] Can sense kingLoc [55, 28] ? false at distSquared 130
[B: #10819@175] Sensed 0 robots
[B: #13990@175] Going straight to cheese mine at [37, 33]
[B: #11456@175] Sensed 1 robots
[B: #11456@175] Received 0 messages
[B: #11061@175] Can sense kingLoc [55, 28] ? false at distSquared 90
[B: #12806@175] Sensed 0 robots
[B: #10072@175] Can sense kingLoc [55, 28] ? false at distSquared 109
[B: #11028@175] Sensed 0 robots
[B: #10105@175] Can sense kingLoc [55, 28] ? false at distSquared 97
[B: #12917@175] Sensed 0 robots
[B: #11406@175] Can sense kingLoc [55, 28] ? false at distSquared 73
[B: #11118@175] Sensed 0 robots
[B: #13095@175] Sensed 0 robots
[B: #12999@175] Sensed 1 robots
[B: #12999@175] Received 0 messages
[B: #11545@175] Sensed 0 robots
[B: #12967@175] Can sense kingLoc [55, 28] ? false at distSquared 169
[B: #13054@175] Sensed 0 robots
[B: #12962@175] Can sense kingLoc [55, 28] ? false at distSquared 153
[B: #10672@175] Sensed 0 robots
[B: #11337@175] Can sense kingLoc [55, 28] ? false at distSquared 305
[B: #12877@175] Sensed 0 robots
[B: #10145@175] Going straight to cheese mine at [37, 33]
[B: #11533@175] Sensed 0 robots
[B: #11096@176] Can sense kingLoc [55, 28] ? false at distSquared 130
[B: #10819@176] Sensed 0 robots
[B: #13990@176] Going straight to cheese mine at [37, 33]
[B: #11456@176] Sensed 1 robots
[B: #11456@176] Received 0 messages
[B: #11061@176] Can sense kingLoc [55, 28] ? false at distSquared 90
[B: #12806@176] Sensed 0 robots
[B: #10072@176] Can sense kingLoc [55, 28] ? false at distSquared 109
[B: #11028@176] Sensed 0 robots
[B: #10105@176] Can sense kingLoc [55, 28] ? false at distSquared 97
[B: #12917@176] Sensed 0 robots
[B: #11406@176] Can sense kingLoc [55, 28] ? false at distSquared 73
[B: #11118@176] Sensed 1 robots
[B: #11118@176] Received 0 messages
[B: #13095@176] Sensed 1 robots
[B: #13095@176] Received 0 messages
[B: #12999@176] Sensed 0 robots
[B: #11545@176] Sensed 0 robots
[B: #12967@176] Can sense kingLoc [55, 28] ? false at distSquared 137
[B: #13054@176] Sensed 0 robots
[B: #12962@176] Can sense kingLoc [55, 28] ? false at distSquared 153
[B: #10672@176] Sensed 0 robots
[B: #11337@176] Can sense kingLoc [55, 28] ? false at distSquared 272
[B: #12877@176] Sensed 1 robots
[B: #10145@176] Can sense kingLoc [55, 28] ? false at distSquared 241
[B: #11533@176] Sensed 0 robots
[B: #11096@177] Can sense kingLoc [55, 28] ? false at distSquared 130
[B: #10819@177] Sensed 0 robots
[B: #13990@177] Going straight to cheese mine at [37, 33]
[B: #11456@177] Sensed 2 robots
[B: #11456@177] Received 0 messages
[B: #11456@177] Received 0 messages
[B: #11061@177] Can sense kingLoc [55, 28] ? false at distSquared 90
[B: #12806@177] Sensed 0 robots
[B: #10072@177] Can sense kingLoc [55, 28] ? false at distSquared 109
[B: #11028@177] Sensed 0 robots
[B: #10105@177] Can sense kingLoc [55, 28] ? false at distSquared 97
[B: #12917@177] Sensed 1 robots
[B: #12917@177] Received 0 messages
[B: #11406@177] Can sense kingLoc [55, 28] ? false at distSquared 73
[B: #11118@177] Sensed 1 robots
[B: #11118@177] Received 0 messages
[B: #13095@177] Sensed 1 robots
[B: #13095@177] Received 0 messages
[B: #12999@177] Sensed 0 robots
[B: #11545@177] Sensed 0 robots
[B: #12967@177] Can sense kingLoc [55, 28] ? false at distSquared 116
[B: #13054@177] Sensed 0 robots
[B: #12962@177] Can sense kingLoc [55, 28] ? false at distSquared 153
[B: #10672@177] Sensed 0 robots
[B: #11337@177] Can sense kingLoc [55, 28] ? false at distSquared 272
[B: #12877@177] Sensed 1 robots
[B: #10145@177] Can sense kingLoc [55, 28] ? false at distSquared 212
[B: #11533@177] Sensed 0 robots
[B: #11096@178] Can sense kingLoc [55, 28] ? false at distSquared 130
[B: #10819@178] Sensed 0 robots
[B: #13990@178] Going straight to cheese mine at [37, 33]
[B: #11456@178] Sensed 1 robots
[B: #11456@178] Received 0 messages
[B: #11061@178] Can sense kingLoc [55, 28] ? false at distSquared 90
[B: #12806@178] Sensed 1 robots
[B: #12806@178] Received 0 messages
[B: #10072@178] Can sense kingLoc [55, 28] ? false at distSquared 109
[B: #11028@178] Sensed 0 robots
[B: #10105@178] Can sense kingLoc [55, 28] ? false at distSquared 97
[B: #12917@178] Sensed 1 robots
[B: #12917@178] Received 0 messages
[B: #11406@178] Can sense kingLoc [55, 28] ? false at distSquared 73
[B: #11118@178] Sensed 1 robots
[B: #11118@178] Received 0 messages
[B: #13095@178] Sensed 1 robots
[B: #13095@178] Received 0 messages
[B: #12999@178] Sensed 0 robots
[B: #11545@178] Sensed 0 robots
[B: #12967@178] Can sense kingLoc [55, 28] ? false at distSquared 116
[B: #13054@178] Sensed 0 robots
[B: #12962@178] Can sense kingLoc [55, 28] ? false at distSquared 153
[B: #10672@178] Sensed 0 robots
[B: #11337@178] Can sense kingLoc [55, 28] ? false at distSquared 241
[B: #12877@178] Sensed 2 robots
[B: #12877@178] Received 0 messages
[B: #10145@178] Can sense kingLoc [55, 28] ? false at distSquared 212
[B: #11533@178] Sensed 0 robots
[B: #11096@179] Can sense kingLoc [55, 28] ? false at distSquared 130
[B: #10819@179] Sensed 0 robots
[B: #13990@179] Going straight to cheese mine at [37, 33]
[B: #11456@179] Sensed 1 robots
[B: #11456@179] Received 0 messages
[B: #11061@179] Can sense kingLoc [55, 28] ? false at distSquared 90
[B: #12806@179] Sensed 1 robots
[B: #12806@179] Received 0 messages
[B: #10072@179] Can sense kingLoc [55, 28] ? false at distSquared 109
[B: #11028@179] Sensed 0 robots
[B: #10105@179] Can sense kingLoc [55, 28] ? false at distSquared 97
[B: #12917@179] Sensed 0 robots
[B: #11406@179] Can sense kingLoc [55, 28] ? false at distSquared 73
[B: #11118@179] Sensed 1 robots
[B: #11118@179] Received 0 messages
[B: #13095@179] Sensed 0 robots
[B: #12999@179] Sensed 0 robots
[B: #11545@179] Sensed 0 robots
[B: #12967@179] Can sense kingLoc [55, 28] ? false at distSquared 116
[B: #13054@179] Sensed 0 robots
[B: #12962@179] Can sense kingLoc [55, 28] ? false at distSquared 153
[B: #10672@179] Sensed 2 robots
[B: #10672@179] Received 0 messages
[B: #10672@179] Received 0 messages
[B: #11337@179] Can sense kingLoc [55, 28] ? false at distSquared 241
[B: #12877@179] Sensed 3 robots
[B: #12877@179] Received 0 messages
[B: #12877@179] Received 0 messages
[B: #10145@179] Can sense kingLoc [55, 28] ? false at distSquared 185
[B: #11533@179] Sensed 0 robots
[B: #11096@180] Can sense kingLoc [55, 28] ? false at distSquared 130
[B: #10819@180] Sensed 0 robots
[B: #13990@180] Going straight to cheese mine at [37, 33]
[B: #11456@180] Sensed 0 robots
[B: #11061@180] Can sense kingLoc [55, 28] ? false at distSquared 90
[B: #12806@180] Sensed 1 robots
[B: #12806@180] Received 0 messages
[B: #10072@180] Can sense kingLoc [55, 28] ? false at distSquared 109
[B: #11028@180] Sensed 0 robots
[B: #10105@180] Can sense kingLoc [55, 28] ? false at distSquared 97
[B: #12917@180] Sensed 0 robots
[B: #11406@180] Can sense kingLoc [55, 28] ? false at distSquared 73
[B: #11118@180] Sensed 0 robots
[B: #13095@180] Sensed 0 robots
[B: #12999@180] Sensed 0 robots
[B: #11545@180] Sensed 0 robots
[B: #12967@180] Can sense kingLoc [55, 28] ? false at distSquared 116
[B: #13054@180] Sensed 0 robots
[B: #12962@180] Can sense kingLoc [55, 28] ? false at distSquared 153
[B: #10672@180] Sensed 1 robots
[B: #10672@180] Received 0 messages
[B: #11337@180] Can sense kingLoc [55, 28] ? false at distSquared 212
[B: #12877@180] Sensed 3 robots
[B: #12877@180] Received 0 messages
[B: #12877@180] Received 0 messages
[B: #10145@180] Can sense kingLoc [55, 28] ? false at distSquared 160
[B: #11533@180] Sensed 0 robots
[B: #12940@180] Found a cheese mine at [22, 33]
[B: #12940@180] Going straight to cheese mine at [22, 33]
[B: #11096@181] Can sense kingLoc [55, 28] ? false at distSquared 130
[B: #10819@181] Sensed 0 robots
[B: #13990@181] Going straight to cheese mine at [37, 33]
[B: #11456@181] Sensed 0 robots
[B: #11061@181] Can sense kingLoc [55, 28] ? false at distSquared 90
[B: #12806@181] Sensed 0 robots
[B: #10072@181] Can sense kingLoc [55, 28] ? false at distSquared 109
[B: #11028@181] Sensed 0 robots
[B: #10105@181] Can sense kingLoc [55, 28] ? false at distSquared 97
[B: #12917@181] Sensed 0 robots
[B: #11406@181] Can sense kingLoc [55, 28] ? false at distSquared 73
[B: #11118@181] Sensed 0 robots
[B: #13095@181] Sensed 0 robots
[B: #12999@181] Sensed 0 robots
[B: #11545@181] Sensed 0 robots
[B: #12967@181] Can sense kingLoc [55, 28] ? false at distSquared 116
[B: #13054@181] Sensed 0 robots
[B: #12962@181] Can sense kingLoc [55, 28] ? false at distSquared 153
[B: #10672@181] Sensed 1 robots
[B: #10672@181] Received 0 messages
[B: #11337@181] Can sense kingLoc [55, 28] ? false at distSquared 185
[B: #12877@181] Sensed 3 robots
[B: #12877@181] Received 0 messages
[B: #12877@181] Received 0 messages
[B: #12877@181] Received 0 messages
[B: #10145@181] Can sense kingLoc [55, 28] ? false at distSquared 137
[B: #11533@181] Sensed 0 robots
[B: #12940@181] Going straight to cheese mine at [22, 33]
[B: #11096@182] Can sense kingLoc [55, 28] ? false at distSquared 130
[B: #10819@182] Sensed 0 robots
[B: #13990@182] Going straight to cheese mine at [37, 33]
[B: #11456@182] Sensed 0 robots
[B: #11061@182] Can sense kingLoc [55, 28] ? false at distSquared 90
[B: #12806@182] Sensed 0 robots
[B: #10072@182] Can sense kingLoc [55, 28] ? false at distSquared 109
[B: #11028@182] Sensed 0 robots
[B: #10105@182] Can sense kingLoc [55, 28] ? false at distSquared 97
[B: #12917@182] Sensed 0 robots
[B: #11406@182] Can sense kingLoc [55, 28] ? false at distSquared 73
[B: #11118@182] Sensed 0 robots
[B: #13095@182] Sensed 0 robots
[B: #12999@182] Sensed 0 robots
[B: #11545@182] Sensed 0 robots
[B: #12967@182] Can sense kingLoc [55, 28] ? false at distSquared 116
[B: #13054@182] Sensed 0 robots
[B: #12962@182] Can sense kingLoc [55, 28] ? false at distSquared 153
[B: #10672@182] Sensed 1 robots
[B: #10672@182] Received 0 messages
[B: #11337@182] Can sense kingLoc [55, 28] ? false at distSquared 160
[B: #12877@182] Sensed 4 robots
[B: #12877@182] Received 0 messages
[B: #12877@182] Received 0 messages
[B: #12877@182] Received 0 messages
[B: #12877@182] Received 0 messages
[B: #10145@182] Can sense kingLoc [55, 28] ? false at distSquared 137
[B: #11533@182] Sensed 0 robots
[B: #12940@182] Can sense kingLoc [55, 28] ? false at distSquared 1165
[B: #11096@183] Can sense kingLoc [55, 28] ? false at distSquared 130
[B: #10819@183] Sensed 0 robots
[B: #13990@183] Going straight to cheese mine at [37, 33]
[B: #11456@183] Sensed 0 robots
[B: #11061@183] Can sense kingLoc [55, 28] ? false at distSquared 90
[B: #12806@183] Sensed 0 robots
[B: #10072@183] Can sense kingLoc [55, 28] ? false at distSquared 109
[B: #11028@183] Sensed 0 robots
[B: #10105@183] Can sense kingLoc [55, 28] ? false at distSquared 97
[B: #12917@183] Sensed 0 robots
[B: #11406@183] Can sense kingLoc [55, 28] ? false at distSquared 73
[B: #11118@183] Sensed 0 robots
[B: #13095@183] Sensed 0 robots
[B: #12999@183] Sensed 0 robots
[B: #11545@183] Sensed 0 robots
[B: #12967@183] Can sense kingLoc [55, 28] ? false at distSquared 116
[B: #13054@183] Sensed 0 robots
[B: #12962@183] Can sense kingLoc [55, 28] ? false at distSquared 153
[B: #10672@183] Sensed 0 robots
[B: #11337@183] Can sense kingLoc [55, 28] ? false at distSquared 160
[B: #12877@183] Sensed 3 robots
[B: #12877@183] Received 0 messages
[B: #12877@183] Received 0 messages
[B: #12877@183] Received 0 messages
[B: #10145@183] Can sense kingLoc [55, 28] ? false at distSquared 137
[B: #11533@183] Sensed 0 robots
[B: #12940@183] Can sense kingLoc [55, 28] ? false at distSquared 1098
[B: #11096@184] Can sense kingLoc [55, 28] ? false at distSquared 130
[B: #10819@184] Sensed 0 robots
[B: #13990@184] Going straight to cheese mine at [37, 33]
[B: #11456@184] Sensed 0 robots
[B: #11061@184] Can sense kingLoc [55, 28] ? false at distSquared 90
[B: #12806@184] Sensed 0 robots
[B: #10072@184] Can sense kingLoc [55, 28] ? false at distSquared 109
[B: #11028@184] Sensed 0 robots
[B: #10105@184] Can sense kingLoc [55, 28] ? false at distSquared 97
[B: #12917@184] Sensed 0 robots
[B: #11406@184] Can sense kingLoc [55, 28] ? false at distSquared 73
[B: #11118@184] Sensed 0 robots
[B: #13095@184] Sensed 0 robots
[B: #12999@184] Sensed 0 robots
[B: #11545@184] Sensed 0 robots
[B: #12967@184] Can sense kingLoc [55, 28] ? false at distSquared 116
[B: #13054@184] Sensed 1 robots
[B: #13054@184] Received 0 messages
[B: #12962@184] Can sense kingLoc [55, 28] ? false at distSquared 153
[B: #10672@184] Sensed 0 robots
[B: #11337@184] Can sense kingLoc [55, 28] ? false at distSquared 160
[B: #12877@184] Sensed 1 robots
[B: #12877@184] Received 0 messages
[B: #10145@184] Can sense kingLoc [55, 28] ? false at distSquared 137
[B: #11533@184] Sensed 1 robots
[B: #11533@184] Received 0 messages
[B: #12940@184] Can sense kingLoc [55, 28] ? false at distSquared 1033
[B: #11096@185] Can sense kingLoc [55, 28] ? false at distSquared 130
[B: #10819@185] Sensed 0 robots
[B: #13990@185] Going straight to cheese mine at [37, 33]
[B: #11456@185] Sensed 0 robots
[B: #11061@185] Can sense kingLoc [55, 28] ? false at distSquared 90
[B: #12806@185] Sensed 0 robots
[B: #10072@185] Can sense kingLoc [55, 28] ? false at distSquared 109
[B: #11028@185] Sensed 0 robots
[B: #10105@185] Can sense kingLoc [55, 28] ? false at distSquared 97
[B: #12917@185] Sensed 0 robots
[B: #11406@185] Can sense kingLoc [55, 28] ? false at distSquared 73
[B: #11118@185] Sensed 0 robots
[B: #13095@185] Sensed 0 robots
[B: #12999@185] Sensed 0 robots
[B: #11545@185] Sensed 0 robots
[B: #12967@185] Can sense kingLoc [55, 28] ? false at distSquared 116
[B: #13054@185] Sensed 1 robots
[B: #13054@185] Received 0 messages
[B: #12962@185] Can sense kingLoc [55, 28] ? false at distSquared 153
[B: #10672@185] Sensed 0 robots
[B: #11337@185] Can sense kingLoc [55, 28] ? false at distSquared 160
[B: #12877@185] Sensed 1 robots
[B: #12877@185] Received 0 messages
[B: #10145@185] Can sense kingLoc [55, 28] ? false at distSquared 137
[B: #11533@185] Sensed 1 robots
[B: #11533@185] Received 0 messages
[B: #12940@185] Can sense kingLoc [55, 28] ? false at distSquared 1033
[B: #11096@186] Can sense kingLoc [55, 28] ? false at distSquared 130
[B: #10819@186] Sensed 0 robots
[B: #13990@186] Going straight to cheese mine at [37, 33]
[B: #11456@186] Sensed 0 robots
[B: #11061@186] Can sense kingLoc [55, 28] ? false at distSquared 90
[B: #12806@186] Sensed 1 robots
[B: #12806@186] Received 0 messages
[B: #10072@186] Can sense kingLoc [55, 28] ? false at distSquared 109
[B: #11028@186] Sensed 0 robots
[B: #10105@186] Can sense kingLoc [55, 28] ? false at distSquared 97
[B: #12917@186] Sensed 0 robots
[B: #11406@186] Can sense kingLoc [55, 28] ? false at distSquared 73
[B: #11118@186] Sensed 0 robots
[B: #13095@186] Sensed 0 robots
[B: #12999@186] Sensed 0 robots
[B: #11545@186] Sensed 0 robots
[B: #12967@186] Can sense kingLoc [55, 28] ? false at distSquared 116
[B: #13054@186] Sensed 1 robots
[B: #13054@186] Received 0 messages
[B: #12962@186] Can sense kingLoc [55, 28] ? false at distSquared 153
[B: #10672@186] Sensed 0 robots
[B: #11337@186] Can sense kingLoc [55, 28] ? false at distSquared 160
[B: #12877@186] Sensed 1 robots
[B: #12877@186] Received 0 messages
[B: #10145@186] Can sense kingLoc [55, 28] ? false at distSquared 137
[B: #11533@186] Sensed 2 robots
[B: #11533@186] Received 0 messages
[B: #12940@186] Can sense kingLoc [55, 28] ? false at distSquared 970
[B: #11096@187] Can sense kingLoc [55, 28] ? false at distSquared 130
[B: #10819@187] Sensed 0 robots
[B: #13990@187] Going straight to cheese mine at [37, 33]
[B: #11456@187] Sensed 0 robots
[B: #11061@187] Can sense kingLoc [55, 28] ? false at distSquared 90
[B: #12806@187] Sensed 0 robots
[B: #10072@187] Can sense kingLoc [55, 28] ? false at distSquared 109
[B: #11028@187] Sensed 0 robots
[B: #10105@187] Can sense kingLoc [55, 28] ? false at distSquared 97
[B: #12917@187] Sensed 0 robots
[B: #11406@187] Can sense kingLoc [55, 28] ? false at distSquared 73
[B: #11118@187] Sensed 0 robots
[B: #13095@187] Sensed 0 robots
[B: #12999@187] Sensed 0 robots
[B: #11545@187] Sensed 0 robots
[B: #12967@187] Can sense kingLoc [55, 28] ? false at distSquared 116
[B: #13054@187] Sensed 1 robots
[B: #13054@187] Received 0 messages
[B: #12962@187] Can sense kingLoc [55, 28] ? false at distSquared 153
[B: #10672@187] Sensed 0 robots
[B: #11337@187] Can sense kingLoc [55, 28] ? false at distSquared 160
[B: #12877@187] Sensed 1 robots
[B: #12877@187] Received 0 messages
[B: #10145@187] Can sense kingLoc [55, 28] ? false at distSquared 137
[B: #11533@187] Sensed 2 robots
[B: #11533@187] Received 0 messages
[B: #12940@187] Can sense kingLoc [55, 28] ? false at distSquared 909
[B: #11096@188] Can sense kingLoc [55, 28] ? false at distSquared 130
[B: #10819@188] Sensed 0 robots
[B: #13990@188] Going straight to cheese mine at [37, 33]
[B: #11456@188] Sensed 0 robots
[B: #11061@188] Can sense kingLoc [55, 28] ? false at distSquared 90
[B: #12806@188] Sensed 0 robots
[B: #10072@188] Can sense kingLoc [55, 28] ? false at distSquared 109
[B: #11028@188] Sensed 0 robots
[B: #10105@188] Can sense kingLoc [55, 28] ? false at distSquared 97
[B: #12917@188] Sensed 1 robots
[B: #12917@188] Received 0 messages
[B: #11406@188] Can sense kingLoc [55, 28] ? false at distSquared 73
[B: #11118@188] Sensed 0 robots
[B: #13095@188] Sensed 0 robots
[B: #12999@188] Sensed 1 robots
[B: #12999@188] Received 0 messages
[B: #11545@188] Sensed 0 robots
[B: #12967@188] Can sense kingLoc [55, 28] ? false at distSquared 116
[B: #13054@188] Sensed 0 robots
[B: #12962@188] Can sense kingLoc [55, 28] ? false at distSquared 153
[B: #10672@188] Sensed 0 robots
[B: #11337@188] Can sense kingLoc [55, 28] ? false at distSquared 160
[B: #12877@188] Sensed 0 robots
[B: #10145@188] Can sense kingLoc [55, 28] ? false at distSquared 137
[B: #11533@188] Sensed 2 robots
[B: #11533@188] Received 0 messages
[B: #12940@188] Can sense kingLoc [55, 28] ? false at distSquared 909
[B: #11096@189] Can sense kingLoc [55, 28] ? false at distSquared 130
[B: #10819@189] Sensed 0 robots
[B: #13990@189] Going straight to cheese mine at [37, 33]
[B: #11456@189] Sensed 0 robots
[B: #11061@189] Can sense kingLoc [55, 28] ? false at distSquared 90
[B: #12806@189] Sensed 0 robots
[B: #10072@189] Can sense kingLoc [55, 28] ? false at distSquared 109
[B: #11028@189] Sensed 0 robots
[B: #10105@189] Can sense kingLoc [55, 28] ? false at distSquared 97
[B: #12917@189] Sensed 1 robots
[B: #12917@189] Received 0 messages
[B: #11406@189] Can sense kingLoc [55, 28] ? false at distSquared 73
[B: #11118@189] Sensed 0 robots
[B: #13095@189] Sensed 0 robots
[B: #12999@189] Sensed 1 robots
[B: #12999@189] Received 0 messages
[B: #11545@189] Sensed 0 robots
[B: #12967@189] Can sense kingLoc [55, 28] ? false at distSquared 116
[B: #13054@189] Sensed 0 robots
[B: #12962@189] Can sense kingLoc [55, 28] ? false at distSquared 153
[B: #10672@189] Sensed 0 robots
[B: #11337@189] Can sense kingLoc [55, 28] ? false at distSquared 160
[B: #12877@189] Sensed 1 robots
[B: #12877@189] Received 0 messages
[B: #10145@189] Can sense kingLoc [55, 28] ? false at distSquared 137
[B: #11533@189] Sensed 2 robots
[B: #11533@189] Received 0 messages
[B: #12940@189] Can sense kingLoc [55, 28] ? false at distSquared 850
[B: #11096@190] Can sense kingLoc [55, 28] ? false at distSquared 130
[B: #10819@190] Sensed 0 robots
[B: #13990@190] Going straight to cheese mine at [37, 33]
[B: #11456@190] Sensed 0 robots
[B: #11061@190] Can sense kingLoc [55, 28] ? false at distSquared 90
[B: #12806@190] Sensed 0 robots
[B: #10072@190] Can sense kingLoc [55, 28] ? false at distSquared 109
[B: #11028@190] Sensed 0 robots
[B: #10105@190] Can sense kingLoc [55, 28] ? false at distSquared 97
[B: #12917@190] Sensed 0 robots
[B: #11406@190] Can sense kingLoc [55, 28] ? false at distSquared 73
[B: #11118@190] Sensed 0 robots
[B: #13095@190] Sensed 0 robots
[B: #12999@190] Sensed 0 robots
[B: #11545@190] Sensed 0 robots
[B: #12967@190] Can sense kingLoc [55, 28] ? false at distSquared 116
[B: #13054@190] Sensed 0 robots
[B: #12962@190] Can sense kingLoc [55, 28] ? false at distSquared 153
[B: #10672@190] Sensed 0 robots
[B: #11337@190] Can sense kingLoc [55, 28] ? false at distSquared 160
[B: #12877@190] Sensed 1 robots
[B: #12877@190] Received 0 messages
[B: #10145@190] Can sense kingLoc [55, 28] ? false at distSquared 137
[B: #11533@190] Sensed 2 robots
[B: #11533@190] Received 0 messages
[B: #12940@190] Can sense kingLoc [55, 28] ? false at distSquared 793
[B: #11096@191] Can sense kingLoc [55, 28] ? false at distSquared 130
[B: #10819@191] Sensed 0 robots
[B: #13990@191] Going straight to cheese mine at [37, 33]
[B: #11456@191] Sensed 1 robots
[B: #11456@191] Received 0 messages
[B: #11061@191] Can sense kingLoc [55, 28] ? false at distSquared 90
[B: #12806@191] Sensed 0 robots
[B: #10072@191] Can sense kingLoc [55, 28] ? false at distSquared 109
[B: #11028@191] Sensed 0 robots
[B: #10105@191] Can sense kingLoc [55, 28] ? false at distSquared 97
[B: #12917@191] Sensed 0 robots
[B: #11406@191] Can sense kingLoc [55, 28] ? false at distSquared 73
[B: #11118@191] Sensed 0 robots
[B: #13095@191] Sensed 0 robots
[B: #12999@191] Sensed 0 robots
[B: #11545@191] Sensed 0 robots
[B: #12967@191] Can sense kingLoc [55, 28] ? false at distSquared 116
[B: #13054@191] Sensed 0 robots
[B: #12962@191] Can sense kingLoc [55, 28] ? false at distSquared 153
[B: #10672@191] Sensed 0 robots
[B: #11337@191] Can sense kingLoc [55, 28] ? false at distSquared 160
[B: #12877@191] Sensed 0 robots
[B: #10145@191] Can sense kingLoc [55, 28] ? false at distSquared 137
[B: #11533@191] Sensed 2 robots
[B: #11533@191] Received 0 messages
[B: #12940@191] Can sense kingLoc [55, 28] ? false at distSquared 738
[B: #11096@192] Can sense kingLoc [55, 28] ? false at distSquared 130
[B: #10819@192] Sensed 0 robots
[B: #13990@192] Going straight to cheese mine at [37, 33]
[B: #11456@192] Sensed 1 robots
[B: #11456@192] Received 0 messages
[B: #11061@192] Can sense kingLoc [55, 28] ? false at distSquared 90
[B: #12806@192] Sensed 0 robots
[B: #10072@192] Can sense kingLoc [55, 28] ? false at distSquared 109
[B: #11028@192] Sensed 0 robots
[B: #10105@192] Can sense kingLoc [55, 28] ? false at distSquared 97
[B: #12917@192] Sensed 0 robots
[B: #11406@192] Can sense kingLoc [55, 28] ? false at distSquared 73
[B: #11118@192] Sensed 0 robots
[B: #13095@192] Sensed 0 robots
[B: #12999@192] Sensed 0 robots
[B: #11545@192] Sensed 0 robots
[B: #12967@192] Can sense kingLoc [55, 28] ? false at distSquared 116
[B: #13054@192] Sensed 0 robots
[B: #12962@192] Can sense kingLoc [55, 28] ? false at distSquared 153
[B: #10672@192] Sensed 0 robots
[B: #11337@192] Can sense kingLoc [55, 28] ? false at distSquared 160
[B: #12877@192] Sensed 0 robots
[B: #10145@192] Can sense kingLoc [55, 28] ? false at distSquared 137
[B: #11533@192] Sensed 1 robots
[B: #11533@192] Received 0 messages
[B: #12940@192] Can sense kingLoc [55, 28] ? false at distSquared 738
[B: #11096@193] Can sense kingLoc [55, 28] ? false at distSquared 130
[B: #10819@193] Sensed 0 robots
[B: #13990@193] Going straight to cheese mine at [37, 33]
[B: #11456@193] Sensed 0 robots
[B: #11061@193] Can sense kingLoc [55, 28] ? false at distSquared 90
[B: #12806@193] Sensed 0 robots
[B: #10072@193] Can sense kingLoc [55, 28] ? false at distSquared 109
[B: #11028@193] Sensed 0 robots
[B: #10105@193] Can sense kingLoc [55, 28] ? false at distSquared 97
[B: #12917@193] Sensed 0 robots
[B: #11406@193] Can sense kingLoc [55, 28] ? false at distSquared 73
[B: #11118@193] Sensed 0 robots
[B: #13095@193] Sensed 0 robots
[B: #12999@193] Sensed 0 robots
[B: #11545@193] Sensed 0 robots
[B: #12967@193] Can sense kingLoc [55, 28] ? false at distSquared 116
[B: #13054@193] Sensed 0 robots
[B: #12962@193] Can sense kingLoc [55, 28] ? false at distSquared 153
[B: #10672@193] Sensed 0 robots
[B: #11337@193] Can sense kingLoc [55, 28] ? false at distSquared 160
[B: #12877@193] Sensed 1 robots
[B: #12877@193] Received 0 messages
[B: #10145@193] Can sense kingLoc [55, 28] ? false at distSquared 137
[B: #11533@193] Sensed 2 robots
[B: #11533@193] Received 0 messages
[B: #11533@193] Received 0 messages
[B: #12940@193] Can sense kingLoc [55, 28] ? false at distSquared 685
[B: #11096@194] Can sense kingLoc [55, 28] ? false at distSquared 130
[B: #10819@194] Sensed 0 robots
[B: #13990@194] Going straight to cheese mine at [37, 33]
[B: #11456@194] Sensed 0 robots
[B: #11061@194] Can sense kingLoc [55, 28] ? false at distSquared 90
[B: #12806@194] Sensed 0 robots
[B: #10072@194] Can sense kingLoc [55, 28] ? false at distSquared 109
[B: #11028@194] Sensed 0 robots
[B: #10105@194] Can sense kingLoc [55, 28] ? false at distSquared 97
[B: #12917@194] Sensed 0 robots
[B: #11406@194] Can sense kingLoc [55, 28] ? false at distSquared 73
[B: #11118@194] Sensed 0 robots
[B: #13095@194] Sensed 0 robots
[B: #12999@194] Sensed 0 robots
[B: #11545@194] Sensed 0 robots
[B: #12967@194] Can sense kingLoc [55, 28] ? false at distSquared 116
[B: #13054@194] Sensed 0 robots
[B: #12962@194] Can sense kingLoc [55, 28] ? false at distSquared 153
[B: #10672@194] Sensed 0 robots
[B: #11337@194] Can sense kingLoc [55, 28] ? false at distSquared 160
[B: #12877@194] Sensed 0 robots
[B: #10145@194] Can sense kingLoc [55, 28] ? false at distSquared 137
[B: #11533@194] Sensed 0 robots
[B: #12940@194] Can sense kingLoc [55, 28] ? false at distSquared 634
[B: #11096@195] Can sense kingLoc [55, 28] ? false at distSquared 130
[B: #10819@195] Sensed 0 robots
[B: #13990@195] Going straight to cheese mine at [37, 33]
[B: #11456@195] Sensed 0 robots
[B: #11061@195] Can sense kingLoc [55, 28] ? false at distSquared 90
[B: #12806@195] Sensed 0 robots
[B: #10072@195] Can sense kingLoc [55, 28] ? false at distSquared 109
[B: #11028@195] Sensed 1 robots
[B: #11028@195] Found cat at [38, 12]
[B: #10105@195] Can sense kingLoc [55, 28] ? false at distSquared 97
[B: #12917@195] Sensed 1 robots
[B: #12917@195] Received 0 messages
[B: #11406@195] Can sense kingLoc [55, 28] ? false at distSquared 73
[B: #11118@195] Sensed 0 robots
[B: #13095@195] Sensed 0 robots
[B: #12999@195] Sensed 0 robots
[B: #11545@195] Sensed 0 robots
[B: #12967@195] Can sense kingLoc [55, 28] ? false at distSquared 116
[B: #13054@195] Sensed 0 robots
[B: #12962@195] Can sense kingLoc [55, 28] ? false at distSquared 153
[B: #10672@195] Sensed 0 robots
[B: #11337@195] Can sense kingLoc [55, 28] ? false at distSquared 160
[B: #12877@195] Sensed 1 robots
[B: #12877@195] Received 0 messages
[B: #10145@195] Can sense kingLoc [55, 28] ? false at distSquared 137
[B: #11533@195] Sensed 0 robots
[B: #12940@195] Can sense kingLoc [55, 28] ? false at distSquared 634
[B: #11096@196] Can sense kingLoc [55, 28] ? false at distSquared 130
[B: #10819@196] Sensed 0 robots
[B: #13990@196] Going straight to cheese mine at [37, 33]
[B: #11456@196] Sensed 0 robots
[B: #11061@196] Can sense kingLoc [55, 28] ? false at distSquared 90
[B: #12806@196] Sensed 0 robots
[B: #10072@196] Can sense kingLoc [55, 28] ? false at distSquared 109
[B: #11028@196] Sensed 1 robots
[B: #11028@196] Found cat at [38, 12]
[B: #10105@196] Can sense kingLoc [55, 28] ? false at distSquared 97
[B: #12917@196] Sensed 1 robots
[B: #12917@196] Received 0 messages
[B: #11406@196] Can sense kingLoc [55, 28] ? false at distSquared 73
[B: #11118@196] Sensed 0 robots
[B: #13095@196] Sensed 0 robots
[B: #12999@196] Sensed 0 robots
[B: #11545@196] Sensed 0 robots
[B: #12967@196] Can sense kingLoc [55, 28] ? false at distSquared 116
[B: #13054@196] Sensed 0 robots
[B: #12962@196] Can sense kingLoc [55, 28] ? false at distSquared 153
[B: #10672@196] Sensed 1 robots
[B: #10672@196] Received 0 messages
[B: #11337@196] Can sense kingLoc [55, 28] ? false at distSquared 160
[B: #12877@196] Sensed 3 robots
[B: #12877@196] Received 0 messages
[B: #12877@196] Received 0 messages
[B: #12877@196] Received 0 messages
[B: #10145@196] Can sense kingLoc [55, 28] ? false at distSquared 137
[B: #11533@196] Sensed 0 robots
[B: #12940@196] Can sense kingLoc [55, 28] ? false at distSquared 585
[B: #11096@197] Can sense kingLoc [55, 28] ? false at distSquared 130
[B: #10819@197] Sensed 0 robots
[B: #13990@197] Going straight to cheese mine at [37, 33]
[B: #11456@197] Sensed 0 robots
[B: #11061@197] Can sense kingLoc [55, 28] ? false at distSquared 90
[B: #12806@197] Sensed 0 robots
[B: #10072@197] Can sense kingLoc [55, 28] ? false at distSquared 109
[B: #11028@197] Sensed 1 robots
[B: #11028@197] Found cat at [39, 11]
[B: #11028@197] Attacking cat at [39, 11]
[B: #10105@197] Can sense kingLoc [55, 28] ? false at distSquared 97
[B: #12917@197] Sensed 1 robots
[B: #12917@197] Received 0 messages
[B: #11406@197] Can sense kingLoc [55, 28] ? false at distSquared 73
[B: #11118@197] Sensed 0 robots
[B: #13095@197] Sensed 0 robots
[B: #12999@197] Sensed 1 robots
[B: #11545@197] Sensed 0 robots
[B: #12967@197] Can sense kingLoc [55, 28] ? false at distSquared 116
[B: #13054@197] Sensed 2 robots
[B: #13054@197] Found cat at [21, 13]
[B: #12962@197] Can sense kingLoc [55, 28] ? false at distSquared 153
[B: #10672@197] Sensed 1 robots
[B: #10672@197] Received 0 messages
[B: #11337@197] Can sense kingLoc [55, 28] ? false at distSquared 160
[B: #12877@197] Sensed 3 robots
[B: #12877@197] Received 0 messages
[B: #12877@197] Received 0 messages
[B: #10145@197] Can sense kingLoc [55, 28] ? false at distSquared 137
[B: #11533@197] Sensed 0 robots
[B: #12940@197] Can sense kingLoc [55, 28] ? false at distSquared 538
[B: #11096@198] Can sense kingLoc [55, 28] ? false at distSquared 130
[B: #10819@198] Sensed 0 robots
[B: #13990@198] Going straight to cheese mine at [37, 33]
[B: #11456@198] Sensed 1 robots
[B: #11456@198] Received 0 messages
[B: #11061@198] Can sense kingLoc [55, 28] ? false at distSquared 90
[B: #12806@198] Sensed 0 robots
[B: #10072@198] Can sense kingLoc [55, 28] ? false at distSquared 109
[B: #11028@198] Sensed 1 robots
[B: #11028@198] Found cat at [39, 11]
[B: #11028@198] Attacking cat at [39, 11]
[B: #10105@198] Can sense kingLoc [55, 28] ? false at distSquared 97
[B: #12917@198] Sensed 2 robots
[B: #12917@198] Received 0 messages
[B: #12917@198] Received 0 messages
[B: #11406@198] Can sense kingLoc [55, 28] ? false at distSquared 73
[B: #11118@198] Sensed 0 robots
[B: #13095@198] Sensed 0 robots
[B: #12999@198] Sensed 1 robots
[B: #11545@198] Sensed 0 robots
[B: #12967@198] Can sense kingLoc [55, 28] ? false at distSquared 116
[B: #13054@198] Sensed 1 robots
[B: #13054@198] Found cat at [21, 13]
[B: #12962@198] Can sense kingLoc [55, 28] ? false at distSquared 153
[B: #10672@198] Sensed 0 robots
[B: #11337@198] Can sense kingLoc [55, 28] ? false at distSquared 160
[B: #12877@198] Sensed 2 robots
[B: #12877@198] Received 0 messages
[B: #10145@198] Can sense kingLoc [55, 28] ? false at distSquared 137
[B: #11533@198] Sensed 0 robots
[B: #12940@198] Can sense kingLoc [55, 28] ? false at distSquared 493
[B: #11096@199] Can sense kingLoc [55, 28] ? false at distSquared 130
[B: #10819@199] Sensed 0 robots
[B: #13990@199] Going straight to cheese mine at [37, 33]
[B: #11456@199] Sensed 0 robots
[B: #11061@199] Can sense kingLoc [55, 28] ? false at distSquared 90
[B: #12806@199] Sensed 0 robots
[B: #10072@199] Can sense kingLoc [55, 28] ? false at distSquared 109
[B: #11028@199] Sensed 0 robots
[B: #11028@199] Found cat at [39, 11]
[B: #10105@199] Can sense kingLoc [55, 28] ? false at distSquared 97
[B: #12917@199] Sensed 0 robots
[B: #11406@199] Can sense kingLoc [55, 28] ? false at distSquared 73
[B: #11118@199] Sensed 1 robots
[B: #11118@199] Received 0 messages
[B: #13095@199] Sensed 0 robots
[B: #12999@199] Sensed 4 robots
[B: #12999@199] Received 0 messages
[B: #12999@199] Received 0 messages
[B: #12999@199] Received 0 messages
[B: #11545@199] Sensed 0 robots
[B: #12967@199] Can sense kingLoc [55, 28] ? false at distSquared 116
[B: #12962@199] Can sense kingLoc [55, 28] ? false at distSquared 153
[B: #10672@199] Sensed 0 robots
[B: #11337@199] Can sense kingLoc [55, 28] ? false at distSquared 160
[B: #12877@199] Sensed 2 robots
[B: #12877@199] Received 0 messages
[B: #10145@199] Can sense kingLoc [55, 28] ? false at distSquared 137
[B: #11533@199] Sensed 0 robots
[B: #12940@199] Can sense kingLoc [55, 28] ? false at distSquared 493
[B: #11096@200] Can sense kingLoc [55, 28] ? false at distSquared 130
[B: #10819@200] Sensed 0 robots
[B: #13990@200] Going straight to cheese mine at [37, 33]
[B: #11456@200] Sensed 0 robots
[B: #11061@200] Can sense kingLoc [55, 28] ? false at distSquared 90
[B: #12806@200] Sensed 0 robots
[B: #10072@200] Can sense kingLoc [55, 28] ? false at distSquared 109
[B: #11028@200] Sensed 0 robots
[B: #11028@200] Found cat at [39, 11]
[B: #10105@200] Can sense kingLoc [55, 28] ? false at distSquared 97
[B: #12917@200] Sensed 0 robots
[B: #11406@200] Can sense kingLoc [55, 28] ? false at distSquared 73
[B: #11118@200] Sensed 1 robots
[B: #11118@200] Received 0 messages
[B: #13095@200] Sensed 0 robots
[B: #12999@200] Sensed 3 robots
[B: #12999@200] Received 0 messages
[B: #12999@200] Received 0 messages
[B: #11545@200] Sensed 0 robots
[B: #12967@200] Can sense kingLoc [55, 28] ? false at distSquared 116
[B: #12962@200] Can sense kingLoc [55, 28] ? false at distSquared 153
[B: #10672@200] Sensed 0 robots
[B: #11337@200] Can sense kingLoc [55, 28] ? false at distSquared 160
[B: #12877@200] Sensed 0 robots
[B: #10145@200] Can sense kingLoc [55, 28] ? false at distSquared 137
[B: #11533@200] Sensed 0 robots
[B: #12940@200] Can sense kingLoc [55, 28] ? false at distSquared 450
[B: #11096@201] Can sense kingLoc [55, 28] ? false at distSquared 130
[B: #10819@201] Sensed 0 robots
[B: #13990@201] Going straight to cheese mine at [37, 33]
[B: #11456@201] Sensed 0 robots
[B: #11061@201] Can sense kingLoc [55, 28] ? false at distSquared 90
[B: #12806@201] Sensed 0 robots
[B: #10072@201] Can sense kingLoc [55, 28] ? false at distSquared 109
[B: #11028@201] Sensed 0 robots
[B: #11028@201] Found cat at [39, 11]
[B: #10105@201] Can sense kingLoc [55, 28] ? false at distSquared 97
[B: #12917@201] Sensed 0 robots
[B: #11406@201] Can sense kingLoc [55, 28] ? false at distSquared 73
[B: #11118@201] Sensed 1 robots
[B: #11118@201] Received 0 messages
[B: #13095@201] Sensed 0 robots
[B: #12999@201] Sensed 0 robots
[B: #11545@201] Sensed 0 robots
[B: #12967@201] Can sense kingLoc [55, 28] ? false at distSquared 116
[B: #12962@201] Can sense kingLoc [55, 28] ? false at distSquared 153
[B: #10672@201] Sensed 0 robots
[B: #11337@201] Can sense kingLoc [55, 28] ? false at distSquared 160
[B: #12877@201] Sensed 0 robots
[B: #10145@201] Can sense kingLoc [55, 28] ? false at distSquared 137
[B: #11533@201] Sensed 0 robots
[B: #12940@201] Can sense kingLoc [55, 28] ? false at distSquared 409
[B: #11096@202] Can sense kingLoc [55, 28] ? false at distSquared 130
[B: #10819@202] Sensed 0 robots
[B: #13990@202] Going straight to cheese mine at [37, 33]
[B: #11456@202] Sensed 0 robots
[B: #11061@202] Can sense kingLoc [55, 28] ? false at distSquared 90
[B: #12806@202] Sensed 0 robots
[B: #10072@202] Can sense kingLoc [55, 28] ? false at distSquared 109
[B: #11028@202] Sensed 1 robots
[B: #11028@202] Found cat at [41, 9]
[B: #11028@202] Reporting back with dice 9
[B: #10105@202] Can sense kingLoc [55, 28] ? false at distSquared 97
[B: #12917@202] Sensed 0 robots
[B: #11406@202] Can sense kingLoc [55, 28] ? false at distSquared 73
[B: #11118@202] Sensed 1 robots
[B: #11118@202] Received 0 messages
[B: #13095@202] Sensed 0 robots
[B: #12999@202] Sensed 0 robots
[B: #11545@202] Sensed 0 robots
[B: #12967@202] Can sense kingLoc [55, 28] ? false at distSquared 116
[B: #12962@202] Can sense kingLoc [55, 28] ? false at distSquared 153
[B: #10672@202] Sensed 0 robots
[B: #11337@202] Can sense kingLoc [55, 28] ? false at distSquared 160
[B: #12877@202] Sensed 1 robots
[B: #12877@202] Received 0 messages
[B: #10145@202] Can sense kingLoc [55, 28] ? false at distSquared 137
[B: #11533@202] Sensed 0 robots
[B: #12940@202] Can sense kingLoc [55, 28] ? false at distSquared 409
[B: #11096@203] Can sense kingLoc [55, 28] ? false at distSquared 130
[B: #10819@203] Sensed 0 robots
[B: #13990@203] Going straight to cheese mine at [37, 33]
[B: #11456@203] Sensed 0 robots
[B: #11061@203] Can sense kingLoc [55, 28] ? false at distSquared 90
[B: #12806@203] Sensed 0 robots
[B: #10072@203] Can sense kingLoc [55, 28] ? false at distSquared 109
[B: #10105@203] Can sense kingLoc [55, 28] ? false at distSquared 97
[B: #12917@203] Sensed 1 robots
[B: #12917@203] Received 0 messages
[B: #11406@203] Can sense kingLoc [55, 28] ? false at distSquared 73
[B: #11118@203] Sensed 2 robots
[B: #11118@203] Received 0 messages
[B: #11118@203] Received 0 messages
[B: #13095@203] Sensed 0 robots
[B: #12999@203] Sensed 0 robots
[B: #11545@203] Sensed 0 robots
[B: #12967@203] Can sense kingLoc [55, 28] ? false at distSquared 116
[B: #12962@203] Can sense kingLoc [55, 28] ? false at distSquared 153
[B: #10672@203] Sensed 0 robots
[B: #11337@203] Can sense kingLoc [55, 28] ? false at distSquared 160
[B: #12877@203] Sensed 1 robots
[B: #12877@203] Received 0 messages
[B: #10145@203] Can sense kingLoc [55, 28] ? false at distSquared 137
[B: #11533@203] Sensed 0 robots
[B: #12940@203] Can sense kingLoc [55, 28] ? false at distSquared 370
[B: #11096@204] Can sense kingLoc [55, 28] ? false at distSquared 130
[B: #10819@204] Sensed 0 robots
[B: #13990@204] Going straight to cheese mine at [37, 33]
[B: #11456@204] Sensed 0 robots
[B: #11061@204] Can sense kingLoc [55, 28] ? false at distSquared 90
[B: #12806@204] Sensed 0 robots
[B: #10072@204] Can sense kingLoc [55, 28] ? false at distSquared 109
[B: #10105@204] Can sense kingLoc [55, 28] ? false at distSquared 97
[B: #12917@204] Sensed 2 robots
[B: #12917@204] Received 0 messages
[B: #12917@204] Received 0 messages
[B: #11406@204] Can sense kingLoc [55, 28] ? false at distSquared 73
[B: #11118@204] Sensed 1 robots
[B: #11118@204] Received 0 messages
[B: #13095@204] Sensed 0 robots
[B: #12999@204] Sensed 0 robots
[B: #11545@204] Sensed 0 robots
[B: #12967@204] Can sense kingLoc [55, 28] ? false at distSquared 116
[B: #12962@204] Can sense kingLoc [55, 28] ? false at distSquared 153
[B: #10672@204] Sensed 0 robots
[B: #11337@204] Can sense kingLoc [55, 28] ? false at distSquared 160
[B: #12877@204] Sensed 1 robots
[B: #12877@204] Received 0 messages
[B: #10145@204] Can sense kingLoc [55, 28] ? false at distSquared 137
[B: #11533@204] Sensed 0 robots
[B: #12940@204] Can sense kingLoc [55, 28] ? false at distSquared 333
[B: #11096@205] Can sense kingLoc [55, 28] ? false at distSquared 130
[B: #10819@205] Sensed 0 robots
[B: #13990@205] Going straight to cheese mine at [37, 33]
[B: #11456@205] Sensed 0 robots
[B: #11061@205] Can sense kingLoc [55, 28] ? false at distSquared 90
[B: #12806@205] Sensed 0 robots
[B: #10072@205] Can sense kingLoc [55, 28] ? false at distSquared 109
[B: #10105@205] Can sense kingLoc [55, 28] ? false at distSquared 97
[B: #12917@205] Sensed 0 robots
[B: #11406@205] Can sense kingLoc [55, 28] ? false at distSquared 73
[B: #11118@205] Sensed 0 robots
[B: #13095@205] Sensed 0 robots
[B: #12999@205] Sensed 0 robots
[B: #11545@205] Sensed 0 robots
[B: #12967@205] Can sense kingLoc [55, 28] ? false at distSquared 116
[B: #12962@205] Can sense kingLoc [55, 28] ? false at distSquared 153
[B: #10672@205] Sensed 0 robots
[B: #11337@205] Can sense kingLoc [55, 28] ? false at distSquared 160
[B: #12877@205] Sensed 1 robots
[B: #12877@205] Received 0 messages
[B: #10145@205] Can sense kingLoc [55, 28] ? false at distSquared 137
[B: #11533@205] Sensed 0 robots
[B: #12940@205] Can sense kingLoc [55, 28] ? false at distSquared 298
[B: #11096@206] Can sense kingLoc [55, 28] ? false at distSquared 130
[B: #10819@206] Sensed 0 robots
[B: #13990@206] Going straight to cheese mine at [37, 33]
[B: #11456@206] Sensed 0 robots
[B: #11061@206] Can sense kingLoc [55, 28] ? false at distSquared 90
[B: #12806@206] Sensed 0 robots
[B: #10072@206] Can sense kingLoc [55, 28] ? false at distSquared 109
[B: #10105@206] Can sense kingLoc [55, 28] ? false at distSquared 97
[B: #12917@206] Sensed 0 robots
[B: #11406@206] Can sense kingLoc [55, 28] ? false at distSquared 73
[B: #11118@206] Sensed 1 robots
[B: #11118@206] Received 0 messages
[B: #13095@206] Sensed 0 robots
[B: #12999@206] Sensed 0 robots
[B: #11545@206] Sensed 0 robots
[B: #12967@206] Can sense kingLoc [55, 28] ? false at distSquared 116
[B: #12962@206] Can sense kingLoc [55, 28] ? false at distSquared 153
[B: #10672@206] Sensed 0 robots
[B: #11337@206] Can sense kingLoc [55, 28] ? false at distSquared 160
[B: #12877@206] Sensed 0 robots
[B: #10145@206] Can sense kingLoc [55, 28] ? false at distSquared 137
[B: #11533@206] Sensed 0 robots
[B: #12940@206] Can sense kingLoc [55, 28] ? false at distSquared 298
[B: #11096@207] Can sense kingLoc [55, 28] ? false at distSquared 130
[B: #10819@207] Sensed 1 robots
[B: #10819@207] Found cat at [44, 8]
[B: #13990@207] Going straight to cheese mine at [37, 33]
[B: #11456@207] Sensed 0 robots
[B: #11061@207] Can sense kingLoc [55, 28] ? false at distSquared 90
[B: #12806@207] Sensed 0 robots
[B: #10072@207] Can sense kingLoc [55, 28] ? false at distSquared 109
[B: #10105@207] Can sense kingLoc [55, 28] ? false at distSquared 97
[B: #12917@207] Sensed 0 robots
[B: #11406@207] Can sense kingLoc [55, 28] ? false at distSquared 73
[B: #11118@207] Sensed 0 robots
[B: #13095@207] Sensed 0 robots
[B: #12999@207] Sensed 1 robots
[B: #12999@207] Received 0 messages
[B: #11545@207] Sensed 0 robots
[B: #12967@207] Can sense kingLoc [55, 28] ? false at distSquared 116
[B: #12962@207] Can sense kingLoc [55, 28] ? false at distSquared 153
[B: #10672@207] Sensed 0 robots
[B: #11337@207] Can sense kingLoc [55, 28] ? false at distSquared 160
[B: #12877@207] Sensed 0 robots
[B: #10145@207] Can sense kingLoc [55, 28] ? false at distSquared 137
[B: #11533@207] Sensed 1 robots
[B: #11533@207] Found cat at [21, 11]
[B: #12940@207] Can sense kingLoc [55, 28] ? false at distSquared 265
[B: #11096@208] Can sense kingLoc [55, 28] ? false at distSquared 130
[B: #10819@208] Sensed 2 robots
[B: #10819@208] Found cat at [44, 8]
[B: #13990@208] Going straight to cheese mine at [37, 33]
[B: #11456@208] Sensed 0 robots
[B: #11061@208] Can sense kingLoc [55, 28] ? false at distSquared 90
[B: #12806@208] Sensed 0 robots
[B: #10072@208] Can sense kingLoc [55, 28] ? false at distSquared 109
[B: #10105@208] Can sense kingLoc [55, 28] ? false at distSquared 97
[B: #12917@208] Sensed 0 robots
[B: #11406@208] Can sense kingLoc [55, 28] ? false at distSquared 73
[B: #11118@208] Sensed 0 robots
[B: #13095@208] Sensed 0 robots
[B: #12999@208] Sensed 2 robots
[B: #12999@208] Received 0 messages
[B: #11545@208] Sensed 1 robots
[B: #11545@208] Received 0 messages
[B: #12967@208] Can sense kingLoc [55, 28] ? false at distSquared 116
[B: #12962@208] Can sense kingLoc [55, 28] ? false at distSquared 153
[B: #10672@208] Sensed 0 robots
[B: #11337@208] Can sense kingLoc [55, 28] ? false at distSquared 160
[B: #12877@208] Sensed 0 robots
[B: #10145@208] Can sense kingLoc [55, 28] ? false at distSquared 137
[B: #11533@208] Sensed 1 robots
[B: #11533@208] Found cat at [21, 11]
[B: #12940@208] Can sense kingLoc [55, 28] ? false at distSquared 234
[B: #11096@209] Can sense kingLoc [55, 28] ? false at distSquared 130
[B: #13990@209] Going straight to cheese mine at [37, 33]
[B: #11456@209] Sensed 1 robots
[B: #11456@209] Received 0 messages
[B: #11061@209] Can sense kingLoc [55, 28] ? false at distSquared 90
[B: #12806@209] Sensed 0 robots
[B: #10072@209] Can sense kingLoc [55, 28] ? false at distSquared 109
[B: #10105@209] Can sense kingLoc [55, 28] ? false at distSquared 97
[B: #12917@209] Sensed 0 robots
[B: #11406@209] Can sense kingLoc [55, 28] ? false at distSquared 73
[B: #11118@209] Sensed 0 robots
[B: #13095@209] Sensed 0 robots
[B: #12999@209] Sensed 1 robots
[B: #11545@209] Sensed 0 robots
[B: #12967@209] Can sense kingLoc [55, 28] ? false at distSquared 116
[B: #12962@209] Can sense kingLoc [55, 28] ? false at distSquared 153
[B: #10672@209] Sensed 0 robots
[B: #11337@209] Can sense kingLoc [55, 28] ? false at distSquared 160
[B: #12877@209] Sensed 1 robots
[B: #12877@209] Received 0 messages
[B: #10145@209] Can sense kingLoc [55, 28] ? false at distSquared 137
[B: #11533@209] Sensed 1 robots
[B: #11533@209] Found cat at [21, 12]
[B: #11533@209] Attacking cat at [21, 12]
[B: #12940@209] Can sense kingLoc [55, 28] ? false at distSquared 234
[B: #11096@210] Can sense kingLoc [55, 28] ? false at distSquared 130
[B: #13990@210] Going straight to cheese mine at [37, 33]
[B: #11456@210] Sensed 1 robots
[B: #11456@210] Received 0 messages
[B: #11061@210] Can sense kingLoc [55, 28] ? false at distSquared 90
[B: #12806@210] Sensed 0 robots
[B: #10072@210] Can sense kingLoc [55, 28] ? false at distSquared 109
[B: #10105@210] Can sense kingLoc [55, 28] ? false at distSquared 97
[B: #12917@210] Sensed 0 robots
[B: #11406@210] Can sense kingLoc [55, 28] ? false at distSquared 73
[B: #11118@210] Sensed 0 robots
[B: #13095@210] Sensed 0 robots
[B: #12999@210] Sensed 1 robots
[B: #11545@210] Sensed 0 robots
[B: #12967@210] Can sense kingLoc [55, 28] ? false at distSquared 116
[B: #12962@210] Can sense kingLoc [55, 28] ? false at distSquared 153
[B: #10672@210] Sensed 0 robots
[B: #11337@210] Can sense kingLoc [55, 28] ? false at distSquared 160
[B: #12877@210] Sensed 1 robots
[B: #12877@210] Received 0 messages
[B: #10145@210] Can sense kingLoc [55, 28] ? false at distSquared 137
[B: #11533@210] Sensed 1 robots
[B: #11533@210] Found cat at [21, 12]
[B: #11533@210] Attacking cat at [21, 12]
[B: #12940@210] Can sense kingLoc [55, 28] ? false at distSquared 205
[B: #11096@211] Can sense kingLoc [55, 28] ? false at distSquared 130
[B: #13990@211] Going straight to cheese mine at [37, 33]
[B: #11456@211] Sensed 1 robots
[B: #11456@211] Received 0 messages
[B: #11061@211] Can sense kingLoc [55, 28] ? false at distSquared 90
[B: #12806@211] Sensed 0 robots
[B: #10072@211] Can sense kingLoc [55, 28] ? false at distSquared 109
[B: #10105@211] Can sense kingLoc [55, 28] ? false at distSquared 97
[B: #12917@211] Sensed 0 robots
[B: #11406@211] Can sense kingLoc [55, 28] ? false at distSquared 73
[B: #11118@211] Sensed 1 robots
[B: #11118@211] Received 0 messages
[B: #13095@211] Sensed 0 robots
[B: #12999@211] Sensed 2 robots
[B: #12999@211] Received 0 messages
[B: #11545@211] Sensed 0 robots
[B: #12967@211] Can sense kingLoc [55, 28] ? false at distSquared 116
[B: #12962@211] Can sense kingLoc [55, 28] ? false at distSquared 153
[B: #10672@211] Sensed 0 robots
[B: #11337@211] Can sense kingLoc [55, 28] ? false at distSquared 160
[B: #12877@211] Sensed 1 robots
[B: #12877@211] Received 0 messages
[B: #10145@211] Can sense kingLoc [55, 28] ? false at distSquared 137
[B: #11533@211] Sensed 1 robots
[B: #11533@211] Found cat at [21, 13]
[B: #11533@211] Attacking cat at [21, 13]
[B: #12940@211] Can sense kingLoc [55, 28] ? false at distSquared 178
[B: #11096@212] Can sense kingLoc [55, 28] ? false at distSquared 130
[B: #13990@212] Going straight to cheese mine at [37, 33]
[B: #11456@212] Sensed 0 robots
[B: #11061@212] Can sense kingLoc [55, 28] ? false at distSquared 90
[B: #12806@212] Sensed 1 robots
[B: #12806@212] Found cat at [21, 13]
[B: #10072@212] Can sense kingLoc [55, 28] ? false at distSquared 109
[B: #10105@212] Can sense kingLoc [55, 28] ? false at distSquared 97
[B: #12917@212] Sensed 0 robots
[B: #11406@212] Can sense kingLoc [55, 28] ? false at distSquared 73
[B: #11118@212] Sensed 1 robots
[B: #11118@212] Received 0 messages
[B: #13095@212] Sensed 0 robots
[B: #12999@212] Sensed 2 robots
[B: #12999@212] Received 0 messages
[B: #11545@212] Sensed 0 robots
[B: #12967@212] Can sense kingLoc [55, 28] ? false at distSquared 116
[B: #12962@212] Can sense kingLoc [55, 28] ? false at distSquared 153
[B: #10672@212] Sensed 0 robots
[B: #11337@212] Can sense kingLoc [55, 28] ? false at distSquared 160
[B: #12877@212] Sensed 1 robots
[B: #12877@212] Received 0 messages
[B: #10145@212] Can sense kingLoc [55, 28] ? false at distSquared 137
[B: #11533@212] Sensed 1 robots
[B: #11533@212] Found cat at [21, 13]
[B: #11533@212] Attacking cat at [21, 13]
[B: #12940@212] Can sense kingLoc [55, 28] ? false at distSquared 178
[B: #11096@213] Can sense kingLoc [55, 28] ? false at distSquared 130
[B: #13990@213] Going straight to cheese mine at [37, 33]
[B: #11456@213] Sensed 0 robots
[B: #11061@213] Can sense kingLoc [55, 28] ? false at distSquared 90
[B: #12806@213] Sensed 1 robots
[B: #12806@213] Found cat at [20, 12]
[B: #10072@213] Can sense kingLoc [55, 28] ? false at distSquared 109
[B: #10105@213] Can sense kingLoc [55, 28] ? false at distSquared 97
[B: #12917@213] Sensed 0 robots
[B: #11406@213] Can sense kingLoc [55, 28] ? false at distSquared 73
[B: #11118@213] Sensed 1 robots
[B: #11118@213] Received 0 messages
[B: #13095@213] Sensed 0 robots
[B: #12999@213] Sensed 0 robots
[B: #11545@213] Sensed 0 robots
[B: #12967@213] Can sense kingLoc [55, 28] ? false at distSquared 116
[B: #12962@213] Can sense kingLoc [55, 28] ? false at distSquared 153
[B: #10672@213] Sensed 0 robots
[B: #11337@213] Can sense kingLoc [55, 28] ? false at distSquared 160
[B: #12877@213] Sensed 1 robots
[B: #12877@213] Received 0 messages
[B: #10145@213] Can sense kingLoc [55, 28] ? false at distSquared 137
[B: #12940@213] Can sense kingLoc [55, 28] ? false at distSquared 178
[B: #11096@214] Can sense kingLoc [55, 28] ? false at distSquared 130
[B: #13990@214] Going straight to cheese mine at [37, 33]
[B: #11456@214] Sensed 0 robots
[B: #11061@214] Can sense kingLoc [55, 28] ? false at distSquared 90
[B: #12806@214] Sensed 1 robots
[B: #12806@214] Found cat at [20, 12]
[B: #12806@214] Reporting back with dice 9
[B: #10072@214] Can sense kingLoc [55, 28] ? false at distSquared 109
[B: #10105@214] Can sense kingLoc [55, 28] ? false at distSquared 97
[B: #12917@214] Sensed 0 robots
[B: #11406@214] Can sense kingLoc [55, 28] ? false at distSquared 73
[B: #11118@214] Sensed 1 robots
[B: #11118@214] Received 0 messages
[B: #13095@214] Sensed 1 robots
[B: #13095@214] Received 0 messages
[B: #12999@214] Sensed 0 robots
[B: #11545@214] Sensed 0 robots
[B: #12967@214] Can sense kingLoc [55, 28] ? false at distSquared 116
[B: #12962@214] Can sense kingLoc [55, 28] ? false at distSquared 153
[B: #10672@214] Sensed 0 robots
[B: #11337@214] Can sense kingLoc [55, 28] ? false at distSquared 160
[B: #12877@214] Sensed 0 robots
[B: #10145@214] Can sense kingLoc [55, 28] ? false at distSquared 137
[B: #12940@214] Can sense kingLoc [55, 28] ? false at distSquared 178
[B: #11096@215] Can sense kingLoc [55, 28] ? false at distSquared 130
[B: #13990@215] Going straight to cheese mine at [37, 33]
[B: #11456@215] Sensed 0 robots
[B: #11061@215] Can sense kingLoc [55, 28] ? false at distSquared 90
[B: #10072@215] Can sense kingLoc [55, 28] ? false at distSquared 109
[B: #11028@215] GameActionException in RobotPlayer:
[B: #11028@215] battlecode.common.GameActionException: Target location is not on the map
[B: #11028@215] 	at battlecode.world.RobotControllerImpl.assertCanSenseLocation(RobotControllerImpl.java:217)
[B: #11028@215] 	at battlecode.world.RobotControllerImpl.senseMapInfo(RobotControllerImpl.java:646)
[B: #11028@215] 	at teacher08a.CatAttacker.runReportBack(CatAttacker.java:185)
[B: #11028@215] 	at teacher08a.CatAttacker.doAction(CatAttacker.java:37)
[B: #11028@215] 	at teacher08a.RobotPlayer.run(RobotPlayer.java:25)
[B: #11028@215] 	at java.base/jdk.internal.reflect.DirectMethodHandleAccessor.invoke(DirectMethodHandleAccessor.java:103)
[B: #11028@215] 	at java.base/java.lang.reflect.Method.invoke(Method.java:580)
[B: #11028@215] 	at battlecode.instrumenter.SandboxedRobotPlayer.loadAndRunPlayerJava(SandboxedRobotPlayer.java:306)
[B: #11028@215] 	at battlecode.instrumenter.SandboxedRobotPlayer.loadAndRunPlayer(SandboxedRobotPlayer.java:268)
[B: #11028@215] 	at battlecode.instrumenter.SandboxedRobotPlayer.lambda$new$2(SandboxedRobotPlayer.java:202)
[B: #11028@215] 	at java.base/java.lang.Thread.run(Thread.java:1583)
[B: #10105@215] Can sense kingLoc [55, 28] ? false at distSquared 97
[B: #12917@215] Sensed 0 robots
[B: #11406@215] Can sense kingLoc [55, 28] ? false at distSquared 73
[B: #11118@215] Sensed 0 robots
[B: #13095@215] Sensed 1 robots
[B: #13095@215] Received 0 messages
[B: #12999@215] Sensed 1 robots
[B: #12999@215] Received 0 messages
[B: #11545@215] Sensed 0 robots
[B: #12967@215] Can sense kingLoc [55, 28] ? false at distSquared 116
[B: #12962@215] Can sense kingLoc [55, 28] ? false at distSquared 153
[B: #10672@215] Sensed 1 robots
[B: #10672@215] Found cat at [19, 11]
[B: #11337@215] Can sense kingLoc [55, 28] ? false at distSquared 160
[B: #12877@215] Sensed 0 robots
[B: #10145@215] Can sense kingLoc [55, 28] ? false at distSquared 137
[B: #12940@215] Can sense kingLoc [55, 28] ? false at distSquared 178
[B: #11096@216] Can sense kingLoc [55, 28] ? false at distSquared 130
[B: #13990@216] Going straight to cheese mine at [37, 33]
[B: #11456@216] Sensed 0 robots
[B: #11061@216] Can sense kingLoc [55, 28] ? false at distSquared 90
[B: #10072@216] Can sense kingLoc [55, 28] ? false at distSquared 109
[B: #11028@216] GameActionException in RobotPlayer:
[B: #11028@216] battlecode.common.GameActionException: Target location is not on the map
[B: #11028@216] 	at battlecode.world.RobotControllerImpl.assertCanSenseLocation(RobotControllerImpl.java:217)
[B: #11028@216] 	at battlecode.world.RobotControllerImpl.senseMapInfo(RobotControllerImpl.java:646)
[B: #11028@216] 	at teacher08a.CatAttacker.runReportBack(CatAttacker.java:185)
[B: #11028@216] 	at teacher08a.CatAttacker.doAction(CatAttacker.java:37)
[B: #11028@216] 	at teacher08a.RobotPlayer.run(RobotPlayer.java:25)
[B: #11028@216] 	at java.base/jdk.internal.reflect.DirectMethodHandleAccessor.invoke(DirectMethodHandleAccessor.java:103)
[B: #11028@216] 	at java.base/java.lang.reflect.Method.invoke(Method.java:580)
[B: #11028@216] 	at battlecode.instrumenter.SandboxedRobotPlayer.loadAndRunPlayerJava(SandboxedRobotPlayer.java:306)
[B: #11028@216] 	at battlecode.instrumenter.SandboxedRobotPlayer.loadAndRunPlayer(SandboxedRobotPlayer.java:268)
[B: #11028@216] 	at battlecode.instrumenter.SandboxedRobotPlayer.lambda$new$2(SandboxedRobotPlayer.java:202)
[B: #11028@216] 	at java.base/java.lang.Thread.run(Thread.java:1583)
[B: #10105@216] Can sense kingLoc [55, 28] ? false at distSquared 97
[B: #12917@216] Sensed 0 robots
[B: #11406@216] Can sense kingLoc [55, 28] ? false at distSquared 73
[B: #11118@216] Sensed 0 robots
[B: #13095@216] Sensed 0 robots
[B: #12999@216] Sensed 1 robots
[B: #12999@216] Received 0 messages
[B: #11545@216] Sensed 0 robots
[B: #12967@216] Can sense kingLoc [55, 28] ? false at distSquared 116
[B: #12962@216] Can sense kingLoc [55, 28] ? false at distSquared 153
[B: #10672@216] Sensed 1 robots
[B: #10672@216] Found cat at [19, 11]
[B: #11337@216] Can sense kingLoc [55, 28] ? false at distSquared 160
[B: #12877@216] Sensed 1 robots
[B: #12877@216] Received 0 messages
[B: #10145@216] Can sense kingLoc [55, 28] ? false at distSquared 137
[B: #12940@216] Can sense kingLoc [55, 28] ? false at distSquared 178
[B: #11096@217] Can sense kingLoc [55, 28] ? false at distSquared 130
[B: #13990@217] Going straight to cheese mine at [37, 33]
[B: #11456@217] Sensed 0 robots
[B: #11061@217] Can sense kingLoc [55, 28] ? false at distSquared 90
[B: #10072@217] Can sense kingLoc [55, 28] ? false at distSquared 109
[B: #11028@217] GameActionException in RobotPlayer:
[B: #11028@217] battlecode.common.GameActionException: Target location is not on the map
[B: #11028@217] 	at battlecode.world.RobotControllerImpl.assertCanSenseLocation(RobotControllerImpl.java:217)
[B: #11028@217] 	at battlecode.world.RobotControllerImpl.senseMapInfo(RobotControllerImpl.java:646)
[B: #11028@217] 	at teacher08a.CatAttacker.runReportBack(CatAttacker.java:185)
[B: #11028@217] 	at teacher08a.CatAttacker.doAction(CatAttacker.java:37)
[B: #11028@217] 	at teacher08a.RobotPlayer.run(RobotPlayer.java:25)
[B: #11028@217] 	at java.base/jdk.internal.reflect.DirectMethodHandleAccessor.invoke(DirectMethodHandleAccessor.java:103)
[B: #11028@217] 	at java.base/java.lang.reflect.Method.invoke(Method.java:580)
[B: #11028@217] 	at battlecode.instrumenter.SandboxedRobotPlayer.loadAndRunPlayerJava(SandboxedRobotPlayer.java:306)
[B: #11028@217] 	at battlecode.instrumenter.SandboxedRobotPlayer.loadAndRunPlayer(SandboxedRobotPlayer.java:268)
[B: #11028@217] 	at battlecode.instrumenter.SandboxedRobotPlayer.lambda$new$2(SandboxedRobotPlayer.java:202)
[B: #11028@217] 	at java.base/java.lang.Thread.run(Thread.java:1583)
[B: #10105@217] Can sense kingLoc [55, 28] ? false at distSquared 97
[B: #12917@217] Sensed 0 robots
[B: #11406@217] Can sense kingLoc [55, 28] ? false at distSquared 73
[B: #11118@217] Sensed 0 robots
[B: #13095@217] Sensed 0 robots
[B: #12999@217] Sensed 1 robots
[B: #12999@217] Received 0 messages
[B: #11545@217] Sensed 3 robots
[B: #11545@217] Received 0 messages
[B: #11545@217] Received 0 messages
[B: #11545@217] Received 0 messages
[B: #12967@217] Can sense kingLoc [55, 28] ? false at distSquared 116
[B: #12962@217] Can sense kingLoc [55, 28] ? false at distSquared 153
[B: #10672@217] Sensed 2 robots
[B: #10672@217] Received 0 messages
[B: #10672@217] Found cat at [18, 10]
[B: #11337@217] Can sense kingLoc [55, 28] ? false at distSquared 160
[B: #12877@217] Sensed 0 robots
[B: #10145@217] Can sense kingLoc [55, 28] ? false at distSquared 137
[B: #12940@217] Can sense kingLoc [55, 28] ? false at distSquared 178
[B: #11096@218] Can sense kingLoc [55, 28] ? false at distSquared 130
[B: #13990@218] Going straight to cheese mine at [37, 33]
[B: #11456@218] Sensed 0 robots
[B: #11061@218] Can sense kingLoc [55, 28] ? false at distSquared 90
[B: #12806@218] From [21, 13] Sent a squeak 17676 for cat at [20, 12]
[B: #10072@218] Can sense kingLoc [55, 28] ? false at distSquared 109
[B: #11028@218] GameActionException in RobotPlayer:
[B: #11028@218] battlecode.common.GameActionException: Target location is not on the map
[B: #11028@218] 	at battlecode.world.RobotControllerImpl.assertCanSenseLocation(RobotControllerImpl.java:217)
[B: #11028@218] 	at battlecode.world.RobotControllerImpl.senseMapInfo(RobotControllerImpl.java:646)
[B: #11028@218] 	at teacher08a.CatAttacker.runReportBack(CatAttacker.java:185)
[B: #11028@218] 	at teacher08a.CatAttacker.doAction(CatAttacker.java:37)
[B: #11028@218] 	at teacher08a.RobotPlayer.run(RobotPlayer.java:25)
[B: #11028@218] 	at java.base/jdk.internal.reflect.DirectMethodHandleAccessor.invoke(DirectMethodHandleAccessor.java:103)
[B: #11028@218] 	at java.base/java.lang.reflect.Method.invoke(Method.java:580)
[B: #11028@218] 	at battlecode.instrumenter.SandboxedRobotPlayer.loadAndRunPlayerJava(SandboxedRobotPlayer.java:306)
[B: #11028@218] 	at battlecode.instrumenter.SandboxedRobotPlayer.loadAndRunPlayer(SandboxedRobotPlayer.java:268)
[B: #11028@218] 	at battlecode.instrumenter.SandboxedRobotPlayer.lambda$new$2(SandboxedRobotPlayer.java:202)
[B: #11028@218] 	at java.base/java.lang.Thread.run(Thread.java:1583)
[B: #10105@218] Can sense kingLoc [55, 28] ? false at distSquared 97
[B: #12917@218] Sensed 0 robots
[B: #11406@218] Can sense kingLoc [55, 28] ? false at distSquared 73
[B: #11118@218] Sensed 0 robots
[B: #13095@218] Sensed 0 robots
[B: #12999@218] Sensed 1 robots
[B: #11545@218] Sensed 6 robots
[B: #11545@218] Received 0 messages
[B: #11545@218] Received 0 messages
[B: #11545@218] Received 0 messages
[B: #11545@218] Received 0 messages
[B: #11545@218] Received 0 messages
[B: #11545@218] Received 0 messages
[B: #12967@218] Can sense kingLoc [55, 28] ? false at distSquared 116
[B: #12962@218] Can sense kingLoc [55, 28] ? false at distSquared 153
[B: #10672@218] Sensed 1 robots
[B: #10672@218] Found cat at [18, 10]
[B: #11337@218] Can sense kingLoc [55, 28] ? false at distSquared 160
[B: #12877@218] Sensed 0 robots
[B: #10145@218] Can sense kingLoc [55, 28] ? false at distSquared 137
[B: #12940@218] Can sense kingLoc [55, 28] ? false at distSquared 178
[B: #11096@219] Can sense kingLoc [55, 28] ? false at distSquared 130
[B: #13990@219] Going straight to cheese mine at [37, 33]
[B: #11456@219] Sensed 0 robots
[B: #11061@219] Can sense kingLoc [55, 28] ? false at distSquared 90
[B: #12806@219] Sensed 2 robots
[B: #12806@219] Received 0 messages
[B: #12806@219] Found cat at [17, 9]
[B: #10072@219] Can sense kingLoc [55, 28] ? false at distSquared 109
[B: #11028@219] GameActionException in RobotPlayer:
[B: #11028@219] battlecode.common.GameActionException: Target location is not on the map
[B: #11028@219] 	at battlecode.world.RobotControllerImpl.assertCanSenseLocation(RobotControllerImpl.java:217)
[B: #11028@219] 	at battlecode.world.RobotControllerImpl.senseMapInfo(RobotControllerImpl.java:646)
[B: #11028@219] 	at teacher08a.CatAttacker.runReportBack(CatAttacker.java:185)
[B: #11028@219] 	at teacher08a.CatAttacker.doAction(CatAttacker.java:37)
[B: #11028@219] 	at teacher08a.RobotPlayer.run(RobotPlayer.java:25)
[B: #11028@219] 	at java.base/jdk.internal.reflect.DirectMethodHandleAccessor.invoke(DirectMethodHandleAccessor.java:103)
[B: #11028@219] 	at java.base/java.lang.reflect.Method.invoke(Method.java:580)
[B: #11028@219] 	at battlecode.instrumenter.SandboxedRobotPlayer.loadAndRunPlayerJava(SandboxedRobotPlayer.java:306)
[B: #11028@219] 	at battlecode.instrumenter.SandboxedRobotPlayer.loadAndRunPlayer(SandboxedRobotPlayer.java:268)
[B: #11028@219] 	at battlecode.instrumenter.SandboxedRobotPlayer.lambda$new$2(SandboxedRobotPlayer.java:202)
[B: #11028@219] 	at java.base/java.lang.Thread.run(Thread.java:1583)
[B: #10105@219] Can sense kingLoc [55, 28] ? false at distSquared 97
[B: #12917@219] Sensed 0 robots
[B: #11406@219] Can sense kingLoc [55, 28] ? false at distSquared 73
[B: #11118@219] Sensed 0 robots
[B: #13095@219] Sensed 0 robots
[B: #12999@219] Sensed 1 robots
[B: #11545@219] Sensed 8 robots
[B: #11545@219] Received 0 messages
[B: #11545@219] Received 0 messages
[B: #11545@219] Received 0 messages
[B: #11545@219] Received 0 messages
[B: #11545@219] Received 0 messages
[B: #11545@219] Received 0 messages
[B: #11545@219] Received 0 messages
[B: #11545@219] Received 0 messages
[B: #12967@219] Can sense kingLoc [55, 28] ? false at distSquared 116
[B: #12962@219] Can sense kingLoc [55, 28] ? false at distSquared 153
[B: #10672@219] Sensed 1 robots
[B: #10672@219] Found cat at [17, 9]
[B: #11337@219] Can sense kingLoc [55, 28] ? false at distSquared 160
[B: #12877@219] Sensed 0 robots
[B: #10145@219] Can sense kingLoc [55, 28] ? false at distSquared 137
[B: #12940@219] Can sense kingLoc [55, 28] ? false at distSquared 178
[B: #11096@220] Can sense kingLoc [55, 28] ? false at distSquared 130
[B: #13990@220] Going straight to cheese mine at [37, 33]
[B: #11456@220] Sensed 1 robots
[B: #11456@220] Received 0 messages
[B: #11061@220] Can sense kingLoc [55, 28] ? false at distSquared 90
[B: #12806@220] Sensed 2 robots
[B: #12806@220] Received 0 messages
[B: #12806@220] Found cat at [17, 9]
[B: #10072@220] Can sense kingLoc [55, 28] ? false at distSquared 109
[B: #11028@220] GameActionException in RobotPlayer:
[B: #11028@220] battlecode.common.GameActionException: Target location is not on the map
[B: #11028@220] 	at battlecode.world.RobotControllerImpl.assertCanSenseLocation(RobotControllerImpl.java:217)
[B: #11028@220] 	at battlecode.world.RobotControllerImpl.senseMapInfo(RobotControllerImpl.java:646)
[B: #11028@220] 	at teacher08a.CatAttacker.runReportBack(CatAttacker.java:185)
[B: #11028@220] 	at teacher08a.CatAttacker.doAction(CatAttacker.java:37)
[B: #11028@220] 	at teacher08a.RobotPlayer.run(RobotPlayer.java:25)
[B: #11028@220] 	at java.base/jdk.internal.reflect.DirectMethodHandleAccessor.invoke(DirectMethodHandleAccessor.java:103)
[B: #11028@220] 	at java.base/java.lang.reflect.Method.invoke(Method.java:580)
[B: #11028@220] 	at battlecode.instrumenter.SandboxedRobotPlayer.loadAndRunPlayerJava(SandboxedRobotPlayer.java:306)
[B: #11028@220] 	at battlecode.instrumenter.SandboxedRobotPlayer.loadAndRunPlayer(SandboxedRobotPlayer.java:268)
[B: #11028@220] 	at battlecode.instrumenter.SandboxedRobotPlayer.lambda$new$2(SandboxedRobotPlayer.java:202)
[B: #11028@220] 	at java.base/java.lang.Thread.run(Thread.java:1583)
[B: #10105@220] Can sense kingLoc [55, 28] ? false at distSquared 97
[B: #12917@220] Sensed 0 robots
[B: #11406@220] Can sense kingLoc [55, 28] ? false at distSquared 73
[B: #11118@220] Sensed 0 robots
[B: #13095@220] Sensed 0 robots
[B: #12999@220] Sensed 1 robots
[B: #11545@220] Sensed 3 robots
[B: #11545@220] Received 0 messages
[B: #11545@220] Received 0 messages
[B: #11545@220] Received 0 messages
[B: #12967@220] Can sense kingLoc [55, 28] ? false at distSquared 116
[B: #12962@220] Can sense kingLoc [55, 28] ? false at distSquared 153
[B: #10672@220] Sensed 1 robots
[B: #10672@220] Found cat at [17, 9]
[B: #11337@220] Can sense kingLoc [55, 28] ? false at distSquared 160
[B: #12877@220] Sensed 1 robots
[B: #12877@220] Found cat at [17, 9]
[B: #10145@220] Can sense kingLoc [55, 28] ? false at distSquared 137
[B: #12940@220] Can sense kingLoc [55, 28] ? false at distSquared 178
[B: #11096@221] Can sense kingLoc [55, 28] ? false at distSquared 130
[B: #13990@221] Going straight to cheese mine at [37, 33]
[B: #11456@221] Sensed 1 robots
[B: #11456@221] Received 0 messages
[B: #11061@221] Can sense kingLoc [55, 28] ? false at distSquared 90
[B: #12806@221] Sensed 2 robots
[B: #12806@221] Received 0 messages
[B: #12806@221] Found cat at [16, 8]
[B: #10072@221] Can sense kingLoc [55, 28] ? false at distSquared 109
[B: #11028@221] GameActionException in RobotPlayer:
[B: #11028@221] battlecode.common.GameActionException: Target location is not on the map
[B: #11028@221] 	at battlecode.world.RobotControllerImpl.assertCanSenseLocation(RobotControllerImpl.java:217)
[B: #11028@221] 	at battlecode.world.RobotControllerImpl.senseMapInfo(RobotControllerImpl.java:646)
[B: #11028@221] 	at teacher08a.CatAttacker.runReportBack(CatAttacker.java:185)
[B: #11028@221] 	at teacher08a.CatAttacker.doAction(CatAttacker.java:37)
[B: #11028@221] 	at teacher08a.RobotPlayer.run(RobotPlayer.java:25)
[B: #11028@221] 	at java.base/jdk.internal.reflect.DirectMethodHandleAccessor.invoke(DirectMethodHandleAccessor.java:103)
[B: #11028@221] 	at java.base/java.lang.reflect.Method.invoke(Method.java:580)
[B: #11028@221] 	at battlecode.instrumenter.SandboxedRobotPlayer.loadAndRunPlayerJava(SandboxedRobotPlayer.java:306)
[B: #11028@221] 	at battlecode.instrumenter.SandboxedRobotPlayer.loadAndRunPlayer(SandboxedRobotPlayer.java:268)
[B: #11028@221] 	at battlecode.instrumenter.SandboxedRobotPlayer.lambda$new$2(SandboxedRobotPlayer.java:202)
[B: #11028@221] 	at java.base/java.lang.Thread.run(Thread.java:1583)
[B: #10105@221] Can sense kingLoc [55, 28] ? false at distSquared 97
[B: #12917@221] Sensed 0 robots
[B: #11406@221] Can sense kingLoc [55, 28] ? false at distSquared 73
[B: #11118@221] Sensed 0 robots
[B: #13095@221] Sensed 0 robots
[B: #12999@221] Sensed 0 robots
[B: #11545@221] Sensed 0 robots
[B: #12967@221] Can sense kingLoc [55, 28] ? false at distSquared 116
[B: #12962@221] Can sense kingLoc [55, 28] ? false at distSquared 153
[B: #10672@221] Sensed 3 robots
[B: #10672@221] Received 0 messages
[B: #10672@221] Found cat at [16, 8]
[B: #11337@221] Can sense kingLoc [55, 28] ? false at distSquared 160
[B: #12877@221] Sensed 3 robots
[B: #12877@221] Received 0 messages
[B: #12877@221] Received 0 messages
[B: #12877@221] Found cat at [16, 8]
[B: #10145@221] Can sense kingLoc [55, 28] ? false at distSquared 137
[B: #12940@221] Can sense kingLoc [55, 28] ? false at distSquared 178
[B: #11096@222] Can sense kingLoc [55, 28] ? false at distSquared 130
[B: #13990@222] Going straight to cheese mine at [37, 33]
[B: #11456@222] Sensed 1 robots
[B: #11456@222] Received 0 messages
[B: #11061@222] Can sense kingLoc [55, 28] ? false at distSquared 90
[B: #12806@222] Sensed 1 robots
[B: #12806@222] Found cat at [16, 8]
[B: #12806@222] Reporting back with dice 9
[B: #10072@222] Can sense kingLoc [55, 28] ? false at distSquared 109
[B: #11028@222] GameActionException in RobotPlayer:
[B: #11028@222] battlecode.common.GameActionException: Target location is not on the map
[B: #11028@222] 	at battlecode.world.RobotControllerImpl.assertCanSenseLocation(RobotControllerImpl.java:217)
[B: #11028@222] 	at battlecode.world.RobotControllerImpl.senseMapInfo(RobotControllerImpl.java:646)
[B: #11028@222] 	at teacher08a.CatAttacker.runReportBack(CatAttacker.java:185)
[B: #11028@222] 	at teacher08a.CatAttacker.doAction(CatAttacker.java:37)
[B: #11028@222] 	at teacher08a.RobotPlayer.run(RobotPlayer.java:25)
[B: #11028@222] 	at java.base/jdk.internal.reflect.DirectMethodHandleAccessor.invoke(DirectMethodHandleAccessor.java:103)
[B: #11028@222] 	at java.base/java.lang.reflect.Method.invoke(Method.java:580)
[B: #11028@222] 	at battlecode.instrumenter.SandboxedRobotPlayer.loadAndRunPlayerJava(SandboxedRobotPlayer.java:306)
[B: #11028@222] 	at battlecode.instrumenter.SandboxedRobotPlayer.loadAndRunPlayer(SandboxedRobotPlayer.java:268)
[B: #11028@222] 	at battlecode.instrumenter.SandboxedRobotPlayer.lambda$new$2(SandboxedRobotPlayer.java:202)
[B: #11028@222] 	at java.base/java.lang.Thread.run(Thread.java:1583)
[B: #10105@222] Can sense kingLoc [55, 28] ? false at distSquared 97
[B: #12917@222] Sensed 0 robots
[B: #11406@222] Can sense kingLoc [55, 28] ? false at distSquared 73
[B: #11118@222] Sensed 0 robots
[B: #13095@222] Sensed 0 robots
[B: #12999@222] Sensed 0 robots
[B: #11545@222] Sensed 0 robots
[B: #12967@222] Can sense kingLoc [55, 28] ? false at distSquared 116
[B: #12962@222] Can sense kingLoc [55, 28] ? false at distSquared 153
[B: #10672@222] Sensed 0 robots
[B: #10672@222] Found cat at [16, 8]
[B: #11337@222] Can sense kingLoc [55, 28] ? false at distSquared 160
[B: #12877@222] Sensed 2 robots
[B: #12877@222] Received 0 messages
[B: #12877@222] Found cat at [16, 8]
[B: #10145@222] Can sense kingLoc [55, 28] ? false at distSquared 137
[B: #12940@222] Can sense kingLoc [55, 28] ? false at distSquared 178
[B: #11096@223] Can sense kingLoc [55, 28] ? false at distSquared 130
[B: #13990@223] Going straight to cheese mine at [37, 33]
[B: #11456@223] Sensed 1 robots
[B: #11061@223] Can sense kingLoc [55, 28] ? false at distSquared 90
[B: #10072@223] Can sense kingLoc [55, 28] ? false at distSquared 109
[B: #11028@223] GameActionException in RobotPlayer:
[B: #11028@223] battlecode.common.GameActionException: Target location is not on the map
[B: #11028@223] 	at battlecode.world.RobotControllerImpl.assertCanSenseLocation(RobotControllerImpl.java:217)
[B: #11028@223] 	at battlecode.world.RobotControllerImpl.senseMapInfo(RobotControllerImpl.java:646)
[B: #11028@223] 	at teacher08a.CatAttacker.runReportBack(CatAttacker.java:185)
[B: #11028@223] 	at teacher08a.CatAttacker.doAction(CatAttacker.java:37)
[B: #11028@223] 	at teacher08a.RobotPlayer.run(RobotPlayer.java:25)
[B: #11028@223] 	at java.base/jdk.internal.reflect.DirectMethodHandleAccessor.invoke(DirectMethodHandleAccessor.java:103)
[B: #11028@223] 	at java.base/java.lang.reflect.Method.invoke(Method.java:580)
[B: #11028@223] 	at battlecode.instrumenter.SandboxedRobotPlayer.loadAndRunPlayerJava(SandboxedRobotPlayer.java:306)
[B: #11028@223] 	at battlecode.instrumenter.SandboxedRobotPlayer.loadAndRunPlayer(SandboxedRobotPlayer.java:268)
[B: #11028@223] 	at battlecode.instrumenter.SandboxedRobotPlayer.lambda$new$2(SandboxedRobotPlayer.java:202)
[B: #11028@223] 	at java.base/java.lang.Thread.run(Thread.java:1583)
[B: #10105@223] Can sense kingLoc [55, 28] ? false at distSquared 97
[B: #12917@223] Sensed 0 robots
[B: #11406@223] Can sense kingLoc [55, 28] ? false at distSquared 73
[B: #11118@223] Sensed 0 robots
[B: #13095@223] Sensed 0 robots
[B: #12999@223] Sensed 0 robots
[B: #11545@223] Sensed 0 robots
[B: #12967@223] Can sense kingLoc [55, 28] ? false at distSquared 116
[B: #12962@223] Can sense kingLoc [55, 28] ? false at distSquared 153
[B: #10672@223] Sensed 3 robots
[B: #10672@223] Received 0 messages
[B: #10672@223] Found cat at [15, 8]
[B: #11337@223] Can sense kingLoc [55, 28] ? false at distSquared 160
[B: #12877@223] Sensed 2 robots
[B: #12877@223] Received 0 messages
[B: #12877@223] Found cat at [15, 8]
[B: #10145@223] Can sense kingLoc [55, 28] ? false at distSquared 137
[B: #12940@223] Can sense kingLoc [55, 28] ? false at distSquared 178
[B: #11096@224] Can sense kingLoc [55, 28] ? false at distSquared 130
[B: #13990@224] Going straight to cheese mine at [37, 33]
[B: #11456@224] Sensed 1 robots
[B: #11061@224] Can sense kingLoc [55, 28] ? false at distSquared 90
[B: #10072@224] Can sense kingLoc [55, 28] ? false at distSquared 109
[B: #11028@224] GameActionException in RobotPlayer:
[B: #11028@224] battlecode.common.GameActionException: Target location is not on the map
[B: #11028@224] 	at battlecode.world.RobotControllerImpl.assertCanSenseLocation(RobotControllerImpl.java:217)
[B: #11028@224] 	at battlecode.world.RobotControllerImpl.senseMapInfo(RobotControllerImpl.java:646)
[B: #11028@224] 	at teacher08a.CatAttacker.runReportBack(CatAttacker.java:185)
[B: #11028@224] 	at teacher08a.CatAttacker.doAction(CatAttacker.java:37)
[B: #11028@224] 	at teacher08a.RobotPlayer.run(RobotPlayer.java:25)
[B: #11028@224] 	at java.base/jdk.internal.reflect.DirectMethodHandleAccessor.invoke(DirectMethodHandleAccessor.java:103)
[B: #11028@224] 	at java.base/java.lang.reflect.Method.invoke(Method.java:580)
[B: #11028@224] 	at battlecode.instrumenter.SandboxedRobotPlayer.loadAndRunPlayerJava(SandboxedRobotPlayer.java:306)
[B: #11028@224] 	at battlecode.instrumenter.SandboxedRobotPlayer.loadAndRunPlayer(SandboxedRobotPlayer.java:268)
[B: #11028@224] 	at battlecode.instrumenter.SandboxedRobotPlayer.lambda$new$2(SandboxedRobotPlayer.java:202)
[B: #11028@224] 	at java.base/java.lang.Thread.run(Thread.java:1583)
[B: #10105@224] Can sense kingLoc [55, 28] ? false at distSquared 97
[B: #12917@224] Sensed 0 robots
[B: #11406@224] Can sense kingLoc [55, 28] ? false at distSquared 73
[B: #11118@224] Sensed 0 robots
[B: #13095@224] Sensed 0 robots
[B: #12999@224] Sensed 0 robots
[B: #11545@224] Sensed 0 robots
[B: #12967@224] Can sense kingLoc [55, 28] ? false at distSquared 116
[B: #12962@224] Can sense kingLoc [55, 28] ? false at distSquared 153
[B: #10672@224] Sensed 3 robots
[B: #10672@224] Received 0 messages
[B: #10672@224] Found cat at [15, 8]
[B: #11337@224] Can sense kingLoc [55, 28] ? false at distSquared 160
[B: #12877@224] Sensed 2 robots
[B: #12877@224] Received 0 messages
[B: #12877@224] Found cat at [15, 8]
[B: #10145@224] Can sense kingLoc [55, 28] ? false at distSquared 137
[B: #12940@224] Can sense kingLoc [55, 28] ? false at distSquared 178
[B: #11096@225] Can sense kingLoc [55, 28] ? false at distSquared 130
[B: #13990@225] Going straight to cheese mine at [37, 33]
[B: #11456@225] Sensed 1 robots
[B: #11061@225] Can sense kingLoc [55, 28] ? false at distSquared 90
[B: #10072@225] Can sense kingLoc [55, 28] ? false at distSquared 109
[B: #11028@225] GameActionException in RobotPlayer:
[B: #11028@225] battlecode.common.GameActionException: Target location is not on the map
[B: #11028@225] 	at battlecode.world.RobotControllerImpl.assertCanSenseLocation(RobotControllerImpl.java:217)
[B: #11028@225] 	at battlecode.world.RobotControllerImpl.senseMapInfo(RobotControllerImpl.java:646)
[B: #11028@225] 	at teacher08a.CatAttacker.runReportBack(CatAttacker.java:185)
[B: #11028@225] 	at teacher08a.CatAttacker.doAction(CatAttacker.java:37)
[B: #11028@225] 	at teacher08a.RobotPlayer.run(RobotPlayer.java:25)
[B: #11028@225] 	at java.base/jdk.internal.reflect.DirectMethodHandleAccessor.invoke(DirectMethodHandleAccessor.java:103)
[B: #11028@225] 	at java.base/java.lang.reflect.Method.invoke(Method.java:580)
[B: #11028@225] 	at battlecode.instrumenter.SandboxedRobotPlayer.loadAndRunPlayerJava(SandboxedRobotPlayer.java:306)
[B: #11028@225] 	at battlecode.instrumenter.SandboxedRobotPlayer.loadAndRunPlayer(SandboxedRobotPlayer.java:268)
[B: #11028@225] 	at battlecode.instrumenter.SandboxedRobotPlayer.lambda$new$2(SandboxedRobotPlayer.java:202)
[B: #11028@225] 	at java.base/java.lang.Thread.run(Thread.java:1583)
[B: #10105@225] Can sense kingLoc [55, 28] ? false at distSquared 97
[B: #12917@225] Sensed 0 robots
[B: #11406@225] Can sense kingLoc [55, 28] ? false at distSquared 73
[B: #11118@225] Sensed 1 robots
[B: #11118@225] Found cat at [14, 8]
[B: #13095@225] Sensed 0 robots
[B: #12999@225] Sensed 1 robots
[B: #12999@225] Received 0 messages
[B: #11545@225] Sensed 0 robots
[B: #12967@225] Can sense kingLoc [55, 28] ? false at distSquared 116
[B: #12962@225] Can sense kingLoc [55, 28] ? false at distSquared 153
[B: #10672@225] Sensed 2 robots
[B: #10672@225] Received 0 messages
[B: #10672@225] Found cat at [14, 8]
[B: #11337@225] Can sense kingLoc [55, 28] ? false at distSquared 160
[B: #12877@225] Sensed 1 robots
[B: #12877@225] Received 0 messages
[B: #12877@225] Found cat at [15, 8]
[B: #10145@225] Can sense kingLoc [55, 28] ? false at distSquared 137
[B: #12940@225] Can sense kingLoc [55, 28] ? false at distSquared 178
[B: #11096@226] Can sense kingLoc [55, 28] ? false at distSquared 130
[B: #13990@226] Going straight to cheese mine at [37, 33]
[B: #11456@226] Sensed 0 robots
[B: #11061@226] Can sense kingLoc [55, 28] ? false at distSquared 90
[B: #10072@226] Can sense kingLoc [55, 28] ? false at distSquared 109
[B: #11028@226] GameActionException in RobotPlayer:
[B: #11028@226] battlecode.common.GameActionException: Target location is not on the map
[B: #11028@226] 	at battlecode.world.RobotControllerImpl.assertCanSenseLocation(RobotControllerImpl.java:217)
[B: #11028@226] 	at battlecode.world.RobotControllerImpl.senseMapInfo(RobotControllerImpl.java:646)
[B: #11028@226] 	at teacher08a.CatAttacker.runReportBack(CatAttacker.java:185)
[B: #11028@226] 	at teacher08a.CatAttacker.doAction(CatAttacker.java:37)
[B: #11028@226] 	at teacher08a.RobotPlayer.run(RobotPlayer.java:25)
[B: #11028@226] 	at java.base/jdk.internal.reflect.DirectMethodHandleAccessor.invoke(DirectMethodHandleAccessor.java:103)
[B: #11028@226] 	at java.base/java.lang.reflect.Method.invoke(Method.java:580)
[B: #11028@226] 	at battlecode.instrumenter.SandboxedRobotPlayer.loadAndRunPlayerJava(SandboxedRobotPlayer.java:306)
[B: #11028@226] 	at battlecode.instrumenter.SandboxedRobotPlayer.loadAndRunPlayer(SandboxedRobotPlayer.java:268)
[B: #11028@226] 	at battlecode.instrumenter.SandboxedRobotPlayer.lambda$new$2(SandboxedRobotPlayer.java:202)
[B: #11028@226] 	at java.base/java.lang.Thread.run(Thread.java:1583)
[B: #10105@226] Can sense kingLoc [55, 28] ? false at distSquared 97
[B: #12917@226] Sensed 0 robots
[B: #11406@226] Can sense kingLoc [55, 28] ? false at distSquared 73
[B: #11118@226] Sensed 1 robots
[B: #11118@226] Found cat at [14, 8]
[B: #13095@226] Sensed 0 robots
[B: #12999@226] Sensed 0 robots
[B: #11545@226] Sensed 4 robots
[B: #11545@226] Received 0 messages
[B: #11545@226] Received 0 messages
[B: #11545@226] Received 0 messages
[B: #11545@226] Received 0 messages
[B: #12967@226] Can sense kingLoc [55, 28] ? false at distSquared 116
[B: #12962@226] Can sense kingLoc [55, 28] ? false at distSquared 153
[B: #10672@226] Sensed 2 robots
[B: #10672@226] Found cat at [14, 8]
[B: #11337@226] Can sense kingLoc [55, 28] ? false at distSquared 160
[B: #12877@226] Sensed 3 robots
[B: #12877@226] Received 0 messages
[B: #12877@226] Found cat at [14, 8]
[B: #10145@226] Can sense kingLoc [55, 28] ? false at distSquared 137
[B: #12940@226] Can sense kingLoc [55, 28] ? false at distSquared 178
[B: #11096@227] Can sense kingLoc [55, 28] ? false at distSquared 130
[B: #13990@227] Going straight to cheese mine at [37, 33]
[B: #11456@227] Sensed 0 robots
[B: #11061@227] Can sense kingLoc [55, 28] ? false at distSquared 90
[B: #10072@227] Can sense kingLoc [55, 28] ? false at distSquared 109
[B: #11028@227] GameActionException in RobotPlayer:
[B: #11028@227] battlecode.common.GameActionException: Target location is not on the map
[B: #11028@227] 	at battlecode.world.RobotControllerImpl.assertCanSenseLocation(RobotControllerImpl.java:217)
[B: #11028@227] 	at battlecode.world.RobotControllerImpl.senseMapInfo(RobotControllerImpl.java:646)
[B: #11028@227] 	at teacher08a.CatAttacker.runReportBack(CatAttacker.java:185)
[B: #11028@227] 	at teacher08a.CatAttacker.doAction(CatAttacker.java:37)
[B: #11028@227] 	at teacher08a.RobotPlayer.run(RobotPlayer.java:25)
[B: #11028@227] 	at java.base/jdk.internal.reflect.DirectMethodHandleAccessor.invoke(DirectMethodHandleAccessor.java:103)
[B: #11028@227] 	at java.base/java.lang.reflect.Method.invoke(Method.java:580)
[B: #11028@227] 	at battlecode.instrumenter.SandboxedRobotPlayer.loadAndRunPlayerJava(SandboxedRobotPlayer.java:306)
[B: #11028@227] 	at battlecode.instrumenter.SandboxedRobotPlayer.loadAndRunPlayer(SandboxedRobotPlayer.java:268)
[B: #11028@227] 	at battlecode.instrumenter.SandboxedRobotPlayer.lambda$new$2(SandboxedRobotPlayer.java:202)
[B: #11028@227] 	at java.base/java.lang.Thread.run(Thread.java:1583)
[B: #10105@227] Can sense kingLoc [55, 28] ? false at distSquared 97
[B: #12917@227] Sensed 0 robots
[B: #11406@227] Can sense kingLoc [55, 28] ? false at distSquared 73
[B: #11118@227] Sensed 2 robots
[B: #11118@227] Received 0 messages
[B: #11118@227] Found cat at [13, 8]
[B: #11118@227] Attacking cat at [13, 8]
[B: #13095@227] Sensed 0 robots
[B: #12999@227] Sensed 0 robots
[B: #11545@227] Sensed 9 robots
[B: #11545@227] Received 0 messages
[B: #11545@227] Received 0 messages
[B: #11545@227] Received 0 messages
[B: #11545@227] Received 0 messages
[B: #11545@227] Received 0 messages
[B: #11545@227] Received 0 messages
[B: #11545@227] Received 0 messages
[B: #11545@227] Received 0 messages
[B: #11545@227] Received 0 messages
[B: #12967@227] Can sense kingLoc [55, 28] ? false at distSquared 116
[B: #12962@227] Can sense kingLoc [55, 28] ? false at distSquared 153
[B: #10672@227] Sensed 2 robots
[B: #10672@227] Found cat at [13, 8]
[B: #11337@227] Can sense kingLoc [55, 28] ? false at distSquared 160
[B: #12877@227] Sensed 3 robots
[B: #12877@227] Received 0 messages
[B: #12877@227] Found cat at [13, 8]
[B: #10145@227] Can sense kingLoc [55, 28] ? false at distSquared 137
[B: #12940@227] Can sense kingLoc [55, 28] ? false at distSquared 178
[B: #11096@228] Can sense kingLoc [55, 28] ? false at distSquared 130
[B: #13990@228] Going straight to cheese mine at [37, 33]
[B: #11456@228] Sensed 0 robots
[B: #11061@228] Can sense kingLoc [55, 28] ? false at distSquared 90
[B: #10072@228] Can sense kingLoc [55, 28] ? false at distSquared 109
[B: #11028@228] GameActionException in RobotPlayer:
[B: #11028@228] battlecode.common.GameActionException: Target location is not on the map
[B: #11028@228] 	at battlecode.world.RobotControllerImpl.assertCanSenseLocation(RobotControllerImpl.java:217)
[B: #11028@228] 	at battlecode.world.RobotControllerImpl.senseMapInfo(RobotControllerImpl.java:646)
[B: #11028@228] 	at teacher08a.CatAttacker.runReportBack(CatAttacker.java:185)
[B: #11028@228] 	at teacher08a.CatAttacker.doAction(CatAttacker.java:37)
[B: #11028@228] 	at teacher08a.RobotPlayer.run(RobotPlayer.java:25)
[B: #11028@228] 	at java.base/jdk.internal.reflect.DirectMethodHandleAccessor.invoke(DirectMethodHandleAccessor.java:103)
[B: #11028@228] 	at java.base/java.lang.reflect.Method.invoke(Method.java:580)
[B: #11028@228] 	at battlecode.instrumenter.SandboxedRobotPlayer.loadAndRunPlayerJava(SandboxedRobotPlayer.java:306)
[B: #11028@228] 	at battlecode.instrumenter.SandboxedRobotPlayer.loadAndRunPlayer(SandboxedRobotPlayer.java:268)
[B: #11028@228] 	at battlecode.instrumenter.SandboxedRobotPlayer.lambda$new$2(SandboxedRobotPlayer.java:202)
[B: #11028@228] 	at java.base/java.lang.Thread.run(Thread.java:1583)
[B: #10105@228] Can sense kingLoc [55, 28] ? false at distSquared 97
[B: #12917@228] Sensed 0 robots
[B: #11406@228] Can sense kingLoc [55, 28] ? false at distSquared 73
[B: #11118@228] Sensed 2 robots
[B: #11118@228] Received 0 messages
[B: #11118@228] Found cat at [13, 8]
[B: #11118@228] Attacking cat at [13, 8]
[B: #13095@228] Sensed 1 robots
[B: #13095@228] Received 0 messages
[B: #12999@228] Sensed 0 robots
[B: #11545@228] Sensed 11 robots
[B: #11545@228] Received 0 messages
[B: #11545@228] Received 0 messages
[B: #11545@228] Received 0 messages
[B: #11545@228] Received 0 messages
[B: #11545@228] Received 0 messages
[B: #11545@228] Received 0 messages
[B: #11545@228] Received 0 messages
[B: #11545@228] Received 0 messages
[B: #11545@228] Received 0 messages
[B: #11545@228] Received 0 messages
[B: #11545@228] Received 0 messages
[B: #12967@228] Can sense kingLoc [55, 28] ? false at distSquared 116
[B: #12962@228] Can sense kingLoc [55, 28] ? false at distSquared 153
[B: #10672@228] Sensed 2 robots
[B: #10672@228] Found cat at [13, 8]
[B: #11337@228] Can sense kingLoc [55, 28] ? false at distSquared 160
[B: #12877@228] Sensed 3 robots
[B: #12877@228] Received 0 messages
[B: #12877@228] Found cat at [13, 8]
[B: #10145@228] Can sense kingLoc [55, 28] ? false at distSquared 137
[B: #12940@228] Can sense kingLoc [55, 28] ? false at distSquared 178
[B: #11096@229] Can sense kingLoc [55, 28] ? false at distSquared 130
[B: #13990@229] Going straight to cheese mine at [37, 33]
[B: #11456@229] Sensed 0 robots
[B: #11061@229] Can sense kingLoc [55, 28] ? false at distSquared 90
[B: #10072@229] Can sense kingLoc [55, 28] ? false at distSquared 109
[B: #11028@229] GameActionException in RobotPlayer:
[B: #11028@229] battlecode.common.GameActionException: Target location is not on the map
[B: #11028@229] 	at battlecode.world.RobotControllerImpl.assertCanSenseLocation(RobotControllerImpl.java:217)
[B: #11028@229] 	at battlecode.world.RobotControllerImpl.senseMapInfo(RobotControllerImpl.java:646)
[B: #11028@229] 	at teacher08a.CatAttacker.runReportBack(CatAttacker.java:185)
[B: #11028@229] 	at teacher08a.CatAttacker.doAction(CatAttacker.java:37)
[B: #11028@229] 	at teacher08a.RobotPlayer.run(RobotPlayer.java:25)
[B: #11028@229] 	at java.base/jdk.internal.reflect.DirectMethodHandleAccessor.invoke(DirectMethodHandleAccessor.java:103)
[B: #11028@229] 	at java.base/java.lang.reflect.Method.invoke(Method.java:580)
[B: #11028@229] 	at battlecode.instrumenter.SandboxedRobotPlayer.loadAndRunPlayerJava(SandboxedRobotPlayer.java:306)
[B: #11028@229] 	at battlecode.instrumenter.SandboxedRobotPlayer.loadAndRunPlayer(SandboxedRobotPlayer.java:268)
[B: #11028@229] 	at battlecode.instrumenter.SandboxedRobotPlayer.lambda$new$2(SandboxedRobotPlayer.java:202)
[B: #11028@229] 	at java.base/java.lang.Thread.run(Thread.java:1583)
[B: #10105@229] Can sense kingLoc [55, 28] ? false at distSquared 97
[B: #12917@229] Sensed 0 robots
[B: #11406@229] Can sense kingLoc [55, 28] ? false at distSquared 73
[B: #13095@229] Sensed 2 robots
[B: #13095@229] Received 0 messages
[B: #12999@229] Sensed 0 robots
[B: #11545@229] Sensed 6 robots
[B: #11545@229] Received 0 messages
[B: #11545@229] Received 0 messages
[B: #11545@229] Received 0 messages
[B: #11545@229] Received 0 messages
[B: #11545@229] Received 0 messages
[B: #11545@229] Received 0 messages
[B: #12967@229] Can sense kingLoc [55, 28] ? false at distSquared 116
[B: #12962@229] Can sense kingLoc [55, 28] ? false at distSquared 153
[B: #10672@229] Sensed 1 robots
[B: #10672@229] Found cat at [12, 8]
[B: #11337@229] Can sense kingLoc [55, 28] ? false at distSquared 160
[B: #12877@229] Sensed 0 robots
[B: #12877@229] Found cat at [13, 8]
[B: #10145@229] Can sense kingLoc [55, 28] ? false at distSquared 137
[B: #12940@229] Can sense kingLoc [55, 28] ? false at distSquared 178
[B: #11096@230] Can sense kingLoc [55, 28] ? false at distSquared 130
[B: #13990@230] Going straight to cheese mine at [37, 33]
[B: #11456@230] Sensed 0 robots
[B: #11061@230] Can sense kingLoc [55, 28] ? false at distSquared 90
[B: #10072@230] Can sense kingLoc [55, 28] ? false at distSquared 109
[B: #11028@230] GameActionException in RobotPlayer:
[B: #11028@230] battlecode.common.GameActionException: Target location is not on the map
[B: #11028@230] 	at battlecode.world.RobotControllerImpl.assertCanSenseLocation(RobotControllerImpl.java:217)
[B: #11028@230] 	at battlecode.world.RobotControllerImpl.senseMapInfo(RobotControllerImpl.java:646)
[B: #11028@230] 	at teacher08a.CatAttacker.runReportBack(CatAttacker.java:185)
[B: #11028@230] 	at teacher08a.CatAttacker.doAction(CatAttacker.java:37)
[B: #11028@230] 	at teacher08a.RobotPlayer.run(RobotPlayer.java:25)
[B: #11028@230] 	at java.base/jdk.internal.reflect.DirectMethodHandleAccessor.invoke(DirectMethodHandleAccessor.java:103)
[B: #11028@230] 	at java.base/java.lang.reflect.Method.invoke(Method.java:580)
[B: #11028@230] 	at battlecode.instrumenter.SandboxedRobotPlayer.loadAndRunPlayerJava(SandboxedRobotPlayer.java:306)
[B: #11028@230] 	at battlecode.instrumenter.SandboxedRobotPlayer.loadAndRunPlayer(SandboxedRobotPlayer.java:268)
[B: #11028@230] 	at battlecode.instrumenter.SandboxedRobotPlayer.lambda$new$2(SandboxedRobotPlayer.java:202)
[B: #11028@230] 	at java.base/java.lang.Thread.run(Thread.java:1583)
[B: #10105@230] Can sense kingLoc [55, 28] ? false at distSquared 97
[B: #12917@230] Sensed 0 robots
[B: #11406@230] Can sense kingLoc [55, 28] ? false at distSquared 73
[B: #13095@230] Sensed 0 robots
[B: #12999@230] Sensed 0 robots
[B: #11545@230] Sensed 4 robots
[B: #11545@230] Received 0 messages
[B: #11545@230] Received 0 messages
[B: #11545@230] Received 0 messages
[B: #11545@230] Received 0 messages
[B: #12967@230] Can sense kingLoc [55, 28] ? false at distSquared 116
[B: #12962@230] Can sense kingLoc [55, 28] ? false at distSquared 153
[B: #10672@230] Sensed 1 robots
[B: #10672@230] Found cat at [12, 8]
[B: #10672@230] Reporting back with dice 9
[B: #11337@230] Can sense kingLoc [55, 28] ? false at distSquared 160
[B: #12877@230] Sensed 2 robots
[B: #12877@230] Received 0 messages
[B: #12877@230] Found cat at [12, 8]
[B: #10145@230] Can sense kingLoc [55, 28] ? false at distSquared 137
[B: #12940@230] Can sense kingLoc [55, 28] ? false at distSquared 178
[B: #11096@231] Can sense kingLoc [55, 28] ? false at distSquared 130
[B: #13990@231] Going straight to cheese mine at [37, 33]
[B: #11456@231] Sensed 0 robots
[B: #11061@231] Can sense kingLoc [55, 28] ? false at distSquared 90
[B: #10072@231] Can sense kingLoc [55, 28] ? false at distSquared 109
[B: #11028@231] GameActionException in RobotPlayer:
[B: #11028@231] battlecode.common.GameActionException: Target location is not on the map
[B: #11028@231] 	at battlecode.world.RobotControllerImpl.assertCanSenseLocation(RobotControllerImpl.java:217)
[B: #11028@231] 	at battlecode.world.RobotControllerImpl.senseMapInfo(RobotControllerImpl.java:646)
[B: #11028@231] 	at teacher08a.CatAttacker.runReportBack(CatAttacker.java:185)
[B: #11028@231] 	at teacher08a.CatAttacker.doAction(CatAttacker.java:37)
[B: #11028@231] 	at teacher08a.RobotPlayer.run(RobotPlayer.java:25)
[B: #11028@231] 	at java.base/jdk.internal.reflect.DirectMethodHandleAccessor.invoke(DirectMethodHandleAccessor.java:103)
[B: #11028@231] 	at java.base/java.lang.reflect.Method.invoke(Method.java:580)
[B: #11028@231] 	at battlecode.instrumenter.SandboxedRobotPlayer.loadAndRunPlayerJava(SandboxedRobotPlayer.java:306)
[B: #11028@231] 	at battlecode.instrumenter.SandboxedRobotPlayer.loadAndRunPlayer(SandboxedRobotPlayer.java:268)
[B: #11028@231] 	at battlecode.instrumenter.SandboxedRobotPlayer.lambda$new$2(SandboxedRobotPlayer.java:202)
[B: #11028@231] 	at java.base/java.lang.Thread.run(Thread.java:1583)
[B: #10105@231] Can sense kingLoc [55, 28] ? false at distSquared 97
[B: #12917@231] Sensed 0 robots
[B: #11406@231] Can sense kingLoc [55, 28] ? false at distSquared 73
[B: #13095@231] Sensed 0 robots
[B: #12999@231] Sensed 0 robots
[B: #11545@231] Sensed 2 robots
[B: #11545@231] Received 0 messages
[B: #11545@231] Received 0 messages
[B: #12967@231] Can sense kingLoc [55, 28] ? false at distSquared 116
[B: #12962@231] Can sense kingLoc [55, 28] ? false at distSquared 153
[B: #11337@231] Can sense kingLoc [55, 28] ? false at distSquared 160
[B: #12877@231] Sensed 2 robots
[B: #12877@231] Received 0 messages
[B: #12877@231] Found cat at [11, 8]
[B: #10145@231] Can sense kingLoc [55, 28] ? false at distSquared 137
[B: #12940@231] Can sense kingLoc [55, 28] ? false at distSquared 178
[B: #11096@232] Can sense kingLoc [55, 28] ? false at distSquared 130
[B: #13990@232] Going straight to cheese mine at [37, 33]
[B: #11456@232] Sensed 0 robots
[B: #11061@232] Can sense kingLoc [55, 28] ? false at distSquared 90
[B: #12806@232] GameActionException in RobotPlayer:
[B: #12806@232] battlecode.common.GameActionException: Target location is not on the map
[B: #12806@232] 	at battlecode.world.RobotControllerImpl.assertCanSenseLocation(RobotControllerImpl.java:217)
[B: #12806@232] 	at battlecode.world.RobotControllerImpl.senseMapInfo(RobotControllerImpl.java:646)
[B: #12806@232] 	at teacher08a.CatAttacker.runReportBack(CatAttacker.java:185)
[B: #12806@232] 	at teacher08a.CatAttacker.doAction(CatAttacker.java:37)
[B: #12806@232] 	at teacher08a.RobotPlayer.run(RobotPlayer.java:25)
[B: #12806@232] 	at java.base/jdk.internal.reflect.DirectMethodHandleAccessor.invoke(DirectMethodHandleAccessor.java:103)
[B: #12806@232] 	at java.base/java.lang.reflect.Method.invoke(Method.java:580)
[B: #12806@232] 	at battlecode.instrumenter.SandboxedRobotPlayer.loadAndRunPlayerJava(SandboxedRobotPlayer.java:306)
[B: #12806@232] 	at battlecode.instrumenter.SandboxedRobotPlayer.loadAndRunPlayer(SandboxedRobotPlayer.java:268)
[B: #12806@232] 	at battlecode.instrumenter.SandboxedRobotPlayer.lambda$new$2(SandboxedRobotPlayer.java:202)
[B: #12806@232] 	at java.base/java.lang.Thread.run(Thread.java:1583)
[B: #10072@232] Can sense kingLoc [55, 28] ? false at distSquared 109
[B: #11028@232] GameActionException in RobotPlayer:
[B: #11028@232] battlecode.common.GameActionException: Target location is not on the map
[B: #11028@232] 	at battlecode.world.RobotControllerImpl.assertCanSenseLocation(RobotControllerImpl.java:217)
[B: #11028@232] 	at battlecode.world.RobotControllerImpl.senseMapInfo(RobotControllerImpl.java:646)
[B: #11028@232] 	at teacher08a.CatAttacker.runReportBack(CatAttacker.java:185)
[B: #11028@232] 	at teacher08a.CatAttacker.doAction(CatAttacker.java:37)
[B: #11028@232] 	at teacher08a.RobotPlayer.run(RobotPlayer.java:25)
[B: #11028@232] 	at java.base/jdk.internal.reflect.DirectMethodHandleAccessor.invoke(DirectMethodHandleAccessor.java:103)
[B: #11028@232] 	at java.base/java.lang.reflect.Method.invoke(Method.java:580)
[B: #11028@232] 	at battlecode.instrumenter.SandboxedRobotPlayer.loadAndRunPlayerJava(SandboxedRobotPlayer.java:306)
[B: #11028@232] 	at battlecode.instrumenter.SandboxedRobotPlayer.loadAndRunPlayer(SandboxedRobotPlayer.java:268)
[B: #11028@232] 	at battlecode.instrumenter.SandboxedRobotPlayer.lambda$new$2(SandboxedRobotPlayer.java:202)
[B: #11028@232] 	at java.base/java.lang.Thread.run(Thread.java:1583)
[B: #10105@232] Can sense kingLoc [55, 28] ? false at distSquared 97
[B: #12917@232] Sensed 0 robots
[B: #11406@232] Can sense kingLoc [55, 28] ? false at distSquared 73
[B: #13095@232] Sensed 0 robots
[B: #12999@232] Sensed 0 robots
[B: #11545@232] Sensed 0 robots
[B: #12967@232] Can sense kingLoc [55, 28] ? false at distSquared 116
[B: #12962@232] Can sense kingLoc [55, 28] ? false at distSquared 153
[B: #11337@232] Can sense kingLoc [55, 28] ? false at distSquared 160
[B: #12877@232] Sensed 2 robots
[B: #12877@232] Received 0 messages
[B: #12877@232] Found cat at [11, 8]
[B: #12877@232] Reporting back with dice 9
[B: #10145@232] Can sense kingLoc [55, 28] ? false at distSquared 137
[B: #12940@232] Can sense kingLoc [55, 28] ? false at distSquared 178
[B: #11096@233] Can sense kingLoc [55, 28] ? false at distSquared 130
[B: #13990@233] Going straight to cheese mine at [37, 33]
[B: #11456@233] Sensed 0 robots
[B: #11061@233] Can sense kingLoc [55, 28] ? false at distSquared 90
[B: #12806@233] GameActionException in RobotPlayer:
[B: #12806@233] battlecode.common.GameActionException: Target location is not on the map
[B: #12806@233] 	at battlecode.world.RobotControllerImpl.assertCanSenseLocation(RobotControllerImpl.java:217)
[B: #12806@233] 	at battlecode.world.RobotControllerImpl.senseMapInfo(RobotControllerImpl.java:646)
[B: #12806@233] 	at teacher08a.CatAttacker.runReportBack(CatAttacker.java:185)
[B: #12806@233] 	at teacher08a.CatAttacker.doAction(CatAttacker.java:37)
[B: #12806@233] 	at teacher08a.RobotPlayer.run(RobotPlayer.java:25)
[B: #12806@233] 	at java.base/jdk.internal.reflect.DirectMethodHandleAccessor.invoke(DirectMethodHandleAccessor.java:103)
[B: #12806@233] 	at java.base/java.lang.reflect.Method.invoke(Method.java:580)
[B: #12806@233] 	at battlecode.instrumenter.SandboxedRobotPlayer.loadAndRunPlayerJava(SandboxedRobotPlayer.java:306)
[B: #12806@233] 	at battlecode.instrumenter.SandboxedRobotPlayer.loadAndRunPlayer(SandboxedRobotPlayer.java:268)
[B: #12806@233] 	at battlecode.instrumenter.SandboxedRobotPlayer.lambda$new$2(SandboxedRobotPlayer.java:202)
[B: #12806@233] 	at java.base/java.lang.Thread.run(Thread.java:1583)
[B: #10072@233] Can sense kingLoc [55, 28] ? false at distSquared 109
[B: #11028@233] GameActionException in RobotPlayer:
[B: #11028@233] battlecode.common.GameActionException: Target location is not on the map
[B: #11028@233] 	at battlecode.world.RobotControllerImpl.assertCanSenseLocation(RobotControllerImpl.java:217)
[B: #11028@233] 	at battlecode.world.RobotControllerImpl.senseMapInfo(RobotControllerImpl.java:646)
[B: #11028@233] 	at teacher08a.CatAttacker.runReportBack(CatAttacker.java:185)
[B: #11028@233] 	at teacher08a.CatAttacker.doAction(CatAttacker.java:37)
[B: #11028@233] 	at teacher08a.RobotPlayer.run(RobotPlayer.java:25)
[B: #11028@233] 	at java.base/jdk.internal.reflect.DirectMethodHandleAccessor.invoke(DirectMethodHandleAccessor.java:103)
[B: #11028@233] 	at java.base/java.lang.reflect.Method.invoke(Method.java:580)
[B: #11028@233] 	at battlecode.instrumenter.SandboxedRobotPlayer.loadAndRunPlayerJava(SandboxedRobotPlayer.java:306)
[B: #11028@233] 	at battlecode.instrumenter.SandboxedRobotPlayer.loadAndRunPlayer(SandboxedRobotPlayer.java:268)
[B: #11028@233] 	at battlecode.instrumenter.SandboxedRobotPlayer.lambda$new$2(SandboxedRobotPlayer.java:202)
[B: #11028@233] 	at java.base/java.lang.Thread.run(Thread.java:1583)
[B: #10105@233] Can sense kingLoc [55, 28] ? false at distSquared 97
[B: #12917@233] Sensed 1 robots
[B: #12917@233] Received 0 messages
[B: #11406@233] Can sense kingLoc [55, 28] ? false at distSquared 73
[B: #13095@233] Sensed 0 robots
[B: #12999@233] Sensed 1 robots
[B: #12999@233] Received 0 messages
[B: #11545@233] Sensed 0 robots
[B: #12967@233] Can sense kingLoc [55, 28] ? false at distSquared 116
[B: #12962@233] Can sense kingLoc [55, 28] ? false at distSquared 153
[B: #11337@233] Can sense kingLoc [55, 28] ? false at distSquared 160
[B: #12877@233] From [14, 9] Sent a squeak 17096 for cat at [11, 8]
[B: #10145@233] Can sense kingLoc [55, 28] ? false at distSquared 137
[B: #12940@233] Can sense kingLoc [55, 28] ? false at distSquared 178
[B: #11096@234] Can sense kingLoc [55, 28] ? false at distSquared 130
[B: #13990@234] Going straight to cheese mine at [37, 33]
[B: #11456@234] Sensed 0 robots
[B: #11061@234] Can sense kingLoc [55, 28] ? false at distSquared 90
[B: #12806@234] GameActionException in RobotPlayer:
[B: #12806@234] battlecode.common.GameActionException: Target location is not on the map
[B: #12806@234] 	at battlecode.world.RobotControllerImpl.assertCanSenseLocation(RobotControllerImpl.java:217)
[B: #12806@234] 	at battlecode.world.RobotControllerImpl.senseMapInfo(RobotControllerImpl.java:646)
[B: #12806@234] 	at teacher08a.CatAttacker.runReportBack(CatAttacker.java:185)
[B: #12806@234] 	at teacher08a.CatAttacker.doAction(CatAttacker.java:37)
[B: #12806@234] 	at teacher08a.RobotPlayer.run(RobotPlayer.java:25)
[B: #12806@234] 	at java.base/jdk.internal.reflect.DirectMethodHandleAccessor.invoke(DirectMethodHandleAccessor.java:103)
[B: #12806@234] 	at java.base/java.lang.reflect.Method.invoke(Method.java:580)
[B: #12806@234] 	at battlecode.instrumenter.SandboxedRobotPlayer.loadAndRunPlayerJava(SandboxedRobotPlayer.java:306)
[B: #12806@234] 	at battlecode.instrumenter.SandboxedRobotPlayer.loadAndRunPlayer(SandboxedRobotPlayer.java:268)
[B: #12806@234] 	at battlecode.instrumenter.SandboxedRobotPlayer.lambda$new$2(SandboxedRobotPlayer.java:202)
[B: #12806@234] 	at java.base/java.lang.Thread.run(Thread.java:1583)
[B: #10072@234] Can sense kingLoc [55, 28] ? false at distSquared 109
[B: #11028@234] GameActionException in RobotPlayer:
[B: #11028@234] battlecode.common.GameActionException: Target location is not on the map
[B: #11028@234] 	at battlecode.world.RobotControllerImpl.assertCanSenseLocation(RobotControllerImpl.java:217)
[B: #11028@234] 	at battlecode.world.RobotControllerImpl.senseMapInfo(RobotControllerImpl.java:646)
[B: #11028@234] 	at teacher08a.CatAttacker.runReportBack(CatAttacker.java:185)
[B: #11028@234] 	at teacher08a.CatAttacker.doAction(CatAttacker.java:37)
[B: #11028@234] 	at teacher08a.RobotPlayer.run(RobotPlayer.java:25)
[B: #11028@234] 	at java.base/jdk.internal.reflect.DirectMethodHandleAccessor.invoke(DirectMethodHandleAccessor.java:103)
[B: #11028@234] 	at java.base/java.lang.reflect.Method.invoke(Method.java:580)
[B: #11028@234] 	at battlecode.instrumenter.SandboxedRobotPlayer.loadAndRunPlayerJava(SandboxedRobotPlayer.java:306)
[B: #11028@234] 	at battlecode.instrumenter.SandboxedRobotPlayer.loadAndRunPlayer(SandboxedRobotPlayer.java:268)
[B: #11028@234] 	at battlecode.instrumenter.SandboxedRobotPlayer.lambda$new$2(SandboxedRobotPlayer.java:202)
[B: #11028@234] 	at java.base/java.lang.Thread.run(Thread.java:1583)
[B: #10105@234] Can sense kingLoc [55, 28] ? false at distSquared 97
[B: #12917@234] Sensed 0 robots
[B: #11406@234] Can sense kingLoc [55, 28] ? false at distSquared 73
[B: #13095@234] Sensed 0 robots
[B: #12999@234] Sensed 1 robots
[B: #12999@234] Received 0 messages
[B: #11545@234] Sensed 0 robots
[B: #12967@234] Can sense kingLoc [55, 28] ? false at distSquared 116
[B: #12962@234] Can sense kingLoc [55, 28] ? false at distSquared 153
[B: #11337@234] Can sense kingLoc [55, 28] ? false at distSquared 160
[B: #12877@234] Sensed 1 robots
[B: #12877@234] Found cat at [10, 8]
[B: #10145@234] Can sense kingLoc [55, 28] ? false at distSquared 137
[B: #12940@234] Can sense kingLoc [55, 28] ? false at distSquared 178
[B: #11096@235] Can sense kingLoc [55, 28] ? false at distSquared 130
[B: #13990@235] Going straight to cheese mine at [37, 33]
[B: #11456@235] Sensed 0 robots
[B: #11061@235] Can sense kingLoc [55, 28] ? false at distSquared 90
[B: #12806@235] GameActionException in RobotPlayer:
[B: #12806@235] battlecode.common.GameActionException: Target location is not on the map
[B: #12806@235] 	at battlecode.world.RobotControllerImpl.assertCanSenseLocation(RobotControllerImpl.java:217)
[B: #12806@235] 	at battlecode.world.RobotControllerImpl.senseMapInfo(RobotControllerImpl.java:646)
[B: #12806@235] 	at teacher08a.CatAttacker.runReportBack(CatAttacker.java:185)
[B: #12806@235] 	at teacher08a.CatAttacker.doAction(CatAttacker.java:37)
[B: #12806@235] 	at teacher08a.RobotPlayer.run(RobotPlayer.java:25)
[B: #12806@235] 	at java.base/jdk.internal.reflect.DirectMethodHandleAccessor.invoke(DirectMethodHandleAccessor.java:103)
[B: #12806@235] 	at java.base/java.lang.reflect.Method.invoke(Method.java:580)
[B: #12806@235] 	at battlecode.instrumenter.SandboxedRobotPlayer.loadAndRunPlayerJava(SandboxedRobotPlayer.java:306)
[B: #12806@235] 	at battlecode.instrumenter.SandboxedRobotPlayer.loadAndRunPlayer(SandboxedRobotPlayer.java:268)
[B: #12806@235] 	at battlecode.instrumenter.SandboxedRobotPlayer.lambda$new$2(SandboxedRobotPlayer.java:202)
[B: #12806@235] 	at java.base/java.lang.Thread.run(Thread.java:1583)
[B: #10072@235] Can sense kingLoc [55, 28] ? false at distSquared 109
[B: #11028@235] GameActionException in RobotPlayer:
[B: #11028@235] battlecode.common.GameActionException: Target location is not on the map
[B: #11028@235] 	at battlecode.world.RobotControllerImpl.assertCanSenseLocation(RobotControllerImpl.java:217)
[B: #11028@235] 	at battlecode.world.RobotControllerImpl.senseMapInfo(RobotControllerImpl.java:646)
[B: #11028@235] 	at teacher08a.CatAttacker.runReportBack(CatAttacker.java:185)
[B: #11028@235] 	at teacher08a.CatAttacker.doAction(CatAttacker.java:37)
[B: #11028@235] 	at teacher08a.RobotPlayer.run(RobotPlayer.java:25)
[B: #11028@235] 	at java.base/jdk.internal.reflect.DirectMethodHandleAccessor.invoke(DirectMethodHandleAccessor.java:103)
[B: #11028@235] 	at java.base/java.lang.reflect.Method.invoke(Method.java:580)
[B: #11028@235] 	at battlecode.instrumenter.SandboxedRobotPlayer.loadAndRunPlayerJava(SandboxedRobotPlayer.java:306)
[B: #11028@235] 	at battlecode.instrumenter.SandboxedRobotPlayer.loadAndRunPlayer(SandboxedRobotPlayer.java:268)
[B: #11028@235] 	at battlecode.instrumenter.SandboxedRobotPlayer.lambda$new$2(SandboxedRobotPlayer.java:202)
[B: #11028@235] 	at java.base/java.lang.Thread.run(Thread.java:1583)
[B: #10105@235] Can sense kingLoc [55, 28] ? false at distSquared 97
[B: #12917@235] Sensed 0 robots
[B: #11406@235] Can sense kingLoc [55, 28] ? false at distSquared 73
[B: #13095@235] Sensed 0 robots
[B: #12999@235] Sensed 0 robots
[B: #11545@235] Sensed 0 robots
[B: #12967@235] Can sense kingLoc [55, 28] ? false at distSquared 116
[B: #12962@235] Can sense kingLoc [55, 28] ? false at distSquared 153
[B: #11337@235] Can sense kingLoc [55, 28] ? false at distSquared 160
[B: #12877@235] Sensed 1 robots
[B: #12877@235] Found cat at [9, 8]
[B: #10145@235] Can sense kingLoc [55, 28] ? false at distSquared 137
[B: #12940@235] Can sense kingLoc [55, 28] ? false at distSquared 178
[B: #11096@236] Can sense kingLoc [55, 28] ? false at distSquared 130
[B: #13990@236] Going straight to cheese mine at [37, 33]
[B: #11456@236] Sensed 1 robots
[B: #11456@236] Received 0 messages
[B: #11061@236] Can sense kingLoc [55, 28] ? false at distSquared 90
[B: #12806@236] GameActionException in RobotPlayer:
[B: #12806@236] battlecode.common.GameActionException: Target location is not on the map
[B: #12806@236] 	at battlecode.world.RobotControllerImpl.assertCanSenseLocation(RobotControllerImpl.java:217)
[B: #12806@236] 	at battlecode.world.RobotControllerImpl.senseMapInfo(RobotControllerImpl.java:646)
[B: #12806@236] 	at teacher08a.CatAttacker.runReportBack(CatAttacker.java:185)
[B: #12806@236] 	at teacher08a.CatAttacker.doAction(CatAttacker.java:37)
[B: #12806@236] 	at teacher08a.RobotPlayer.run(RobotPlayer.java:25)
[B: #12806@236] 	at java.base/jdk.internal.reflect.DirectMethodHandleAccessor.invoke(DirectMethodHandleAccessor.java:103)
[B: #12806@236] 	at java.base/java.lang.reflect.Method.invoke(Method.java:580)
[B: #12806@236] 	at battlecode.instrumenter.SandboxedRobotPlayer.loadAndRunPlayerJava(SandboxedRobotPlayer.java:306)
[B: #12806@236] 	at battlecode.instrumenter.SandboxedRobotPlayer.loadAndRunPlayer(SandboxedRobotPlayer.java:268)
[B: #12806@236] 	at battlecode.instrumenter.SandboxedRobotPlayer.lambda$new$2(SandboxedRobotPlayer.java:202)
[B: #12806@236] 	at java.base/java.lang.Thread.run(Thread.java:1583)
[B: #10072@236] Can sense kingLoc [55, 28] ? false at distSquared 109
[B: #11028@236] GameActionException in RobotPlayer:
[B: #11028@236] battlecode.common.GameActionException: Target location is not on the map
[B: #11028@236] 	at battlecode.world.RobotControllerImpl.assertCanSenseLocation(RobotControllerImpl.java:217)
[B: #11028@236] 	at battlecode.world.RobotControllerImpl.senseMapInfo(RobotControllerImpl.java:646)
[B: #11028@236] 	at teacher08a.CatAttacker.runReportBack(CatAttacker.java:185)
[B: #11028@236] 	at teacher08a.CatAttacker.doAction(CatAttacker.java:37)
[B: #11028@236] 	at teacher08a.RobotPlayer.run(RobotPlayer.java:25)
[B: #11028@236] 	at java.base/jdk.internal.reflect.DirectMethodHandleAccessor.invoke(DirectMethodHandleAccessor.java:103)
[B: #11028@236] 	at java.base/java.lang.reflect.Method.invoke(Method.java:580)
[B: #11028@236] 	at battlecode.instrumenter.SandboxedRobotPlayer.loadAndRunPlayerJava(SandboxedRobotPlayer.java:306)
[B: #11028@236] 	at battlecode.instrumenter.SandboxedRobotPlayer.loadAndRunPlayer(SandboxedRobotPlayer.java:268)
[B: #11028@236] 	at battlecode.instrumenter.SandboxedRobotPlayer.lambda$new$2(SandboxedRobotPlayer.java:202)
[B: #11028@236] 	at java.base/java.lang.Thread.run(Thread.java:1583)
[B: #10105@236] Can sense kingLoc [55, 28] ? false at distSquared 97
[B: #12917@236] Sensed 0 robots
[B: #11406@236] Can sense kingLoc [55, 28] ? false at distSquared 73
[B: #13095@236] Sensed 0 robots
[B: #12999@236] Sensed 0 robots
[B: #11545@236] Sensed 0 robots
[B: #12967@236] Can sense kingLoc [55, 28] ? false at distSquared 116
[B: #12962@236] Can sense kingLoc [55, 28] ? false at distSquared 153
[B: #10672@236] From [9, 4] Sent a squeak 17160 for cat at [12, 8]
[B: #11337@236] Can sense kingLoc [55, 28] ? false at distSquared 160
[B: #12877@236] Sensed 1 robots
[B: #12877@236] Found cat at [9, 8]
[B: #10145@236] Can sense kingLoc [55, 28] ? false at distSquared 137
[B: #12940@236] Can sense kingLoc [55, 28] ? false at distSquared 178
[B: #11096@237] Can sense kingLoc [55, 28] ? false at distSquared 130
[B: #13990@237] Going straight to cheese mine at [37, 33]
[B: #11456@237] Sensed 1 robots
[B: #11456@237] Received 0 messages
[B: #11061@237] Can sense kingLoc [55, 28] ? false at distSquared 90
[B: #12806@237] GameActionException in RobotPlayer:
[B: #12806@237] battlecode.common.GameActionException: Target location is not on the map
[B: #12806@237] 	at battlecode.world.RobotControllerImpl.assertCanSenseLocation(RobotControllerImpl.java:217)
[B: #12806@237] 	at battlecode.world.RobotControllerImpl.senseMapInfo(RobotControllerImpl.java:646)
[B: #12806@237] 	at teacher08a.CatAttacker.runReportBack(CatAttacker.java:185)
[B: #12806@237] 	at teacher08a.CatAttacker.doAction(CatAttacker.java:37)
[B: #12806@237] 	at teacher08a.RobotPlayer.run(RobotPlayer.java:25)
[B: #12806@237] 	at java.base/jdk.internal.reflect.DirectMethodHandleAccessor.invoke(DirectMethodHandleAccessor.java:103)
[B: #12806@237] 	at java.base/java.lang.reflect.Method.invoke(Method.java:580)
[B: #12806@237] 	at battlecode.instrumenter.SandboxedRobotPlayer.loadAndRunPlayerJava(SandboxedRobotPlayer.java:306)
[B: #12806@237] 	at battlecode.instrumenter.SandboxedRobotPlayer.loadAndRunPlayer(SandboxedRobotPlayer.java:268)
[B: #12806@237] 	at battlecode.instrumenter.SandboxedRobotPlayer.lambda$new$2(SandboxedRobotPlayer.java:202)
[B: #12806@237] 	at java.base/java.lang.Thread.run(Thread.java:1583)
[B: #10072@237] Can sense kingLoc [55, 28] ? false at distSquared 109
[B: #11028@237] GameActionException in RobotPlayer:
[B: #11028@237] battlecode.common.GameActionException: Target location is not on the map
[B: #11028@237] 	at battlecode.world.RobotControllerImpl.assertCanSenseLocation(RobotControllerImpl.java:217)
[B: #11028@237] 	at battlecode.world.RobotControllerImpl.senseMapInfo(RobotControllerImpl.java:646)
[B: #11028@237] 	at teacher08a.CatAttacker.runReportBack(CatAttacker.java:185)
[B: #11028@237] 	at teacher08a.CatAttacker.doAction(CatAttacker.java:37)
[B: #11028@237] 	at teacher08a.RobotPlayer.run(RobotPlayer.java:25)
[B: #11028@237] 	at java.base/jdk.internal.reflect.DirectMethodHandleAccessor.invoke(DirectMethodHandleAccessor.java:103)
[B: #11028@237] 	at java.base/java.lang.reflect.Method.invoke(Method.java:580)
[B: #11028@237] 	at battlecode.instrumenter.SandboxedRobotPlayer.loadAndRunPlayerJava(SandboxedRobotPlayer.java:306)
[B: #11028@237] 	at battlecode.instrumenter.SandboxedRobotPlayer.loadAndRunPlayer(SandboxedRobotPlayer.java:268)
[B: #11028@237] 	at battlecode.instrumenter.SandboxedRobotPlayer.lambda$new$2(SandboxedRobotPlayer.java:202)
[B: #11028@237] 	at java.base/java.lang.Thread.run(Thread.java:1583)
[B: #10105@237] Can sense kingLoc [55, 28] ? false at distSquared 97
[B: #12917@237] Sensed 1 robots
[B: #12917@237] Received 0 messages
[B: #11406@237] Can sense kingLoc [55, 28] ? false at distSquared 73
[B: #13095@237] Sensed 0 robots
[B: #12999@237] Sensed 0 robots
[B: #11545@237] Sensed 0 robots
[B: #12967@237] Can sense kingLoc [55, 28] ? false at distSquared 116
[B: #12962@237] Can sense kingLoc [55, 28] ? false at distSquared 153
[B: #10672@237] Sensed 0 robots
[B: #10672@237] Found cat at [12, 8]
[B: #11337@237] Can sense kingLoc [55, 28] ? false at distSquared 160
[B: #12877@237] Sensed 1 robots
[B: #12877@237] Found cat at [8, 8]
[B: #10145@237] Can sense kingLoc [55, 28] ? false at distSquared 137
[B: #12940@237] Can sense kingLoc [55, 28] ? false at distSquared 178
[B: #11096@238] Can sense kingLoc [55, 28] ? false at distSquared 130
[B: #13990@238] Going straight to cheese mine at [37, 33]
[B: #11456@238] Sensed 2 robots
[B: #11456@238] Received 0 messages
[B: #11456@238] Received 0 messages
[B: #11061@238] Can sense kingLoc [55, 28] ? false at distSquared 90
[B: #12806@238] GameActionException in RobotPlayer:
[B: #12806@238] battlecode.common.GameActionException: Target location is not on the map
[B: #12806@238] 	at battlecode.world.RobotControllerImpl.assertCanSenseLocation(RobotControllerImpl.java:217)
[B: #12806@238] 	at battlecode.world.RobotControllerImpl.senseMapInfo(RobotControllerImpl.java:646)
[B: #12806@238] 	at teacher08a.CatAttacker.runReportBack(CatAttacker.java:185)
[B: #12806@238] 	at teacher08a.CatAttacker.doAction(CatAttacker.java:37)
[B: #12806@238] 	at teacher08a.RobotPlayer.run(RobotPlayer.java:25)
[B: #12806@238] 	at java.base/jdk.internal.reflect.DirectMethodHandleAccessor.invoke(DirectMethodHandleAccessor.java:103)
[B: #12806@238] 	at java.base/java.lang.reflect.Method.invoke(Method.java:580)
[B: #12806@238] 	at battlecode.instrumenter.SandboxedRobotPlayer.loadAndRunPlayerJava(SandboxedRobotPlayer.java:306)
[B: #12806@238] 	at battlecode.instrumenter.SandboxedRobotPlayer.loadAndRunPlayer(SandboxedRobotPlayer.java:268)
[B: #12806@238] 	at battlecode.instrumenter.SandboxedRobotPlayer.lambda$new$2(SandboxedRobotPlayer.java:202)
[B: #12806@238] 	at java.base/java.lang.Thread.run(Thread.java:1583)
[B: #10072@238] Can sense kingLoc [55, 28] ? false at distSquared 109
[B: #11028@238] GameActionException in RobotPlayer:
[B: #11028@238] battlecode.common.GameActionException: Target location is not on the map
[B: #11028@238] 	at battlecode.world.RobotControllerImpl.assertCanSenseLocation(RobotControllerImpl.java:217)
[B: #11028@238] 	at battlecode.world.RobotControllerImpl.senseMapInfo(RobotControllerImpl.java:646)
[B: #11028@238] 	at teacher08a.CatAttacker.runReportBack(CatAttacker.java:185)
[B: #11028@238] 	at teacher08a.CatAttacker.doAction(CatAttacker.java:37)
[B: #11028@238] 	at teacher08a.RobotPlayer.run(RobotPlayer.java:25)
[B: #11028@238] 	at java.base/jdk.internal.reflect.DirectMethodHandleAccessor.invoke(DirectMethodHandleAccessor.java:103)
[B: #11028@238] 	at java.base/java.lang.reflect.Method.invoke(Method.java:580)
[B: #11028@238] 	at battlecode.instrumenter.SandboxedRobotPlayer.loadAndRunPlayerJava(SandboxedRobotPlayer.java:306)
[B: #11028@238] 	at battlecode.instrumenter.SandboxedRobotPlayer.loadAndRunPlayer(SandboxedRobotPlayer.java:268)
[B: #11028@238] 	at battlecode.instrumenter.SandboxedRobotPlayer.lambda$new$2(SandboxedRobotPlayer.java:202)
[B: #11028@238] 	at java.base/java.lang.Thread.run(Thread.java:1583)
[B: #10105@238] Can sense kingLoc [55, 28] ? false at distSquared 97
[B: #12917@238] Sensed 1 robots
[B: #12917@238] Received 0 messages
[B: #11406@238] Can sense kingLoc [55, 28] ? false at distSquared 73
[B: #13095@238] Sensed 1 robots
[B: #13095@238] Received 0 messages
[B: #12999@238] Sensed 0 robots
[B: #11545@238] Sensed 0 robots
[B: #12967@238] Can sense kingLoc [55, 28] ? false at distSquared 116
[B: #12962@238] Can sense kingLoc [55, 28] ? false at distSquared 153
[B: #10672@238] Sensed 1 robots
[B: #10672@238] Found cat at [8, 8]
[B: #11337@238] Can sense kingLoc [55, 28] ? false at distSquared 160
[B: #12877@238] Sensed 1 robots
[B: #12877@238] Found cat at [8, 8]
[B: #10145@238] Can sense kingLoc [55, 28] ? false at distSquared 137
[B: #12940@238] Can sense kingLoc [55, 28] ? false at distSquared 178
[B: #11096@239] Can sense kingLoc [55, 28] ? false at distSquared 130
[B: #13990@239] Going straight to cheese mine at [37, 33]
[B: #11456@239] Sensed 0 robots
[B: #11061@239] Can sense kingLoc [55, 28] ? false at distSquared 90
[B: #12806@239] GameActionException in RobotPlayer:
[B: #12806@239] battlecode.common.GameActionException: Target location is not on the map
[B: #12806@239] 	at battlecode.world.RobotControllerImpl.assertCanSenseLocation(RobotControllerImpl.java:217)
[B: #12806@239] 	at battlecode.world.RobotControllerImpl.senseMapInfo(RobotControllerImpl.java:646)
[B: #12806@239] 	at teacher08a.CatAttacker.runReportBack(CatAttacker.java:185)
[B: #12806@239] 	at teacher08a.CatAttacker.doAction(CatAttacker.java:37)
[B: #12806@239] 	at teacher08a.RobotPlayer.run(RobotPlayer.java:25)
[B: #12806@239] 	at java.base/jdk.internal.reflect.DirectMethodHandleAccessor.invoke(DirectMethodHandleAccessor.java:103)
[B: #12806@239] 	at java.base/java.lang.reflect.Method.invoke(Method.java:580)
[B: #12806@239] 	at battlecode.instrumenter.SandboxedRobotPlayer.loadAndRunPlayerJava(SandboxedRobotPlayer.java:306)
[B: #12806@239] 	at battlecode.instrumenter.SandboxedRobotPlayer.loadAndRunPlayer(SandboxedRobotPlayer.java:268)
[B: #12806@239] 	at battlecode.instrumenter.SandboxedRobotPlayer.lambda$new$2(SandboxedRobotPlayer.java:202)
[B: #12806@239] 	at java.base/java.lang.Thread.run(Thread.java:1583)
[B: #10072@239] Can sense kingLoc [55, 28] ? false at distSquared 109
[B: #11028@239] GameActionException in RobotPlayer:
[B: #11028@239] battlecode.common.GameActionException: Target location is not on the map
[B: #11028@239] 	at battlecode.world.RobotControllerImpl.assertCanSenseLocation(RobotControllerImpl.java:217)
[B: #11028@239] 	at battlecode.world.RobotControllerImpl.senseMapInfo(RobotControllerImpl.java:646)
[B: #11028@239] 	at teacher08a.CatAttacker.runReportBack(CatAttacker.java:185)
[B: #11028@239] 	at teacher08a.CatAttacker.doAction(CatAttacker.java:37)
[B: #11028@239] 	at teacher08a.RobotPlayer.run(RobotPlayer.java:25)
[B: #11028@239] 	at java.base/jdk.internal.reflect.DirectMethodHandleAccessor.invoke(DirectMethodHandleAccessor.java:103)
[B: #11028@239] 	at java.base/java.lang.reflect.Method.invoke(Method.java:580)
[B: #11028@239] 	at battlecode.instrumenter.SandboxedRobotPlayer.loadAndRunPlayerJava(SandboxedRobotPlayer.java:306)
[B: #11028@239] 	at battlecode.instrumenter.SandboxedRobotPlayer.loadAndRunPlayer(SandboxedRobotPlayer.java:268)
[B: #11028@239] 	at battlecode.instrumenter.SandboxedRobotPlayer.lambda$new$2(SandboxedRobotPlayer.java:202)
[B: #11028@239] 	at java.base/java.lang.Thread.run(Thread.java:1583)
[B: #10105@239] Can sense kingLoc [55, 28] ? false at distSquared 97
[B: #12917@239] Sensed 0 robots
[B: #11406@239] Can sense kingLoc [55, 28] ? false at distSquared 73
[B: #13095@239] Sensed 1 robots
[B: #13095@239] Received 0 messages
[B: #12999@239] Sensed 0 robots
[B: #11545@239] Sensed 0 robots
[B: #12967@239] Can sense kingLoc [55, 28] ? false at distSquared 116
[B: #12962@239] Can sense kingLoc [55, 28] ? false at distSquared 153
[B: #10672@239] Sensed 2 robots
[B: #10672@239] Received 0 messages
[B: #10672@239] Found cat at [7, 8]
[B: #11337@239] Can sense kingLoc [55, 28] ? false at distSquared 160
[B: #12877@239] Sensed 2 robots
[B: #12877@239] Received 0 messages
[B: #12877@239] Found cat at [7, 8]
[B: #10145@239] Can sense kingLoc [55, 28] ? false at distSquared 137
[B: #12940@239] Can sense kingLoc [55, 28] ? false at distSquared 178
[B: #11096@240] Can sense kingLoc [55, 28] ? false at distSquared 130
[B: #13990@240] Going straight to cheese mine at [37, 33]
[B: #11456@240] Sensed 0 robots
[B: #11061@240] Can sense kingLoc [55, 28] ? false at distSquared 90
[B: #12806@240] GameActionException in RobotPlayer:
[B: #12806@240] battlecode.common.GameActionException: Target location is not on the map
[B: #12806@240] 	at battlecode.world.RobotControllerImpl.assertCanSenseLocation(RobotControllerImpl.java:217)
[B: #12806@240] 	at battlecode.world.RobotControllerImpl.senseMapInfo(RobotControllerImpl.java:646)
[B: #12806@240] 	at teacher08a.CatAttacker.runReportBack(CatAttacker.java:185)
[B: #12806@240] 	at teacher08a.CatAttacker.doAction(CatAttacker.java:37)
[B: #12806@240] 	at teacher08a.RobotPlayer.run(RobotPlayer.java:25)
[B: #12806@240] 	at java.base/jdk.internal.reflect.DirectMethodHandleAccessor.invoke(DirectMethodHandleAccessor.java:103)
[B: #12806@240] 	at java.base/java.lang.reflect.Method.invoke(Method.java:580)
[B: #12806@240] 	at battlecode.instrumenter.SandboxedRobotPlayer.loadAndRunPlayerJava(SandboxedRobotPlayer.java:306)
[B: #12806@240] 	at battlecode.instrumenter.SandboxedRobotPlayer.loadAndRunPlayer(SandboxedRobotPlayer.java:268)
[B: #12806@240] 	at battlecode.instrumenter.SandboxedRobotPlayer.lambda$new$2(SandboxedRobotPlayer.java:202)
[B: #12806@240] 	at java.base/java.lang.Thread.run(Thread.java:1583)
[B: #10072@240] Can sense kingLoc [55, 28] ? false at distSquared 109
[B: #11028@240] GameActionException in RobotPlayer:
[B: #11028@240] battlecode.common.GameActionException: Target location is not on the map
[B: #11028@240] 	at battlecode.world.RobotControllerImpl.assertCanSenseLocation(RobotControllerImpl.java:217)
[B: #11028@240] 	at battlecode.world.RobotControllerImpl.senseMapInfo(RobotControllerImpl.java:646)
[B: #11028@240] 	at teacher08a.CatAttacker.runReportBack(CatAttacker.java:185)
[B: #11028@240] 	at teacher08a.CatAttacker.doAction(CatAttacker.java:37)
[B: #11028@240] 	at teacher08a.RobotPlayer.run(RobotPlayer.java:25)
[B: #11028@240] 	at java.base/jdk.internal.reflect.DirectMethodHandleAccessor.invoke(DirectMethodHandleAccessor.java:103)
[B: #11028@240] 	at java.base/java.lang.reflect.Method.invoke(Method.java:580)
[B: #11028@240] 	at battlecode.instrumenter.SandboxedRobotPlayer.loadAndRunPlayerJava(SandboxedRobotPlayer.java:306)
[B: #11028@240] 	at battlecode.instrumenter.SandboxedRobotPlayer.loadAndRunPlayer(SandboxedRobotPlayer.java:268)
[B: #11028@240] 	at battlecode.instrumenter.SandboxedRobotPlayer.lambda$new$2(SandboxedRobotPlayer.java:202)
[B: #11028@240] 	at java.base/java.lang.Thread.run(Thread.java:1583)
[B: #10105@240] Can sense kingLoc [55, 28] ? false at distSquared 97
[B: #12917@240] Sensed 0 robots
[B: #11406@240] Can sense kingLoc [55, 28] ? false at distSquared 73
[B: #13095@240] Sensed 0 robots
[B: #12999@240] Sensed 0 robots
[B: #11545@240] Sensed 0 robots
[B: #12967@240] Can sense kingLoc [55, 28] ? false at distSquared 116
[B: #12962@240] Can sense kingLoc [55, 28] ? false at distSquared 153
[B: #10672@240] Sensed 1 robots
[B: #10672@240] Found cat at [7, 8]
[B: #11337@240] Can sense kingLoc [55, 28] ? false at distSquared 160
[B: #12877@240] Sensed 2 robots
[B: #12877@240] Found cat at [7, 8]
[B: #10145@240] Can sense kingLoc [55, 28] ? false at distSquared 137
[B: #12940@240] Can sense kingLoc [55, 28] ? false at distSquared 178
[B: #11096@241] Can sense kingLoc [55, 28] ? false at distSquared 130
[B: #13990@241] Going straight to cheese mine at [37, 33]
[B: #11456@241] Sensed 0 robots
[B: #11061@241] Can sense kingLoc [55, 28] ? false at distSquared 90
[B: #12806@241] GameActionException in RobotPlayer:
[B: #12806@241] battlecode.common.GameActionException: Target location is not on the map
[B: #12806@241] 	at battlecode.world.RobotControllerImpl.assertCanSenseLocation(RobotControllerImpl.java:217)
[B: #12806@241] 	at battlecode.world.RobotControllerImpl.senseMapInfo(RobotControllerImpl.java:646)
[B: #12806@241] 	at teacher08a.CatAttacker.runReportBack(CatAttacker.java:185)
[B: #12806@241] 	at teacher08a.CatAttacker.doAction(CatAttacker.java:37)
[B: #12806@241] 	at teacher08a.RobotPlayer.run(RobotPlayer.java:25)
[B: #12806@241] 	at java.base/jdk.internal.reflect.DirectMethodHandleAccessor.invoke(DirectMethodHandleAccessor.java:103)
[B: #12806@241] 	at java.base/java.lang.reflect.Method.invoke(Method.java:580)
[B: #12806@241] 	at battlecode.instrumenter.SandboxedRobotPlayer.loadAndRunPlayerJava(SandboxedRobotPlayer.java:306)
[B: #12806@241] 	at battlecode.instrumenter.SandboxedRobotPlayer.loadAndRunPlayer(SandboxedRobotPlayer.java:268)
[B: #12806@241] 	at battlecode.instrumenter.SandboxedRobotPlayer.lambda$new$2(SandboxedRobotPlayer.java:202)
[B: #12806@241] 	at java.base/java.lang.Thread.run(Thread.java:1583)
[B: #10072@241] Can sense kingLoc [55, 28] ? false at distSquared 109
[B: #11028@241] GameActionException in RobotPlayer:
[B: #11028@241] battlecode.common.GameActionException: Target location is not on the map
[B: #11028@241] 	at battlecode.world.RobotControllerImpl.assertCanSenseLocation(RobotControllerImpl.java:217)
[B: #11028@241] 	at battlecode.world.RobotControllerImpl.senseMapInfo(RobotControllerImpl.java:646)
[B: #11028@241] 	at teacher08a.CatAttacker.runReportBack(CatAttacker.java:185)
[B: #11028@241] 	at teacher08a.CatAttacker.doAction(CatAttacker.java:37)
[B: #11028@241] 	at teacher08a.RobotPlayer.run(RobotPlayer.java:25)
[B: #11028@241] 	at java.base/jdk.internal.reflect.DirectMethodHandleAccessor.invoke(DirectMethodHandleAccessor.java:103)
[B: #11028@241] 	at java.base/java.lang.reflect.Method.invoke(Method.java:580)
[B: #11028@241] 	at battlecode.instrumenter.SandboxedRobotPlayer.loadAndRunPlayerJava(SandboxedRobotPlayer.java:306)
[B: #11028@241] 	at battlecode.instrumenter.SandboxedRobotPlayer.loadAndRunPlayer(SandboxedRobotPlayer.java:268)
[B: #11028@241] 	at battlecode.instrumenter.SandboxedRobotPlayer.lambda$new$2(SandboxedRobotPlayer.java:202)
[B: #11028@241] 	at java.base/java.lang.Thread.run(Thread.java:1583)
[B: #10105@241] Can sense kingLoc [55, 28] ? false at distSquared 97
[B: #12917@241] Sensed 0 robots
[B: #11406@241] Can sense kingLoc [55, 28] ? false at distSquared 73
[B: #13095@241] Sensed 0 robots
[B: #12999@241] Sensed 0 robots
[B: #11545@241] Sensed 0 robots
[B: #12967@241] Can sense kingLoc [55, 28] ? false at distSquared 116
[B: #12962@241] Can sense kingLoc [55, 28] ? false at distSquared 153
[B: #10672@241] Sensed 1 robots
[B: #10672@241] Found cat at [6, 8]
[B: #10672@241] Attacking cat at [6, 8]
[B: #11337@241] Can sense kingLoc [55, 28] ? false at distSquared 160
[B: #12877@241] Sensed 2 robots
[B: #12877@241] Received 0 messages
[B: #12877@241] Found cat at [6, 8]
[B: #10145@241] Can sense kingLoc [55, 28] ? false at distSquared 137
[B: #12940@241] Can sense kingLoc [55, 28] ? false at distSquared 178
[B: #11096@242] Can sense kingLoc [55, 28] ? false at distSquared 130
[B: #13990@242] Going straight to cheese mine at [37, 33]
[B: #11456@242] Sensed 0 robots
[B: #11061@242] Can sense kingLoc [55, 28] ? false at distSquared 90
[B: #12806@242] GameActionException in RobotPlayer:
[B: #12806@242] battlecode.common.GameActionException: Target location is not on the map
[B: #12806@242] 	at battlecode.world.RobotControllerImpl.assertCanSenseLocation(RobotControllerImpl.java:217)
[B: #12806@242] 	at battlecode.world.RobotControllerImpl.senseMapInfo(RobotControllerImpl.java:646)
[B: #12806@242] 	at teacher08a.CatAttacker.runReportBack(CatAttacker.java:185)
[B: #12806@242] 	at teacher08a.CatAttacker.doAction(CatAttacker.java:37)
[B: #12806@242] 	at teacher08a.RobotPlayer.run(RobotPlayer.java:25)
[B: #12806@242] 	at java.base/jdk.internal.reflect.DirectMethodHandleAccessor.invoke(DirectMethodHandleAccessor.java:103)
[B: #12806@242] 	at java.base/java.lang.reflect.Method.invoke(Method.java:580)
[B: #12806@242] 	at battlecode.instrumenter.SandboxedRobotPlayer.loadAndRunPlayerJava(SandboxedRobotPlayer.java:306)
[B: #12806@242] 	at battlecode.instrumenter.SandboxedRobotPlayer.loadAndRunPlayer(SandboxedRobotPlayer.java:268)
[B: #12806@242] 	at battlecode.instrumenter.SandboxedRobotPlayer.lambda$new$2(SandboxedRobotPlayer.java:202)
[B: #12806@242] 	at java.base/java.lang.Thread.run(Thread.java:1583)
[B: #10072@242] Can sense kingLoc [55, 28] ? false at distSquared 109
[B: #11028@242] GameActionException in RobotPlayer:
[B: #11028@242] battlecode.common.GameActionException: Target location is not on the map
[B: #11028@242] 	at battlecode.world.RobotControllerImpl.assertCanSenseLocation(RobotControllerImpl.java:217)
[B: #11028@242] 	at battlecode.world.RobotControllerImpl.senseMapInfo(RobotControllerImpl.java:646)
[B: #11028@242] 	at teacher08a.CatAttacker.runReportBack(CatAttacker.java:185)
[B: #11028@242] 	at teacher08a.CatAttacker.doAction(CatAttacker.java:37)
[B: #11028@242] 	at teacher08a.RobotPlayer.run(RobotPlayer.java:25)
[B: #11028@242] 	at java.base/jdk.internal.reflect.DirectMethodHandleAccessor.invoke(DirectMethodHandleAccessor.java:103)
[B: #11028@242] 	at java.base/java.lang.reflect.Method.invoke(Method.java:580)
[B: #11028@242] 	at battlecode.instrumenter.SandboxedRobotPlayer.loadAndRunPlayerJava(SandboxedRobotPlayer.java:306)
[B: #11028@242] 	at battlecode.instrumenter.SandboxedRobotPlayer.loadAndRunPlayer(SandboxedRobotPlayer.java:268)
[B: #11028@242] 	at battlecode.instrumenter.SandboxedRobotPlayer.lambda$new$2(SandboxedRobotPlayer.java:202)
[B: #11028@242] 	at java.base/java.lang.Thread.run(Thread.java:1583)
[B: #10105@242] Can sense kingLoc [55, 28] ? false at distSquared 97
[B: #12917@242] Sensed 0 robots
[B: #11406@242] Can sense kingLoc [55, 28] ? false at distSquared 73
[B: #13095@242] Sensed 0 robots
[B: #12999@242] Sensed 0 robots
[B: #11545@242] Sensed 0 robots
[B: #12967@242] Can sense kingLoc [55, 28] ? false at distSquared 116
[B: #12962@242] Can sense kingLoc [55, 28] ? false at distSquared 153
[B: #10672@242] Sensed 0 robots
[B: #10672@242] Found cat at [6, 8]
[B: #10672@242] Attacking cat at [6, 8]
[B: #11337@242] Can sense kingLoc [55, 28] ? false at distSquared 160
[B: #12877@242] Sensed 1 robots
[B: #12877@242] Found cat at [6, 8]
[B: #12877@242] Reporting back with dice 9
[B: #10145@242] Can sense kingLoc [55, 28] ? false at distSquared 137
[B: #12940@242] Can sense kingLoc [55, 28] ? false at distSquared 178
[B: #11096@243] Can sense kingLoc [55, 28] ? false at distSquared 130
[B: #13990@243] Going straight to cheese mine at [37, 33]
[B: #11456@243] Sensed 0 robots
[B: #11061@243] Can sense kingLoc [55, 28] ? false at distSquared 90
[B: #12806@243] GameActionException in RobotPlayer:
[B: #12806@243] battlecode.common.GameActionException: Target location is not on the map
[B: #12806@243] 	at battlecode.world.RobotControllerImpl.assertCanSenseLocation(RobotControllerImpl.java:217)
[B: #12806@243] 	at battlecode.world.RobotControllerImpl.senseMapInfo(RobotControllerImpl.java:646)
[B: #12806@243] 	at teacher08a.CatAttacker.runReportBack(CatAttacker.java:185)
[B: #12806@243] 	at teacher08a.CatAttacker.doAction(CatAttacker.java:37)
[B: #12806@243] 	at teacher08a.RobotPlayer.run(RobotPlayer.java:25)
[B: #12806@243] 	at java.base/jdk.internal.reflect.DirectMethodHandleAccessor.invoke(DirectMethodHandleAccessor.java:103)
[B: #12806@243] 	at java.base/java.lang.reflect.Method.invoke(Method.java:580)
[B: #12806@243] 	at battlecode.instrumenter.SandboxedRobotPlayer.loadAndRunPlayerJava(SandboxedRobotPlayer.java:306)
[B: #12806@243] 	at battlecode.instrumenter.SandboxedRobotPlayer.loadAndRunPlayer(SandboxedRobotPlayer.java:268)
[B: #12806@243] 	at battlecode.instrumenter.SandboxedRobotPlayer.lambda$new$2(SandboxedRobotPlayer.java:202)
[B: #12806@243] 	at java.base/java.lang.Thread.run(Thread.java:1583)
[B: #10072@243] Can sense kingLoc [55, 28] ? false at distSquared 109
[B: #11028@243] GameActionException in RobotPlayer:
[B: #11028@243] battlecode.common.GameActionException: Target location is not on the map
[B: #11028@243] 	at battlecode.world.RobotControllerImpl.assertCanSenseLocation(RobotControllerImpl.java:217)
[B: #11028@243] 	at battlecode.world.RobotControllerImpl.senseMapInfo(RobotControllerImpl.java:646)
[B: #11028@243] 	at teacher08a.CatAttacker.runReportBack(CatAttacker.java:185)
[B: #11028@243] 	at teacher08a.CatAttacker.doAction(CatAttacker.java:37)
[B: #11028@243] 	at teacher08a.RobotPlayer.run(RobotPlayer.java:25)
[B: #11028@243] 	at java.base/jdk.internal.reflect.DirectMethodHandleAccessor.invoke(DirectMethodHandleAccessor.java:103)
[B: #11028@243] 	at java.base/java.lang.reflect.Method.invoke(Method.java:580)
[B: #11028@243] 	at battlecode.instrumenter.SandboxedRobotPlayer.loadAndRunPlayerJava(SandboxedRobotPlayer.java:306)
[B: #11028@243] 	at battlecode.instrumenter.SandboxedRobotPlayer.loadAndRunPlayer(SandboxedRobotPlayer.java:268)
[B: #11028@243] 	at battlecode.instrumenter.SandboxedRobotPlayer.lambda$new$2(SandboxedRobotPlayer.java:202)
[B: #11028@243] 	at java.base/java.lang.Thread.run(Thread.java:1583)
[B: #10105@243] Can sense kingLoc [55, 28] ? false at distSquared 97
[B: #12917@243] Sensed 0 robots
[B: #11406@243] Can sense kingLoc [55, 28] ? false at distSquared 73
[B: #13095@243] Sensed 0 robots
[B: #12999@243] Sensed 0 robots
[B: #11545@243] Sensed 0 robots
[B: #12967@243] Can sense kingLoc [55, 28] ? false at distSquared 116
[B: #12962@243] Can sense kingLoc [55, 28] ? false at distSquared 153
[B: #10672@243] Sensed 1 robots
[B: #10672@243] Found cat at [5, 8]
[B: #11337@243] Can sense kingLoc [55, 28] ? false at distSquared 160
[B: #12877@243] From [8, 9] Sent a squeak 16776 for cat at [6, 8]
[B: #10145@243] Can sense kingLoc [55, 28] ? false at distSquared 137
[B: #12940@243] Can sense kingLoc [55, 28] ? false at distSquared 178
[B: #11096@244] Can sense kingLoc [55, 28] ? false at distSquared 130
[B: #13990@244] Going straight to cheese mine at [37, 33]
[B: #11456@244] Sensed 0 robots
[B: #11061@244] Can sense kingLoc [55, 28] ? false at distSquared 90
[B: #12806@244] GameActionException in RobotPlayer:
[B: #12806@244] battlecode.common.GameActionException: Target location is not on the map
[B: #12806@244] 	at battlecode.world.RobotControllerImpl.assertCanSenseLocation(RobotControllerImpl.java:217)
[B: #12806@244] 	at battlecode.world.RobotControllerImpl.senseMapInfo(RobotControllerImpl.java:646)
[B: #12806@244] 	at teacher08a.CatAttacker.runReportBack(CatAttacker.java:185)
[B: #12806@244] 	at teacher08a.CatAttacker.doAction(CatAttacker.java:37)
[B: #12806@244] 	at teacher08a.RobotPlayer.run(RobotPlayer.java:25)
[B: #12806@244] 	at java.base/jdk.internal.reflect.DirectMethodHandleAccessor.invoke(DirectMethodHandleAccessor.java:103)
[B: #12806@244] 	at java.base/java.lang.reflect.Method.invoke(Method.java:580)
[B: #12806@244] 	at battlecode.instrumenter.SandboxedRobotPlayer.loadAndRunPlayerJava(SandboxedRobotPlayer.java:306)
[B: #12806@244] 	at battlecode.instrumenter.SandboxedRobotPlayer.loadAndRunPlayer(SandboxedRobotPlayer.java:268)
[B: #12806@244] 	at battlecode.instrumenter.SandboxedRobotPlayer.lambda$new$2(SandboxedRobotPlayer.java:202)
[B: #12806@244] 	at java.base/java.lang.Thread.run(Thread.java:1583)
[B: #10072@244] Can sense kingLoc [55, 28] ? false at distSquared 109
[B: #11028@244] GameActionException in RobotPlayer:
[B: #11028@244] battlecode.common.GameActionException: Target location is not on the map
[B: #11028@244] 	at battlecode.world.RobotControllerImpl.assertCanSenseLocation(RobotControllerImpl.java:217)
[B: #11028@244] 	at battlecode.world.RobotControllerImpl.senseMapInfo(RobotControllerImpl.java:646)
[B: #11028@244] 	at teacher08a.CatAttacker.runReportBack(CatAttacker.java:185)
[B: #11028@244] 	at teacher08a.CatAttacker.doAction(CatAttacker.java:37)
[B: #11028@244] 	at teacher08a.RobotPlayer.run(RobotPlayer.java:25)
[B: #11028@244] 	at java.base/jdk.internal.reflect.DirectMethodHandleAccessor.invoke(DirectMethodHandleAccessor.java:103)
[B: #11028@244] 	at java.base/java.lang.reflect.Method.invoke(Method.java:580)
[B: #11028@244] 	at battlecode.instrumenter.SandboxedRobotPlayer.loadAndRunPlayerJava(SandboxedRobotPlayer.java:306)
[B: #11028@244] 	at battlecode.instrumenter.SandboxedRobotPlayer.loadAndRunPlayer(SandboxedRobotPlayer.java:268)
[B: #11028@244] 	at battlecode.instrumenter.SandboxedRobotPlayer.lambda$new$2(SandboxedRobotPlayer.java:202)
[B: #11028@244] 	at java.base/java.lang.Thread.run(Thread.java:1583)
[B: #10105@244] Can sense kingLoc [55, 28] ? false at distSquared 97
[B: #12917@244] Sensed 0 robots
[B: #11406@244] Can sense kingLoc [55, 28] ? false at distSquared 73
[B: #13095@244] Sensed 0 robots
[B: #12999@244] Sensed 0 robots
[B: #11545@244] Sensed 0 robots
[B: #12967@244] Can sense kingLoc [55, 28] ? false at distSquared 116
[B: #12962@244] Can sense kingLoc [55, 28] ? false at distSquared 153
[B: #10672@244] Sensed 1 robots
[B: #10672@244] Received 0 messages
[B: #10672@244] Found cat at [5, 8]
[B: #11337@244] Can sense kingLoc [55, 28] ? false at distSquared 160
[B: #12877@244] Sensed 2 robots
[B: #12877@244] Received 0 messages
[B: #12877@244] Found cat at [5, 8]
[B: #10145@244] Can sense kingLoc [55, 28] ? false at distSquared 137
[B: #12940@244] Can sense kingLoc [55, 28] ? false at distSquared 178
[B: #11096@245] Can sense kingLoc [55, 28] ? false at distSquared 130
[B: #13990@245] Going straight to cheese mine at [37, 33]
[B: #11456@245] Sensed 0 robots
[B: #11061@245] Can sense kingLoc [55, 28] ? false at distSquared 90
[B: #12806@245] GameActionException in RobotPlayer:
[B: #12806@245] battlecode.common.GameActionException: Target location is not on the map
[B: #12806@245] 	at battlecode.world.RobotControllerImpl.assertCanSenseLocation(RobotControllerImpl.java:217)
[B: #12806@245] 	at battlecode.world.RobotControllerImpl.senseMapInfo(RobotControllerImpl.java:646)
[B: #12806@245] 	at teacher08a.CatAttacker.runReportBack(CatAttacker.java:185)
[B: #12806@245] 	at teacher08a.CatAttacker.doAction(CatAttacker.java:37)
[B: #12806@245] 	at teacher08a.RobotPlayer.run(RobotPlayer.java:25)
[B: #12806@245] 	at java.base/jdk.internal.reflect.DirectMethodHandleAccessor.invoke(DirectMethodHandleAccessor.java:103)
[B: #12806@245] 	at java.base/java.lang.reflect.Method.invoke(Method.java:580)
[B: #12806@245] 	at battlecode.instrumenter.SandboxedRobotPlayer.loadAndRunPlayerJava(SandboxedRobotPlayer.java:306)
[B: #12806@245] 	at battlecode.instrumenter.SandboxedRobotPlayer.loadAndRunPlayer(SandboxedRobotPlayer.java:268)
[B: #12806@245] 	at battlecode.instrumenter.SandboxedRobotPlayer.lambda$new$2(SandboxedRobotPlayer.java:202)
[B: #12806@245] 	at java.base/java.lang.Thread.run(Thread.java:1583)
[B: #10072@245] Can sense kingLoc [55, 28] ? false at distSquared 109
[B: #11028@245] GameActionException in RobotPlayer:
[B: #11028@245] battlecode.common.GameActionException: Target location is not on the map
[B: #11028@245] 	at battlecode.world.RobotControllerImpl.assertCanSenseLocation(RobotControllerImpl.java:217)
[B: #11028@245] 	at battlecode.world.RobotControllerImpl.senseMapInfo(RobotControllerImpl.java:646)
[B: #11028@245] 	at teacher08a.CatAttacker.runReportBack(CatAttacker.java:185)
[B: #11028@245] 	at teacher08a.CatAttacker.doAction(CatAttacker.java:37)
[B: #11028@245] 	at teacher08a.RobotPlayer.run(RobotPlayer.java:25)
[B: #11028@245] 	at java.base/jdk.internal.reflect.DirectMethodHandleAccessor.invoke(DirectMethodHandleAccessor.java:103)
[B: #11028@245] 	at java.base/java.lang.reflect.Method.invoke(Method.java:580)
[B: #11028@245] 	at battlecode.instrumenter.SandboxedRobotPlayer.loadAndRunPlayerJava(SandboxedRobotPlayer.java:306)
[B: #11028@245] 	at battlecode.instrumenter.SandboxedRobotPlayer.loadAndRunPlayer(SandboxedRobotPlayer.java:268)
[B: #11028@245] 	at battlecode.instrumenter.SandboxedRobotPlayer.lambda$new$2(SandboxedRobotPlayer.java:202)
[B: #11028@245] 	at java.base/java.lang.Thread.run(Thread.java:1583)
[B: #10105@245] Can sense kingLoc [55, 28] ? false at distSquared 97
[B: #12917@245] Sensed 0 robots
[B: #11406@245] Can sense kingLoc [55, 28] ? false at distSquared 73
[B: #13095@245] Sensed 0 robots
[B: #12999@245] Sensed 0 robots
[B: #11545@245] Sensed 0 robots
[B: #12967@245] Can sense kingLoc [55, 28] ? false at distSquared 116
[B: #12962@245] Can sense kingLoc [55, 28] ? false at distSquared 153
[B: #10672@245] Sensed 2 robots
[B: #10672@245] Received 0 messages
[B: #10672@245] Found cat at [5, 8]
[B: #10672@245] Reporting back with dice 9
[B: #11337@245] Can sense kingLoc [55, 28] ? false at distSquared 160
[B: #12877@245] Sensed 1 robots
[B: #12877@245] Found cat at [5, 8]
[B: #10145@245] Can sense kingLoc [55, 28] ? false at distSquared 137
[B: #12940@245] Can sense kingLoc [55, 28] ? false at distSquared 178
[B: #11096@246] Can sense kingLoc [55, 28] ? false at distSquared 130
[B: #13990@246] Going straight to cheese mine at [37, 33]
[B: #11456@246] Sensed 0 robots
[B: #11061@246] Can sense kingLoc [55, 28] ? false at distSquared 90
[B: #12806@246] GameActionException in RobotPlayer:
[B: #12806@246] battlecode.common.GameActionException: Target location is not on the map
[B: #12806@246] 	at battlecode.world.RobotControllerImpl.assertCanSenseLocation(RobotControllerImpl.java:217)
[B: #12806@246] 	at battlecode.world.RobotControllerImpl.senseMapInfo(RobotControllerImpl.java:646)
[B: #12806@246] 	at teacher08a.CatAttacker.runReportBack(CatAttacker.java:185)
[B: #12806@246] 	at teacher08a.CatAttacker.doAction(CatAttacker.java:37)
[B: #12806@246] 	at teacher08a.RobotPlayer.run(RobotPlayer.java:25)
[B: #12806@246] 	at java.base/jdk.internal.reflect.DirectMethodHandleAccessor.invoke(DirectMethodHandleAccessor.java:103)
[B: #12806@246] 	at java.base/java.lang.reflect.Method.invoke(Method.java:580)
[B: #12806@246] 	at battlecode.instrumenter.SandboxedRobotPlayer.loadAndRunPlayerJava(SandboxedRobotPlayer.java:306)
[B: #12806@246] 	at battlecode.instrumenter.SandboxedRobotPlayer.loadAndRunPlayer(SandboxedRobotPlayer.java:268)
[B: #12806@246] 	at battlecode.instrumenter.SandboxedRobotPlayer.lambda$new$2(SandboxedRobotPlayer.java:202)
[B: #12806@246] 	at java.base/java.lang.Thread.run(Thread.java:1583)
[B: #10072@246] Can sense kingLoc [55, 28] ? false at distSquared 109
[B: #11028@246] GameActionException in RobotPlayer:
[B: #11028@246] battlecode.common.GameActionException: Target location is not on the map
[B: #11028@246] 	at battlecode.world.RobotControllerImpl.assertCanSenseLocation(RobotControllerImpl.java:217)
[B: #11028@246] 	at battlecode.world.RobotControllerImpl.senseMapInfo(RobotControllerImpl.java:646)
[B: #11028@246] 	at teacher08a.CatAttacker.runReportBack(CatAttacker.java:185)
[B: #11028@246] 	at teacher08a.CatAttacker.doAction(CatAttacker.java:37)
[B: #11028@246] 	at teacher08a.RobotPlayer.run(RobotPlayer.java:25)
[B: #11028@246] 	at java.base/jdk.internal.reflect.DirectMethodHandleAccessor.invoke(DirectMethodHandleAccessor.java:103)
[B: #11028@246] 	at java.base/java.lang.reflect.Method.invoke(Method.java:580)
[B: #11028@246] 	at battlecode.instrumenter.SandboxedRobotPlayer.loadAndRunPlayerJava(SandboxedRobotPlayer.java:306)
[B: #11028@246] 	at battlecode.instrumenter.SandboxedRobotPlayer.loadAndRunPlayer(SandboxedRobotPlayer.java:268)
[B: #11028@246] 	at battlecode.instrumenter.SandboxedRobotPlayer.lambda$new$2(SandboxedRobotPlayer.java:202)
[B: #11028@246] 	at java.base/java.lang.Thread.run(Thread.java:1583)
[B: #10105@246] Can sense kingLoc [55, 28] ? false at distSquared 97
[B: #12917@246] Sensed 0 robots
[B: #11406@246] Can sense kingLoc [55, 28] ? false at distSquared 73
[B: #13095@246] Sensed 1 robots
[B: #12999@246] Sensed 0 robots
[B: #11545@246] Sensed 0 robots
[B: #12967@246] Can sense kingLoc [55, 28] ? false at distSquared 116
[B: #12962@246] Can sense kingLoc [55, 28] ? false at distSquared 153
[B: #10672@246] From [7, 7] Sent a squeak 16712 for cat at [5, 8]
[B: #11337@246] Can sense kingLoc [55, 28] ? false at distSquared 160
[B: #12877@246] Sensed 2 robots
[B: #12877@246] Received 1 messages
[B: #12877@246] Found cat at [5, 8]
[B: #10145@246] Can sense kingLoc [55, 28] ? false at distSquared 137
[B: #12940@246] Can sense kingLoc [55, 28] ? false at distSquared 178
[B: #11096@247] Can sense kingLoc [55, 28] ? false at distSquared 130
[B: #13990@247] Going straight to cheese mine at [37, 33]
[B: #11456@247] Sensed 0 robots
[B: #11061@247] Can sense kingLoc [55, 28] ? false at distSquared 90
[B: #12806@247] GameActionException in RobotPlayer:
[B: #12806@247] battlecode.common.GameActionException: Target location is not on the map
[B: #12806@247] 	at battlecode.world.RobotControllerImpl.assertCanSenseLocation(RobotControllerImpl.java:217)
[B: #12806@247] 	at battlecode.world.RobotControllerImpl.senseMapInfo(RobotControllerImpl.java:646)
[B: #12806@247] 	at teacher08a.CatAttacker.runReportBack(CatAttacker.java:185)
[B: #12806@247] 	at teacher08a.CatAttacker.doAction(CatAttacker.java:37)
[B: #12806@247] 	at teacher08a.RobotPlayer.run(RobotPlayer.java:25)
[B: #12806@247] 	at java.base/jdk.internal.reflect.DirectMethodHandleAccessor.invoke(DirectMethodHandleAccessor.java:103)
[B: #12806@247] 	at java.base/java.lang.reflect.Method.invoke(Method.java:580)
[B: #12806@247] 	at battlecode.instrumenter.SandboxedRobotPlayer.loadAndRunPlayerJava(SandboxedRobotPlayer.java:306)
[B: #12806@247] 	at battlecode.instrumenter.SandboxedRobotPlayer.loadAndRunPlayer(SandboxedRobotPlayer.java:268)
[B: #12806@247] 	at battlecode.instrumenter.SandboxedRobotPlayer.lambda$new$2(SandboxedRobotPlayer.java:202)
[B: #12806@247] 	at java.base/java.lang.Thread.run(Thread.java:1583)
[B: #10072@247] Can sense kingLoc [55, 28] ? false at distSquared 109
[B: #11028@247] GameActionException in RobotPlayer:
[B: #11028@247] battlecode.common.GameActionException: Target location is not on the map
[B: #11028@247] 	at battlecode.world.RobotControllerImpl.assertCanSenseLocation(RobotControllerImpl.java:217)
[B: #11028@247] 	at battlecode.world.RobotControllerImpl.senseMapInfo(RobotControllerImpl.java:646)
[B: #11028@247] 	at teacher08a.CatAttacker.runReportBack(CatAttacker.java:185)
[B: #11028@247] 	at teacher08a.CatAttacker.doAction(CatAttacker.java:37)
[B: #11028@247] 	at teacher08a.RobotPlayer.run(RobotPlayer.java:25)
[B: #11028@247] 	at java.base/jdk.internal.reflect.DirectMethodHandleAccessor.invoke(DirectMethodHandleAccessor.java:103)
[B: #11028@247] 	at java.base/java.lang.reflect.Method.invoke(Method.java:580)
[B: #11028@247] 	at battlecode.instrumenter.SandboxedRobotPlayer.loadAndRunPlayerJava(SandboxedRobotPlayer.java:306)
[B: #11028@247] 	at battlecode.instrumenter.SandboxedRobotPlayer.loadAndRunPlayer(SandboxedRobotPlayer.java:268)
[B: #11028@247] 	at battlecode.instrumenter.SandboxedRobotPlayer.lambda$new$2(SandboxedRobotPlayer.java:202)
[B: #11028@247] 	at java.base/java.lang.Thread.run(Thread.java:1583)
[B: #10105@247] Can sense kingLoc [55, 28] ? false at distSquared 97
[B: #12917@247] Sensed 0 robots
[B: #11406@247] Can sense kingLoc [55, 28] ? false at distSquared 73
[B: #13095@247] Sensed 1 robots
[B: #13095@247] Received 0 messages
[B: #12999@247] Sensed 0 robots
[B: #11545@247] Sensed 0 robots
[B: #12967@247] Can sense kingLoc [55, 28] ? false at distSquared 116
[B: #12962@247] Can sense kingLoc [55, 28] ? false at distSquared 153
[B: #10672@247] Sensed 1 robots
[B: #10672@247] Found cat at [7, 8]
[B: #10672@247] Attacking cat at [7, 8]
[B: #11337@247] Can sense kingLoc [55, 28] ? false at distSquared 160
[B: #10145@247] Can sense kingLoc [55, 28] ? false at distSquared 137
[B: #12940@247] Can sense kingLoc [55, 28] ? false at distSquared 178
[B: #11096@248] Can sense kingLoc [55, 28] ? false at distSquared 130
[B: #13990@248] Going straight to cheese mine at [37, 33]
[B: #11456@248] Sensed 0 robots
[B: #11061@248] Can sense kingLoc [55, 28] ? false at distSquared 90
[B: #12806@248] GameActionException in RobotPlayer:
[B: #12806@248] battlecode.common.GameActionException: Target location is not on the map
[B: #12806@248] 	at battlecode.world.RobotControllerImpl.assertCanSenseLocation(RobotControllerImpl.java:217)
[B: #12806@248] 	at battlecode.world.RobotControllerImpl.senseMapInfo(RobotControllerImpl.java:646)
[B: #12806@248] 	at teacher08a.CatAttacker.runReportBack(CatAttacker.java:185)
[B: #12806@248] 	at teacher08a.CatAttacker.doAction(CatAttacker.java:37)
[B: #12806@248] 	at teacher08a.RobotPlayer.run(RobotPlayer.java:25)
[B: #12806@248] 	at java.base/jdk.internal.reflect.DirectMethodHandleAccessor.invoke(DirectMethodHandleAccessor.java:103)
[B: #12806@248] 	at java.base/java.lang.reflect.Method.invoke(Method.java:580)
[B: #12806@248] 	at battlecode.instrumenter.SandboxedRobotPlayer.loadAndRunPlayerJava(SandboxedRobotPlayer.java:306)
[B: #12806@248] 	at battlecode.instrumenter.SandboxedRobotPlayer.loadAndRunPlayer(SandboxedRobotPlayer.java:268)
[B: #12806@248] 	at battlecode.instrumenter.SandboxedRobotPlayer.lambda$new$2(SandboxedRobotPlayer.java:202)
[B: #12806@248] 	at java.base/java.lang.Thread.run(Thread.java:1583)
[B: #10072@248] Can sense kingLoc [55, 28] ? false at distSquared 109
[B: #11028@248] GameActionException in RobotPlayer:
[B: #11028@248] battlecode.common.GameActionException: Target location is not on the map
[B: #11028@248] 	at battlecode.world.RobotControllerImpl.assertCanSenseLocation(RobotControllerImpl.java:217)
[B: #11028@248] 	at battlecode.world.RobotControllerImpl.senseMapInfo(RobotControllerImpl.java:646)
[B: #11028@248] 	at teacher08a.CatAttacker.runReportBack(CatAttacker.java:185)
[B: #11028@248] 	at teacher08a.CatAttacker.doAction(CatAttacker.java:37)
[B: #11028@248] 	at teacher08a.RobotPlayer.run(RobotPlayer.java:25)
[B: #11028@248] 	at java.base/jdk.internal.reflect.DirectMethodHandleAccessor.invoke(DirectMethodHandleAccessor.java:103)
[B: #11028@248] 	at java.base/java.lang.reflect.Method.invoke(Method.java:580)
[B: #11028@248] 	at battlecode.instrumenter.SandboxedRobotPlayer.loadAndRunPlayerJava(SandboxedRobotPlayer.java:306)
[B: #11028@248] 	at battlecode.instrumenter.SandboxedRobotPlayer.loadAndRunPlayer(SandboxedRobotPlayer.java:268)
[B: #11028@248] 	at battlecode.instrumenter.SandboxedRobotPlayer.lambda$new$2(SandboxedRobotPlayer.java:202)
[B: #11028@248] 	at java.base/java.lang.Thread.run(Thread.java:1583)
[B: #10105@248] Can sense kingLoc [55, 28] ? false at distSquared 97
[B: #12917@248] Sensed 0 robots
[B: #11406@248] Can sense kingLoc [55, 28] ? false at distSquared 73
[B: #13095@248] Sensed 0 robots
[B: #12999@248] Sensed 0 robots
[B: #11545@248] Sensed 0 robots
[B: #12967@248] Can sense kingLoc [55, 28] ? false at distSquared 116
[B: #12962@248] Can sense kingLoc [55, 28] ? false at distSquared 153
[B: #10672@248] Sensed 1 robots
[B: #10672@248] Found cat at [7, 8]
[B: #10672@248] Attacking cat at [7, 8]
[B: #11337@248] Can sense kingLoc [55, 28] ? false at distSquared 160
[B: #10145@248] Can sense kingLoc [55, 28] ? false at distSquared 137
[B: #12940@248] Can sense kingLoc [55, 28] ? false at distSquared 178
[B: #11096@249] Can sense kingLoc [55, 28] ? false at distSquared 130
[B: #13990@249] Going straight to cheese mine at [37, 33]
[B: #11456@249] Sensed 0 robots
[B: #11061@249] Can sense kingLoc [55, 28] ? false at distSquared 90
[B: #12806@249] GameActionException in RobotPlayer:
[B: #12806@249] battlecode.common.GameActionException: Target location is not on the map
[B: #12806@249] 	at battlecode.world.RobotControllerImpl.assertCanSenseLocation(RobotControllerImpl.java:217)
[B: #12806@249] 	at battlecode.world.RobotControllerImpl.senseMapInfo(RobotControllerImpl.java:646)
[B: #12806@249] 	at teacher08a.CatAttacker.runReportBack(CatAttacker.java:185)
[B: #12806@249] 	at teacher08a.CatAttacker.doAction(CatAttacker.java:37)
[B: #12806@249] 	at teacher08a.RobotPlayer.run(RobotPlayer.java:25)
[B: #12806@249] 	at java.base/jdk.internal.reflect.DirectMethodHandleAccessor.invoke(DirectMethodHandleAccessor.java:103)
[B: #12806@249] 	at java.base/java.lang.reflect.Method.invoke(Method.java:580)
[B: #12806@249] 	at battlecode.instrumenter.SandboxedRobotPlayer.loadAndRunPlayerJava(SandboxedRobotPlayer.java:306)
[B: #12806@249] 	at battlecode.instrumenter.SandboxedRobotPlayer.loadAndRunPlayer(SandboxedRobotPlayer.java:268)
[B: #12806@249] 	at battlecode.instrumenter.SandboxedRobotPlayer.lambda$new$2(SandboxedRobotPlayer.java:202)
[B: #12806@249] 	at java.base/java.lang.Thread.run(Thread.java:1583)
[B: #10072@249] Can sense kingLoc [55, 28] ? false at distSquared 109
[B: #11028@249] GameActionException in RobotPlayer:
[B: #11028@249] battlecode.common.GameActionException: Target location is not on the map
[B: #11028@249] 	at battlecode.world.RobotControllerImpl.assertCanSenseLocation(RobotControllerImpl.java:217)
[B: #11028@249] 	at battlecode.world.RobotControllerImpl.senseMapInfo(RobotControllerImpl.java:646)
[B: #11028@249] 	at teacher08a.CatAttacker.runReportBack(CatAttacker.java:185)
[B: #11028@249] 	at teacher08a.CatAttacker.doAction(CatAttacker.java:37)
[B: #11028@249] 	at teacher08a.RobotPlayer.run(RobotPlayer.java:25)
[B: #11028@249] 	at java.base/jdk.internal.reflect.DirectMethodHandleAccessor.invoke(DirectMethodHandleAccessor.java:103)
[B: #11028@249] 	at java.base/java.lang.reflect.Method.invoke(Method.java:580)
[B: #11028@249] 	at battlecode.instrumenter.SandboxedRobotPlayer.loadAndRunPlayerJava(SandboxedRobotPlayer.java:306)
[B: #11028@249] 	at battlecode.instrumenter.SandboxedRobotPlayer.loadAndRunPlayer(SandboxedRobotPlayer.java:268)
[B: #11028@249] 	at battlecode.instrumenter.SandboxedRobotPlayer.lambda$new$2(SandboxedRobotPlayer.java:202)
[B: #11028@249] 	at java.base/java.lang.Thread.run(Thread.java:1583)
[B: #10105@249] Can sense kingLoc [55, 28] ? false at distSquared 97
[B: #12917@249] Sensed 0 robots
[B: #11406@249] Can sense kingLoc [55, 28] ? false at distSquared 73
[B: #13095@249] Sensed 0 robots
[B: #12999@249] Sensed 0 robots
[B: #11545@249] Sensed 0 robots
[B: #12967@249] Can sense kingLoc [55, 28] ? false at distSquared 116
[B: #12962@249] Can sense kingLoc [55, 28] ? false at distSquared 153
[B: #10672@249] Sensed 1 robots
[B: #10672@249] Found cat at [7, 8]
[B: #10672@249] Attacking cat at [7, 8]
[B: #11337@249] Can sense kingLoc [55, 28] ? false at distSquared 160
[B: #10145@249] Can sense kingLoc [55, 28] ? false at distSquared 137
[B: #12940@249] Can sense kingLoc [55, 28] ? false at distSquared 178
[B: #11096@250] Can sense kingLoc [55, 28] ? false at distSquared 130
[B: #13990@250] Going straight to cheese mine at [37, 33]
[B: #11456@250] Sensed 0 robots
[B: #11061@250] Can sense kingLoc [55, 28] ? false at distSquared 90
[B: #12806@250] GameActionException in RobotPlayer:
[B: #12806@250] battlecode.common.GameActionException: Target location is not on the map
[B: #12806@250] 	at battlecode.world.RobotControllerImpl.assertCanSenseLocation(RobotControllerImpl.java:217)
[B: #12806@250] 	at battlecode.world.RobotControllerImpl.senseMapInfo(RobotControllerImpl.java:646)
[B: #12806@250] 	at teacher08a.CatAttacker.runReportBack(CatAttacker.java:185)
[B: #12806@250] 	at teacher08a.CatAttacker.doAction(CatAttacker.java:37)
[B: #12806@250] 	at teacher08a.RobotPlayer.run(RobotPlayer.java:25)
[B: #12806@250] 	at java.base/jdk.internal.reflect.DirectMethodHandleAccessor.invoke(DirectMethodHandleAccessor.java:103)
[B: #12806@250] 	at java.base/java.lang.reflect.Method.invoke(Method.java:580)
[B: #12806@250] 	at battlecode.instrumenter.SandboxedRobotPlayer.loadAndRunPlayerJava(SandboxedRobotPlayer.java:306)
[B: #12806@250] 	at battlecode.instrumenter.SandboxedRobotPlayer.loadAndRunPlayer(SandboxedRobotPlayer.java:268)
[B: #12806@250] 	at battlecode.instrumenter.SandboxedRobotPlayer.lambda$new$2(SandboxedRobotPlayer.java:202)
[B: #12806@250] 	at java.base/java.lang.Thread.run(Thread.java:1583)
[B: #10072@250] Can sense kingLoc [55, 28] ? false at distSquared 109
[B: #11028@250] GameActionException in RobotPlayer:
[B: #11028@250] battlecode.common.GameActionException: Target location is not on the map
[B: #11028@250] 	at battlecode.world.RobotControllerImpl.assertCanSenseLocation(RobotControllerImpl.java:217)
[B: #11028@250] 	at battlecode.world.RobotControllerImpl.senseMapInfo(RobotControllerImpl.java:646)
[B: #11028@250] 	at teacher08a.CatAttacker.runReportBack(CatAttacker.java:185)
[B: #11028@250] 	at teacher08a.CatAttacker.doAction(CatAttacker.java:37)
[B: #11028@250] 	at teacher08a.RobotPlayer.run(RobotPlayer.java:25)
[B: #11028@250] 	at java.base/jdk.internal.reflect.DirectMethodHandleAccessor.invoke(DirectMethodHandleAccessor.java:103)
[B: #11028@250] 	at java.base/java.lang.reflect.Method.invoke(Method.java:580)
[B: #11028@250] 	at battlecode.instrumenter.SandboxedRobotPlayer.loadAndRunPlayerJava(SandboxedRobotPlayer.java:306)
[B: #11028@250] 	at battlecode.instrumenter.SandboxedRobotPlayer.loadAndRunPlayer(SandboxedRobotPlayer.java:268)
[B: #11028@250] 	at battlecode.instrumenter.SandboxedRobotPlayer.lambda$new$2(SandboxedRobotPlayer.java:202)
[B: #11028@250] 	at java.base/java.lang.Thread.run(Thread.java:1583)
[B: #10105@250] Can sense kingLoc [55, 28] ? false at distSquared 97
[B: #12917@250] Sensed 0 robots
[B: #11406@250] Can sense kingLoc [55, 28] ? false at distSquared 73
[B: #13095@250] Sensed 0 robots
[B: #12999@250] Sensed 0 robots
[B: #11545@250] Sensed 0 robots
[B: #12967@250] Can sense kingLoc [55, 28] ? false at distSquared 116
[B: #12962@250] Can sense kingLoc [55, 28] ? false at distSquared 153
[B: #10672@250] Sensed 1 robots
[B: #10672@250] Found cat at [7, 8]
[B: #10672@250] Attacking cat at [7, 8]
[B: #11337@250] Can sense kingLoc [55, 28] ? false at distSquared 160
[B: #10145@250] Can sense kingLoc [55, 28] ? false at distSquared 137
[B: #12940@250] Can sense kingLoc [55, 28] ? false at distSquared 178
[B: #11096@251] Can sense kingLoc [55, 28] ? false at distSquared 130
[B: #13990@251] Going straight to cheese mine at [37, 33]
[B: #11456@251] Sensed 0 robots
[B: #11061@251] Can sense kingLoc [55, 28] ? false at distSquared 90
[B: #12806@251] GameActionException in RobotPlayer:
[B: #12806@251] battlecode.common.GameActionException: Target location is not on the map
[B: #12806@251] 	at battlecode.world.RobotControllerImpl.assertCanSenseLocation(RobotControllerImpl.java:217)
[B: #12806@251] 	at battlecode.world.RobotControllerImpl.senseMapInfo(RobotControllerImpl.java:646)
[B: #12806@251] 	at teacher08a.CatAttacker.runReportBack(CatAttacker.java:185)
[B: #12806@251] 	at teacher08a.CatAttacker.doAction(CatAttacker.java:37)
[B: #12806@251] 	at teacher08a.RobotPlayer.run(RobotPlayer.java:25)
[B: #12806@251] 	at java.base/jdk.internal.reflect.DirectMethodHandleAccessor.invoke(DirectMethodHandleAccessor.java:103)
[B: #12806@251] 	at java.base/java.lang.reflect.Method.invoke(Method.java:580)
[B: #12806@251] 	at battlecode.instrumenter.SandboxedRobotPlayer.loadAndRunPlayerJava(SandboxedRobotPlayer.java:306)
[B: #12806@251] 	at battlecode.instrumenter.SandboxedRobotPlayer.loadAndRunPlayer(SandboxedRobotPlayer.java:268)
[B: #12806@251] 	at battlecode.instrumenter.SandboxedRobotPlayer.lambda$new$2(SandboxedRobotPlayer.java:202)
[B: #12806@251] 	at java.base/java.lang.Thread.run(Thread.java:1583)
[B: #10072@251] Can sense kingLoc [55, 28] ? false at distSquared 109
[B: #11028@251] GameActionException in RobotPlayer:
[B: #11028@251] battlecode.common.GameActionException: Target location is not on the map
[B: #11028@251] 	at battlecode.world.RobotControllerImpl.assertCanSenseLocation(RobotControllerImpl.java:217)
[B: #11028@251] 	at battlecode.world.RobotControllerImpl.senseMapInfo(RobotControllerImpl.java:646)
[B: #11028@251] 	at teacher08a.CatAttacker.runReportBack(CatAttacker.java:185)
[B: #11028@251] 	at teacher08a.CatAttacker.doAction(CatAttacker.java:37)
[B: #11028@251] 	at teacher08a.RobotPlayer.run(RobotPlayer.java:25)
[B: #11028@251] 	at java.base/jdk.internal.reflect.DirectMethodHandleAccessor.invoke(DirectMethodHandleAccessor.java:103)
[B: #11028@251] 	at java.base/java.lang.reflect.Method.invoke(Method.java:580)
[B: #11028@251] 	at battlecode.instrumenter.SandboxedRobotPlayer.loadAndRunPlayerJava(SandboxedRobotPlayer.java:306)
[B: #11028@251] 	at battlecode.instrumenter.SandboxedRobotPlayer.loadAndRunPlayer(SandboxedRobotPlayer.java:268)
[B: #11028@251] 	at battlecode.instrumenter.SandboxedRobotPlayer.lambda$new$2(SandboxedRobotPlayer.java:202)
[B: #11028@251] 	at java.base/java.lang.Thread.run(Thread.java:1583)
[B: #10105@251] Can sense kingLoc [55, 28] ? false at distSquared 97
[B: #12917@251] Sensed 0 robots
[B: #11406@251] Can sense kingLoc [55, 28] ? false at distSquared 73
[B: #13095@251] Sensed 0 robots
[B: #12999@251] Sensed 0 robots
[B: #11545@251] Sensed 0 robots
[B: #12967@251] Can sense kingLoc [55, 28] ? false at distSquared 116
[B: #12962@251] Can sense kingLoc [55, 28] ? false at distSquared 153
[B: #11337@251] Can sense kingLoc [55, 28] ? false at distSquared 160
[B: #10145@251] Can sense kingLoc [55, 28] ? false at distSquared 137
[B: #12940@251] Can sense kingLoc [55, 28] ? false at distSquared 178
[B: #11096@252] Can sense kingLoc [55, 28] ? false at distSquared 130
[B: #13990@252] Going straight to cheese mine at [37, 33]
[B: #11456@252] Sensed 0 robots
[B: #11061@252] Can sense kingLoc [55, 28] ? false at distSquared 90
[B: #12806@252] GameActionException in RobotPlayer:
[B: #12806@252] battlecode.common.GameActionException: Target location is not on the map
[B: #12806@252] 	at battlecode.world.RobotControllerImpl.assertCanSenseLocation(RobotControllerImpl.java:217)
[B: #12806@252] 	at battlecode.world.RobotControllerImpl.senseMapInfo(RobotControllerImpl.java:646)
[B: #12806@252] 	at teacher08a.CatAttacker.runReportBack(CatAttacker.java:185)
[B: #12806@252] 	at teacher08a.CatAttacker.doAction(CatAttacker.java:37)
[B: #12806@252] 	at teacher08a.RobotPlayer.run(RobotPlayer.java:25)
[B: #12806@252] 	at java.base/jdk.internal.reflect.DirectMethodHandleAccessor.invoke(DirectMethodHandleAccessor.java:103)
[B: #12806@252] 	at java.base/java.lang.reflect.Method.invoke(Method.java:580)
[B: #12806@252] 	at battlecode.instrumenter.SandboxedRobotPlayer.loadAndRunPlayerJava(SandboxedRobotPlayer.java:306)
[B: #12806@252] 	at battlecode.instrumenter.SandboxedRobotPlayer.loadAndRunPlayer(SandboxedRobotPlayer.java:268)
[B: #12806@252] 	at battlecode.instrumenter.SandboxedRobotPlayer.lambda$new$2(SandboxedRobotPlayer.java:202)
[B: #12806@252] 	at java.base/java.lang.Thread.run(Thread.java:1583)
[B: #10072@252] Can sense kingLoc [55, 28] ? false at distSquared 109
[B: #11028@252] GameActionException in RobotPlayer:
[B: #11028@252] battlecode.common.GameActionException: Target location is not on the map
[B: #11028@252] 	at battlecode.world.RobotControllerImpl.assertCanSenseLocation(RobotControllerImpl.java:217)
[B: #11028@252] 	at battlecode.world.RobotControllerImpl.senseMapInfo(RobotControllerImpl.java:646)
[B: #11028@252] 	at teacher08a.CatAttacker.runReportBack(CatAttacker.java:185)
[B: #11028@252] 	at teacher08a.CatAttacker.doAction(CatAttacker.java:37)
[B: #11028@252] 	at teacher08a.RobotPlayer.run(RobotPlayer.java:25)
[B: #11028@252] 	at java.base/jdk.internal.reflect.DirectMethodHandleAccessor.invoke(DirectMethodHandleAccessor.java:103)
[B: #11028@252] 	at java.base/java.lang.reflect.Method.invoke(Method.java:580)
[B: #11028@252] 	at battlecode.instrumenter.SandboxedRobotPlayer.loadAndRunPlayerJava(SandboxedRobotPlayer.java:306)
[B: #11028@252] 	at battlecode.instrumenter.SandboxedRobotPlayer.loadAndRunPlayer(SandboxedRobotPlayer.java:268)
[B: #11028@252] 	at battlecode.instrumenter.SandboxedRobotPlayer.lambda$new$2(SandboxedRobotPlayer.java:202)
[B: #11028@252] 	at java.base/java.lang.Thread.run(Thread.java:1583)
[B: #10105@252] Can sense kingLoc [55, 28] ? false at distSquared 97
[B: #12917@252] Sensed 0 robots
[B: #11406@252] Can sense kingLoc [55, 28] ? false at distSquared 73
[B: #13095@252] Sensed 0 robots
[B: #12999@252] Sensed 0 robots
[B: #11545@252] Sensed 0 robots
[B: #12967@252] Can sense kingLoc [55, 28] ? false at distSquared 116
[B: #12962@252] Can sense kingLoc [55, 28] ? false at distSquared 153
[B: #11337@252] Can sense kingLoc [55, 28] ? false at distSquared 160
[B: #10145@252] Can sense kingLoc [55, 28] ? false at distSquared 137
[B: #12940@252] Can sense kingLoc [55, 28] ? false at distSquared 178
[B: #11096@253] Can sense kingLoc [55, 28] ? false at distSquared 130
[B: #13990@253] Going straight to cheese mine at [37, 33]
[B: #11456@253] Sensed 0 robots
[B: #11061@253] Can sense kingLoc [55, 28] ? false at distSquared 90
[B: #12806@253] GameActionException in RobotPlayer:
[B: #12806@253] battlecode.common.GameActionException: Target location is not on the map
[B: #12806@253] 	at battlecode.world.RobotControllerImpl.assertCanSenseLocation(RobotControllerImpl.java:217)
[B: #12806@253] 	at battlecode.world.RobotControllerImpl.senseMapInfo(RobotControllerImpl.java:646)
[B: #12806@253] 	at teacher08a.CatAttacker.runReportBack(CatAttacker.java:185)
[B: #12806@253] 	at teacher08a.CatAttacker.doAction(CatAttacker.java:37)
[B: #12806@253] 	at teacher08a.RobotPlayer.run(RobotPlayer.java:25)
[B: #12806@253] 	at java.base/jdk.internal.reflect.DirectMethodHandleAccessor.invoke(DirectMethodHandleAccessor.java:103)
[B: #12806@253] 	at java.base/java.lang.reflect.Method.invoke(Method.java:580)
[B: #12806@253] 	at battlecode.instrumenter.SandboxedRobotPlayer.loadAndRunPlayerJava(SandboxedRobotPlayer.java:306)
[B: #12806@253] 	at battlecode.instrumenter.SandboxedRobotPlayer.loadAndRunPlayer(SandboxedRobotPlayer.java:268)
[B: #12806@253] 	at battlecode.instrumenter.SandboxedRobotPlayer.lambda$new$2(SandboxedRobotPlayer.java:202)
[B: #12806@253] 	at java.base/java.lang.Thread.run(Thread.java:1583)
[B: #10072@253] Can sense kingLoc [55, 28] ? false at distSquared 109
[B: #11028@253] GameActionException in RobotPlayer:
[B: #11028@253] battlecode.common.GameActionException: Target location is not on the map
[B: #11028@253] 	at battlecode.world.RobotControllerImpl.assertCanSenseLocation(RobotControllerImpl.java:217)
[B: #11028@253] 	at battlecode.world.RobotControllerImpl.senseMapInfo(RobotControllerImpl.java:646)
[B: #11028@253] 	at teacher08a.CatAttacker.runReportBack(CatAttacker.java:185)
[B: #11028@253] 	at teacher08a.CatAttacker.doAction(CatAttacker.java:37)
[B: #11028@253] 	at teacher08a.RobotPlayer.run(RobotPlayer.java:25)
[B: #11028@253] 	at java.base/jdk.internal.reflect.DirectMethodHandleAccessor.invoke(DirectMethodHandleAccessor.java:103)
[B: #11028@253] 	at java.base/java.lang.reflect.Method.invoke(Method.java:580)
[B: #11028@253] 	at battlecode.instrumenter.SandboxedRobotPlayer.loadAndRunPlayerJava(SandboxedRobotPlayer.java:306)
[B: #11028@253] 	at battlecode.instrumenter.SandboxedRobotPlayer.loadAndRunPlayer(SandboxedRobotPlayer.java:268)
[B: #11028@253] 	at battlecode.instrumenter.SandboxedRobotPlayer.lambda$new$2(SandboxedRobotPlayer.java:202)
[B: #11028@253] 	at java.base/java.lang.Thread.run(Thread.java:1583)
[B: #10105@253] Can sense kingLoc [55, 28] ? false at distSquared 97
[B: #12917@253] Sensed 0 robots
[B: #11406@253] Can sense kingLoc [55, 28] ? false at distSquared 73
[B: #13095@253] Sensed 0 robots
[B: #12999@253] Sensed 0 robots
[B: #11545@253] Sensed 0 robots
[B: #12967@253] Can sense kingLoc [55, 28] ? false at distSquared 116
[B: #12962@253] Can sense kingLoc [55, 28] ? false at distSquared 153
[B: #11337@253] Can sense kingLoc [55, 28] ? false at distSquared 160
[B: #10145@253] Can sense kingLoc [55, 28] ? false at distSquared 137
[B: #12940@253] Can sense kingLoc [55, 28] ? false at distSquared 178
[B: #11096@254] Can sense kingLoc [55, 28] ? false at distSquared 130
[B: #13990@254] Going straight to cheese mine at [37, 33]
[B: #11456@254] Sensed 0 robots
[B: #11061@254] Can sense kingLoc [55, 28] ? false at distSquared 90
[B: #12806@254] GameActionException in RobotPlayer:
[B: #12806@254] battlecode.common.GameActionException: Target location is not on the map
[B: #12806@254] 	at battlecode.world.RobotControllerImpl.assertCanSenseLocation(RobotControllerImpl.java:217)
[B: #12806@254] 	at battlecode.world.RobotControllerImpl.senseMapInfo(RobotControllerImpl.java:646)
[B: #12806@254] 	at teacher08a.CatAttacker.runReportBack(CatAttacker.java:185)
[B: #12806@254] 	at teacher08a.CatAttacker.doAction(CatAttacker.java:37)
[B: #12806@254] 	at teacher08a.RobotPlayer.run(RobotPlayer.java:25)
[B: #12806@254] 	at java.base/jdk.internal.reflect.DirectMethodHandleAccessor.invoke(DirectMethodHandleAccessor.java:103)
[B: #12806@254] 	at java.base/java.lang.reflect.Method.invoke(Method.java:580)
[B: #12806@254] 	at battlecode.instrumenter.SandboxedRobotPlayer.loadAndRunPlayerJava(SandboxedRobotPlayer.java:306)
[B: #12806@254] 	at battlecode.instrumenter.SandboxedRobotPlayer.loadAndRunPlayer(SandboxedRobotPlayer.java:268)
[B: #12806@254] 	at battlecode.instrumenter.SandboxedRobotPlayer.lambda$new$2(SandboxedRobotPlayer.java:202)
[B: #12806@254] 	at java.base/java.lang.Thread.run(Thread.java:1583)
[B: #10072@254] Can sense kingLoc [55, 28] ? false at distSquared 109
[B: #11028@254] GameActionException in RobotPlayer:
[B: #11028@254] battlecode.common.GameActionException: Target location is not on the map
[B: #11028@254] 	at battlecode.world.RobotControllerImpl.assertCanSenseLocation(RobotControllerImpl.java:217)
[B: #11028@254] 	at battlecode.world.RobotControllerImpl.senseMapInfo(RobotControllerImpl.java:646)
[B: #11028@254] 	at teacher08a.CatAttacker.runReportBack(CatAttacker.java:185)
[B: #11028@254] 	at teacher08a.CatAttacker.doAction(CatAttacker.java:37)
[B: #11028@254] 	at teacher08a.RobotPlayer.run(RobotPlayer.java:25)
[B: #11028@254] 	at java.base/jdk.internal.reflect.DirectMethodHandleAccessor.invoke(DirectMethodHandleAccessor.java:103)
[B: #11028@254] 	at java.base/java.lang.reflect.Method.invoke(Method.java:580)
[B: #11028@254] 	at battlecode.instrumenter.SandboxedRobotPlayer.loadAndRunPlayerJava(SandboxedRobotPlayer.java:306)
[B: #11028@254] 	at battlecode.instrumenter.SandboxedRobotPlayer.loadAndRunPlayer(SandboxedRobotPlayer.java:268)
[B: #11028@254] 	at battlecode.instrumenter.SandboxedRobotPlayer.lambda$new$2(SandboxedRobotPlayer.java:202)
[B: #11028@254] 	at java.base/java.lang.Thread.run(Thread.java:1583)
[B: #10105@254] Can sense kingLoc [55, 28] ? false at distSquared 97
[B: #12917@254] Sensed 0 robots
[B: #11406@254] Can sense kingLoc [55, 28] ? false at distSquared 73
[B: #13095@254] Sensed 0 robots
[B: #12999@254] Sensed 0 robots
[B: #11545@254] Sensed 0 robots
[B: #12967@254] Can sense kingLoc [55, 28] ? false at distSquared 116
[B: #12962@254] Can sense kingLoc [55, 28] ? false at distSquared 153
[B: #11337@254] Can sense kingLoc [55, 28] ? false at distSquared 160
[B: #10145@254] Can sense kingLoc [55, 28] ? false at distSquared 137
[B: #12940@254] Can sense kingLoc [55, 28] ? false at distSquared 178
[B: #11096@255] Can sense kingLoc [55, 28] ? false at distSquared 130
[B: #13990@255] Going straight to cheese mine at [37, 33]
[B: #11456@255] Sensed 0 robots
[B: #11061@255] Can sense kingLoc [55, 28] ? false at distSquared 90
[B: #12806@255] GameActionException in RobotPlayer:
[B: #12806@255] battlecode.common.GameActionException: Target location is not on the map
[B: #12806@255] 	at battlecode.world.RobotControllerImpl.assertCanSenseLocation(RobotControllerImpl.java:217)
[B: #12806@255] 	at battlecode.world.RobotControllerImpl.senseMapInfo(RobotControllerImpl.java:646)
[B: #12806@255] 	at teacher08a.CatAttacker.runReportBack(CatAttacker.java:185)
[B: #12806@255] 	at teacher08a.CatAttacker.doAction(CatAttacker.java:37)
[B: #12806@255] 	at teacher08a.RobotPlayer.run(RobotPlayer.java:25)
[B: #12806@255] 	at java.base/jdk.internal.reflect.DirectMethodHandleAccessor.invoke(DirectMethodHandleAccessor.java:103)
[B: #12806@255] 	at java.base/java.lang.reflect.Method.invoke(Method.java:580)
[B: #12806@255] 	at battlecode.instrumenter.SandboxedRobotPlayer.loadAndRunPlayerJava(SandboxedRobotPlayer.java:306)
[B: #12806@255] 	at battlecode.instrumenter.SandboxedRobotPlayer.loadAndRunPlayer(SandboxedRobotPlayer.java:268)
[B: #12806@255] 	at battlecode.instrumenter.SandboxedRobotPlayer.lambda$new$2(SandboxedRobotPlayer.java:202)
[B: #12806@255] 	at java.base/java.lang.Thread.run(Thread.java:1583)
[B: #10072@255] Can sense kingLoc [55, 28] ? false at distSquared 109
[B: #11028@255] GameActionException in RobotPlayer:
[B: #11028@255] battlecode.common.GameActionException: Target location is not on the map
[B: #11028@255] 	at battlecode.world.RobotControllerImpl.assertCanSenseLocation(RobotControllerImpl.java:217)
[B: #11028@255] 	at battlecode.world.RobotControllerImpl.senseMapInfo(RobotControllerImpl.java:646)
[B: #11028@255] 	at teacher08a.CatAttacker.runReportBack(CatAttacker.java:185)
[B: #11028@255] 	at teacher08a.CatAttacker.doAction(CatAttacker.java:37)
[B: #11028@255] 	at teacher08a.RobotPlayer.run(RobotPlayer.java:25)
[B: #11028@255] 	at java.base/jdk.internal.reflect.DirectMethodHandleAccessor.invoke(DirectMethodHandleAccessor.java:103)
[B: #11028@255] 	at java.base/java.lang.reflect.Method.invoke(Method.java:580)
[B: #11028@255] 	at battlecode.instrumenter.SandboxedRobotPlayer.loadAndRunPlayerJava(SandboxedRobotPlayer.java:306)
[B: #11028@255] 	at battlecode.instrumenter.SandboxedRobotPlayer.loadAndRunPlayer(SandboxedRobotPlayer.java:268)
[B: #11028@255] 	at battlecode.instrumenter.SandboxedRobotPlayer.lambda$new$2(SandboxedRobotPlayer.java:202)
[B: #11028@255] 	at java.base/java.lang.Thread.run(Thread.java:1583)
[B: #10105@255] Can sense kingLoc [55, 28] ? false at distSquared 97
[B: #12917@255] Sensed 1 robots
[B: #12917@255] Received 0 messages
[B: #11406@255] Can sense kingLoc [55, 28] ? false at distSquared 73
[B: #13095@255] Sensed 1 robots
[B: #13095@255] Received 0 messages
[B: #12999@255] Sensed 0 robots
[B: #11545@255] Sensed 0 robots
[B: #12967@255] Can sense kingLoc [55, 28] ? false at distSquared 116
[B: #12962@255] Can sense kingLoc [55, 28] ? false at distSquared 153
[B: #11337@255] Can sense kingLoc [55, 28] ? false at distSquared 160
[B: #10145@255] Can sense kingLoc [55, 28] ? false at distSquared 137
[B: #12940@255] Can sense kingLoc [55, 28] ? false at distSquared 178
[B: #11096@256] Can sense kingLoc [55, 28] ? false at distSquared 130
[B: #13990@256] Going straight to cheese mine at [37, 33]
[B: #11456@256] Sensed 1 robots
[B: #11456@256] Received 0 messages
[B: #11061@256] Can sense kingLoc [55, 28] ? false at distSquared 90
[B: #12806@256] GameActionException in RobotPlayer:
[B: #12806@256] battlecode.common.GameActionException: Target location is not on the map
[B: #12806@256] 	at battlecode.world.RobotControllerImpl.assertCanSenseLocation(RobotControllerImpl.java:217)
[B: #12806@256] 	at battlecode.world.RobotControllerImpl.senseMapInfo(RobotControllerImpl.java:646)
[B: #12806@256] 	at teacher08a.CatAttacker.runReportBack(CatAttacker.java:185)
[B: #12806@256] 	at teacher08a.CatAttacker.doAction(CatAttacker.java:37)
[B: #12806@256] 	at teacher08a.RobotPlayer.run(RobotPlayer.java:25)
[B: #12806@256] 	at java.base/jdk.internal.reflect.DirectMethodHandleAccessor.invoke(DirectMethodHandleAccessor.java:103)
[B: #12806@256] 	at java.base/java.lang.reflect.Method.invoke(Method.java:580)
[B: #12806@256] 	at battlecode.instrumenter.SandboxedRobotPlayer.loadAndRunPlayerJava(SandboxedRobotPlayer.java:306)
[B: #12806@256] 	at battlecode.instrumenter.SandboxedRobotPlayer.loadAndRunPlayer(SandboxedRobotPlayer.java:268)
[B: #12806@256] 	at battlecode.instrumenter.SandboxedRobotPlayer.lambda$new$2(SandboxedRobotPlayer.java:202)
[B: #12806@256] 	at java.base/java.lang.Thread.run(Thread.java:1583)
[B: #10072@256] Can sense kingLoc [55, 28] ? false at distSquared 109
[B: #11028@256] GameActionException in RobotPlayer:
[B: #11028@256] battlecode.common.GameActionException: Target location is not on the map
[B: #11028@256] 	at battlecode.world.RobotControllerImpl.assertCanSenseLocation(RobotControllerImpl.java:217)
[B: #11028@256] 	at battlecode.world.RobotControllerImpl.senseMapInfo(RobotControllerImpl.java:646)
[B: #11028@256] 	at teacher08a.CatAttacker.runReportBack(CatAttacker.java:185)
[B: #11028@256] 	at teacher08a.CatAttacker.doAction(CatAttacker.java:37)
[B: #11028@256] 	at teacher08a.RobotPlayer.run(RobotPlayer.java:25)
[B: #11028@256] 	at java.base/jdk.internal.reflect.DirectMethodHandleAccessor.invoke(DirectMethodHandleAccessor.java:103)
[B: #11028@256] 	at java.base/java.lang.reflect.Method.invoke(Method.java:580)
[B: #11028@256] 	at battlecode.instrumenter.SandboxedRobotPlayer.loadAndRunPlayerJava(SandboxedRobotPlayer.java:306)
[B: #11028@256] 	at battlecode.instrumenter.SandboxedRobotPlayer.loadAndRunPlayer(SandboxedRobotPlayer.java:268)
[B: #11028@256] 	at battlecode.instrumenter.SandboxedRobotPlayer.lambda$new$2(SandboxedRobotPlayer.java:202)
[B: #11028@256] 	at java.base/java.lang.Thread.run(Thread.java:1583)
[B: #10105@256] Can sense kingLoc [55, 28] ? false at distSquared 97
[B: #12917@256] Sensed 1 robots
[B: #12917@256] Received 0 messages
[B: #11406@256] Can sense kingLoc [55, 28] ? false at distSquared 73
[B: #13095@256] Sensed 1 robots
[B: #13095@256] Received 0 messages
[B: #12999@256] Sensed 0 robots
[B: #11545@256] Sensed 0 robots
[B: #12967@256] Can sense kingLoc [55, 28] ? false at distSquared 116
[B: #12962@256] Can sense kingLoc [55, 28] ? false at distSquared 153
[B: #11337@256] Can sense kingLoc [55, 28] ? false at distSquared 160
[B: #10145@256] Can sense kingLoc [55, 28] ? false at distSquared 137
[B: #12940@256] Can sense kingLoc [55, 28] ? false at distSquared 178
[B: #11096@257] Can sense kingLoc [55, 28] ? false at distSquared 130
[B: #13990@257] Going straight to cheese mine at [37, 33]
[B: #11456@257] Sensed 1 robots
[B: #11456@257] Received 0 messages
[B: #11061@257] Can sense kingLoc [55, 28] ? false at distSquared 90
[B: #12806@257] GameActionException in RobotPlayer:
[B: #12806@257] battlecode.common.GameActionException: Target location is not on the map
[B: #12806@257] 	at battlecode.world.RobotControllerImpl.assertCanSenseLocation(RobotControllerImpl.java:217)
[B: #12806@257] 	at battlecode.world.RobotControllerImpl.senseMapInfo(RobotControllerImpl.java:646)
[B: #12806@257] 	at teacher08a.CatAttacker.runReportBack(CatAttacker.java:185)
[B: #12806@257] 	at teacher08a.CatAttacker.doAction(CatAttacker.java:37)
[B: #12806@257] 	at teacher08a.RobotPlayer.run(RobotPlayer.java:25)
[B: #12806@257] 	at java.base/jdk.internal.reflect.DirectMethodHandleAccessor.invoke(DirectMethodHandleAccessor.java:103)
[B: #12806@257] 	at java.base/java.lang.reflect.Method.invoke(Method.java:580)
[B: #12806@257] 	at battlecode.instrumenter.SandboxedRobotPlayer.loadAndRunPlayerJava(SandboxedRobotPlayer.java:306)
[B: #12806@257] 	at battlecode.instrumenter.SandboxedRobotPlayer.loadAndRunPlayer(SandboxedRobotPlayer.java:268)
[B: #12806@257] 	at battlecode.instrumenter.SandboxedRobotPlayer.lambda$new$2(SandboxedRobotPlayer.java:202)
[B: #12806@257] 	at java.base/java.lang.Thread.run(Thread.java:1583)
[B: #10072@257] Can sense kingLoc [55, 28] ? false at distSquared 109
[B: #11028@257] GameActionException in RobotPlayer:
[B: #11028@257] battlecode.common.GameActionException: Target location is not on the map
[B: #11028@257] 	at battlecode.world.RobotControllerImpl.assertCanSenseLocation(RobotControllerImpl.java:217)
[B: #11028@257] 	at battlecode.world.RobotControllerImpl.senseMapInfo(RobotControllerImpl.java:646)
[B: #11028@257] 	at teacher08a.CatAttacker.runReportBack(CatAttacker.java:185)
[B: #11028@257] 	at teacher08a.CatAttacker.doAction(CatAttacker.java:37)
[B: #11028@257] 	at teacher08a.RobotPlayer.run(RobotPlayer.java:25)
[B: #11028@257] 	at java.base/jdk.internal.reflect.DirectMethodHandleAccessor.invoke(DirectMethodHandleAccessor.java:103)
[B: #11028@257] 	at java.base/java.lang.reflect.Method.invoke(Method.java:580)
[B: #11028@257] 	at battlecode.instrumenter.SandboxedRobotPlayer.loadAndRunPlayerJava(SandboxedRobotPlayer.java:306)
[B: #11028@257] 	at battlecode.instrumenter.SandboxedRobotPlayer.loadAndRunPlayer(SandboxedRobotPlayer.java:268)
[B: #11028@257] 	at battlecode.instrumenter.SandboxedRobotPlayer.lambda$new$2(SandboxedRobotPlayer.java:202)
[B: #11028@257] 	at java.base/java.lang.Thread.run(Thread.java:1583)
[B: #10105@257] Can sense kingLoc [55, 28] ? false at distSquared 97
[B: #12917@257] Sensed 0 robots
[B: #11406@257] Can sense kingLoc [55, 28] ? false at distSquared 73
[B: #13095@257] Sensed 0 robots
[B: #12999@257] Sensed 0 robots
[B: #11545@257] Sensed 0 robots
[B: #12967@257] Can sense kingLoc [55, 28] ? false at distSquared 116
[B: #12962@257] Can sense kingLoc [55, 28] ? false at distSquared 153
[B: #11337@257] Can sense kingLoc [55, 28] ? false at distSquared 160
[B: #10145@257] Can sense kingLoc [55, 28] ? false at distSquared 137
[B: #12940@257] Can sense kingLoc [55, 28] ? false at distSquared 178
[B: #11096@258] Can sense kingLoc [55, 28] ? false at distSquared 130
[B: #13990@258] Going straight to cheese mine at [37, 33]
[B: #11456@258] Sensed 0 robots
[B: #11061@258] Can sense kingLoc [55, 28] ? false at distSquared 90
[B: #12806@258] GameActionException in RobotPlayer:
[B: #12806@258] battlecode.common.GameActionException: Target location is not on the map
[B: #12806@258] 	at battlecode.world.RobotControllerImpl.assertCanSenseLocation(RobotControllerImpl.java:217)
[B: #12806@258] 	at battlecode.world.RobotControllerImpl.senseMapInfo(RobotControllerImpl.java:646)
[B: #12806@258] 	at teacher08a.CatAttacker.runReportBack(CatAttacker.java:185)
[B: #12806@258] 	at teacher08a.CatAttacker.doAction(CatAttacker.java:37)
[B: #12806@258] 	at teacher08a.RobotPlayer.run(RobotPlayer.java:25)
[B: #12806@258] 	at java.base/jdk.internal.reflect.DirectMethodHandleAccessor.invoke(DirectMethodHandleAccessor.java:103)
[B: #12806@258] 	at java.base/java.lang.reflect.Method.invoke(Method.java:580)
[B: #12806@258] 	at battlecode.instrumenter.SandboxedRobotPlayer.loadAndRunPlayerJava(SandboxedRobotPlayer.java:306)
[B: #12806@258] 	at battlecode.instrumenter.SandboxedRobotPlayer.loadAndRunPlayer(SandboxedRobotPlayer.java:268)
[B: #12806@258] 	at battlecode.instrumenter.SandboxedRobotPlayer.lambda$new$2(SandboxedRobotPlayer.java:202)
[B: #12806@258] 	at java.base/java.lang.Thread.run(Thread.java:1583)
[B: #10072@258] Can sense kingLoc [55, 28] ? false at distSquared 109
[B: #11028@258] GameActionException in RobotPlayer:
[B: #11028@258] battlecode.common.GameActionException: Target location is not on the map
[B: #11028@258] 	at battlecode.world.RobotControllerImpl.assertCanSenseLocation(RobotControllerImpl.java:217)
[B: #11028@258] 	at battlecode.world.RobotControllerImpl.senseMapInfo(RobotControllerImpl.java:646)
[B: #11028@258] 	at teacher08a.CatAttacker.runReportBack(CatAttacker.java:185)
[B: #11028@258] 	at teacher08a.CatAttacker.doAction(CatAttacker.java:37)
[B: #11028@258] 	at teacher08a.RobotPlayer.run(RobotPlayer.java:25)
[B: #11028@258] 	at java.base/jdk.internal.reflect.DirectMethodHandleAccessor.invoke(DirectMethodHandleAccessor.java:103)
[B: #11028@258] 	at java.base/java.lang.reflect.Method.invoke(Method.java:580)
[B: #11028@258] 	at battlecode.instrumenter.SandboxedRobotPlayer.loadAndRunPlayerJava(SandboxedRobotPlayer.java:306)
[B: #11028@258] 	at battlecode.instrumenter.SandboxedRobotPlayer.loadAndRunPlayer(SandboxedRobotPlayer.java:268)
[B: #11028@258] 	at battlecode.instrumenter.SandboxedRobotPlayer.lambda$new$2(SandboxedRobotPlayer.java:202)
[B: #11028@258] 	at java.base/java.lang.Thread.run(Thread.java:1583)
[B: #10105@258] Can sense kingLoc [55, 28] ? false at distSquared 97
[B: #12917@258] Sensed 0 robots
[B: #11406@258] Can sense kingLoc [55, 28] ? false at distSquared 73
[B: #13095@258] Sensed 0 robots
[B: #12999@258] Sensed 0 robots
[B: #11545@258] Sensed 0 robots
[B: #12967@258] Can sense kingLoc [55, 28] ? false at distSquared 116
[B: #12962@258] Can sense kingLoc [55, 28] ? false at distSquared 153
[B: #11337@258] Can sense kingLoc [55, 28] ? false at distSquared 160
[B: #10145@258] Can sense kingLoc [55, 28] ? false at distSquared 137
[B: #12940@258] Can sense kingLoc [55, 28] ? false at distSquared 178
[B: #11096@259] Can sense kingLoc [55, 28] ? false at distSquared 130
[B: #13990@259] Going straight to cheese mine at [37, 33]
[B: #11456@259] Sensed 0 robots
[B: #11061@259] Can sense kingLoc [55, 28] ? false at distSquared 90
[B: #12806@259] GameActionException in RobotPlayer:
[B: #12806@259] battlecode.common.GameActionException: Target location is not on the map
[B: #12806@259] 	at battlecode.world.RobotControllerImpl.assertCanSenseLocation(RobotControllerImpl.java:217)
[B: #12806@259] 	at battlecode.world.RobotControllerImpl.senseMapInfo(RobotControllerImpl.java:646)
[B: #12806@259] 	at teacher08a.CatAttacker.runReportBack(CatAttacker.java:185)
[B: #12806@259] 	at teacher08a.CatAttacker.doAction(CatAttacker.java:37)
[B: #12806@259] 	at teacher08a.RobotPlayer.run(RobotPlayer.java:25)
[B: #12806@259] 	at java.base/jdk.internal.reflect.DirectMethodHandleAccessor.invoke(DirectMethodHandleAccessor.java:103)
[B: #12806@259] 	at java.base/java.lang.reflect.Method.invoke(Method.java:580)
[B: #12806@259] 	at battlecode.instrumenter.SandboxedRobotPlayer.loadAndRunPlayerJava(SandboxedRobotPlayer.java:306)
[B: #12806@259] 	at battlecode.instrumenter.SandboxedRobotPlayer.loadAndRunPlayer(SandboxedRobotPlayer.java:268)
[B: #12806@259] 	at battlecode.instrumenter.SandboxedRobotPlayer.lambda$new$2(SandboxedRobotPlayer.java:202)
[B: #12806@259] 	at java.base/java.lang.Thread.run(Thread.java:1583)
[B: #10072@259] Can sense kingLoc [55, 28] ? false at distSquared 109
[B: #11028@259] GameActionException in RobotPlayer:
[B: #11028@259] battlecode.common.GameActionException: Target location is not on the map
[B: #11028@259] 	at battlecode.world.RobotControllerImpl.assertCanSenseLocation(RobotControllerImpl.java:217)
[B: #11028@259] 	at battlecode.world.RobotControllerImpl.senseMapInfo(RobotControllerImpl.java:646)
[B: #11028@259] 	at teacher08a.CatAttacker.runReportBack(CatAttacker.java:185)
[B: #11028@259] 	at teacher08a.CatAttacker.doAction(CatAttacker.java:37)
[B: #11028@259] 	at teacher08a.RobotPlayer.run(RobotPlayer.java:25)
[B: #11028@259] 	at java.base/jdk.internal.reflect.DirectMethodHandleAccessor.invoke(DirectMethodHandleAccessor.java:103)
[B: #11028@259] 	at java.base/java.lang.reflect.Method.invoke(Method.java:580)
[B: #11028@259] 	at battlecode.instrumenter.SandboxedRobotPlayer.loadAndRunPlayerJava(SandboxedRobotPlayer.java:306)
[B: #11028@259] 	at battlecode.instrumenter.SandboxedRobotPlayer.loadAndRunPlayer(SandboxedRobotPlayer.java:268)
[B: #11028@259] 	at battlecode.instrumenter.SandboxedRobotPlayer.lambda$new$2(SandboxedRobotPlayer.java:202)
[B: #11028@259] 	at java.base/java.lang.Thread.run(Thread.java:1583)
[B: #10105@259] Can sense kingLoc [55, 28] ? false at distSquared 97
[B: #12917@259] Sensed 0 robots
[B: #11406@259] Can sense kingLoc [55, 28] ? false at distSquared 73
[B: #13095@259] Sensed 0 robots
[B: #12999@259] Sensed 0 robots
[B: #11545@259] Sensed 0 robots
[B: #12967@259] Can sense kingLoc [55, 28] ? false at distSquared 116
[B: #12962@259] Can sense kingLoc [55, 28] ? false at distSquared 153
[B: #11337@259] Can sense kingLoc [55, 28] ? false at distSquared 160
[B: #10145@259] Can sense kingLoc [55, 28] ? false at distSquared 137
[B: #12940@259] Can sense kingLoc [55, 28] ? false at distSquared 178
[B: #11096@260] Can sense kingLoc [55, 28] ? false at distSquared 130
[B: #13990@260] Going straight to cheese mine at [37, 33]
[B: #11456@260] Sensed 0 robots
[B: #11061@260] Can sense kingLoc [55, 28] ? false at distSquared 90
[B: #12806@260] GameActionException in RobotPlayer:
[B: #12806@260] battlecode.common.GameActionException: Target location is not on the map
[B: #12806@260] 	at battlecode.world.RobotControllerImpl.assertCanSenseLocation(RobotControllerImpl.java:217)
[B: #12806@260] 	at battlecode.world.RobotControllerImpl.senseMapInfo(RobotControllerImpl.java:646)
[B: #12806@260] 	at teacher08a.CatAttacker.runReportBack(CatAttacker.java:185)
[B: #12806@260] 	at teacher08a.CatAttacker.doAction(CatAttacker.java:37)
[B: #12806@260] 	at teacher08a.RobotPlayer.run(RobotPlayer.java:25)
[B: #12806@260] 	at java.base/jdk.internal.reflect.DirectMethodHandleAccessor.invoke(DirectMethodHandleAccessor.java:103)
[B: #12806@260] 	at java.base/java.lang.reflect.Method.invoke(Method.java:580)
[B: #12806@260] 	at battlecode.instrumenter.SandboxedRobotPlayer.loadAndRunPlayerJava(SandboxedRobotPlayer.java:306)
[B: #12806@260] 	at battlecode.instrumenter.SandboxedRobotPlayer.loadAndRunPlayer(SandboxedRobotPlayer.java:268)
[B: #12806@260] 	at battlecode.instrumenter.SandboxedRobotPlayer.lambda$new$2(SandboxedRobotPlayer.java:202)
[B: #12806@260] 	at java.base/java.lang.Thread.run(Thread.java:1583)
[B: #10072@260] Can sense kingLoc [55, 28] ? false at distSquared 109
[B: #11028@260] GameActionException in RobotPlayer:
[B: #11028@260] battlecode.common.GameActionException: Target location is not on the map
[B: #11028@260] 	at battlecode.world.RobotControllerImpl.assertCanSenseLocation(RobotControllerImpl.java:217)
[B: #11028@260] 	at battlecode.world.RobotControllerImpl.senseMapInfo(RobotControllerImpl.java:646)
[B: #11028@260] 	at teacher08a.CatAttacker.runReportBack(CatAttacker.java:185)
[B: #11028@260] 	at teacher08a.CatAttacker.doAction(CatAttacker.java:37)
[B: #11028@260] 	at teacher08a.RobotPlayer.run(RobotPlayer.java:25)
[B: #11028@260] 	at java.base/jdk.internal.reflect.DirectMethodHandleAccessor.invoke(DirectMethodHandleAccessor.java:103)
[B: #11028@260] 	at java.base/java.lang.reflect.Method.invoke(Method.java:580)
[B: #11028@260] 	at battlecode.instrumenter.SandboxedRobotPlayer.loadAndRunPlayerJava(SandboxedRobotPlayer.java:306)
[B: #11028@260] 	at battlecode.instrumenter.SandboxedRobotPlayer.loadAndRunPlayer(SandboxedRobotPlayer.java:268)
[B: #11028@260] 	at battlecode.instrumenter.SandboxedRobotPlayer.lambda$new$2(SandboxedRobotPlayer.java:202)
[B: #11028@260] 	at java.base/java.lang.Thread.run(Thread.java:1583)
[B: #10105@260] Can sense kingLoc [55, 28] ? false at distSquared 97
[B: #12917@260] Sensed 0 robots
[B: #11406@260] Can sense kingLoc [55, 28] ? false at distSquared 73
[B: #13095@260] Sensed 0 robots
[B: #12999@260] Sensed 0 robots
[B: #11545@260] Sensed 0 robots
[B: #12967@260] Can sense kingLoc [55, 28] ? false at distSquared 116
[B: #12962@260] Can sense kingLoc [55, 28] ? false at distSquared 153
[B: #11337@260] Can sense kingLoc [55, 28] ? false at distSquared 160
[B: #10145@260] Can sense kingLoc [55, 28] ? false at distSquared 137
[B: #12940@260] Can sense kingLoc [55, 28] ? false at distSquared 178
[B: #11096@261] Can sense kingLoc [55, 28] ? false at distSquared 130
[B: #13990@261] Going straight to cheese mine at [37, 33]
[B: #11456@261] Sensed 0 robots
[B: #11061@261] Can sense kingLoc [55, 28] ? false at distSquared 90
[B: #12806@261] GameActionException in RobotPlayer:
[B: #12806@261] battlecode.common.GameActionException: Target location is not on the map
[B: #12806@261] 	at battlecode.world.RobotControllerImpl.assertCanSenseLocation(RobotControllerImpl.java:217)
[B: #12806@261] 	at battlecode.world.RobotControllerImpl.senseMapInfo(RobotControllerImpl.java:646)
[B: #12806@261] 	at teacher08a.CatAttacker.runReportBack(CatAttacker.java:185)
[B: #12806@261] 	at teacher08a.CatAttacker.doAction(CatAttacker.java:37)
[B: #12806@261] 	at teacher08a.RobotPlayer.run(RobotPlayer.java:25)
[B: #12806@261] 	at java.base/jdk.internal.reflect.DirectMethodHandleAccessor.invoke(DirectMethodHandleAccessor.java:103)
[B: #12806@261] 	at java.base/java.lang.reflect.Method.invoke(Method.java:580)
[B: #12806@261] 	at battlecode.instrumenter.SandboxedRobotPlayer.loadAndRunPlayerJava(SandboxedRobotPlayer.java:306)
[B: #12806@261] 	at battlecode.instrumenter.SandboxedRobotPlayer.loadAndRunPlayer(SandboxedRobotPlayer.java:268)
[B: #12806@261] 	at battlecode.instrumenter.SandboxedRobotPlayer.lambda$new$2(SandboxedRobotPlayer.java:202)
[B: #12806@261] 	at java.base/java.lang.Thread.run(Thread.java:1583)
[B: #10072@261] Can sense kingLoc [55, 28] ? false at distSquared 109
[B: #11028@261] GameActionException in RobotPlayer:
[B: #11028@261] battlecode.common.GameActionException: Target location is not on the map
[B: #11028@261] 	at battlecode.world.RobotControllerImpl.assertCanSenseLocation(RobotControllerImpl.java:217)
[B: #11028@261] 	at battlecode.world.RobotControllerImpl.senseMapInfo(RobotControllerImpl.java:646)
[B: #11028@261] 	at teacher08a.CatAttacker.runReportBack(CatAttacker.java:185)
[B: #11028@261] 	at teacher08a.CatAttacker.doAction(CatAttacker.java:37)
[B: #11028@261] 	at teacher08a.RobotPlayer.run(RobotPlayer.java:25)
[B: #11028@261] 	at java.base/jdk.internal.reflect.DirectMethodHandleAccessor.invoke(DirectMethodHandleAccessor.java:103)
[B: #11028@261] 	at java.base/java.lang.reflect.Method.invoke(Method.java:580)
[B: #11028@261] 	at battlecode.instrumenter.SandboxedRobotPlayer.loadAndRunPlayerJava(SandboxedRobotPlayer.java:306)
[B: #11028@261] 	at battlecode.instrumenter.SandboxedRobotPlayer.loadAndRunPlayer(SandboxedRobotPlayer.java:268)
[B: #11028@261] 	at battlecode.instrumenter.SandboxedRobotPlayer.lambda$new$2(SandboxedRobotPlayer.java:202)
[B: #11028@261] 	at java.base/java.lang.Thread.run(Thread.java:1583)
[B: #10105@261] Can sense kingLoc [55, 28] ? false at distSquared 97
[B: #12917@261] Sensed 0 robots
[B: #11406@261] Can sense kingLoc [55, 28] ? false at distSquared 73
[B: #13095@261] Sensed 0 robots
[B: #12999@261] Sensed 0 robots
[B: #11545@261] Sensed 0 robots
[B: #12967@261] Can sense kingLoc [55, 28] ? false at distSquared 116
[B: #12962@261] Can sense kingLoc [55, 28] ? false at distSquared 153
[B: #11337@261] Can sense kingLoc [55, 28] ? false at distSquared 160
[B: #10145@261] Can sense kingLoc [55, 28] ? false at distSquared 137
[B: #12940@261] Can sense kingLoc [55, 28] ? false at distSquared 178
[B: #11096@262] Can sense kingLoc [55, 28] ? false at distSquared 130
[B: #13990@262] Going straight to cheese mine at [37, 33]
[B: #11456@262] Sensed 1 robots
[B: #11456@262] Received 0 messages
[B: #11061@262] Can sense kingLoc [55, 28] ? false at distSquared 90
[B: #12806@262] GameActionException in RobotPlayer:
[B: #12806@262] battlecode.common.GameActionException: Target location is not on the map
[B: #12806@262] 	at battlecode.world.RobotControllerImpl.assertCanSenseLocation(RobotControllerImpl.java:217)
[B: #12806@262] 	at battlecode.world.RobotControllerImpl.senseMapInfo(RobotControllerImpl.java:646)
[B: #12806@262] 	at teacher08a.CatAttacker.runReportBack(CatAttacker.java:185)
[B: #12806@262] 	at teacher08a.CatAttacker.doAction(CatAttacker.java:37)
[B: #12806@262] 	at teacher08a.RobotPlayer.run(RobotPlayer.java:25)
[B: #12806@262] 	at java.base/jdk.internal.reflect.DirectMethodHandleAccessor.invoke(DirectMethodHandleAccessor.java:103)
[B: #12806@262] 	at java.base/java.lang.reflect.Method.invoke(Method.java:580)
[B: #12806@262] 	at battlecode.instrumenter.SandboxedRobotPlayer.loadAndRunPlayerJava(SandboxedRobotPlayer.java:306)
[B: #12806@262] 	at battlecode.instrumenter.SandboxedRobotPlayer.loadAndRunPlayer(SandboxedRobotPlayer.java:268)
[B: #12806@262] 	at battlecode.instrumenter.SandboxedRobotPlayer.lambda$new$2(SandboxedRobotPlayer.java:202)
[B: #12806@262] 	at java.base/java.lang.Thread.run(Thread.java:1583)
[B: #10072@262] Can sense kingLoc [55, 28] ? false at distSquared 109
[B: #11028@262] GameActionException in RobotPlayer:
[B: #11028@262] battlecode.common.GameActionException: Target location is not on the map
[B: #11028@262] 	at battlecode.world.RobotControllerImpl.assertCanSenseLocation(RobotControllerImpl.java:217)
[B: #11028@262] 	at battlecode.world.RobotControllerImpl.senseMapInfo(RobotControllerImpl.java:646)
[B: #11028@262] 	at teacher08a.CatAttacker.runReportBack(CatAttacker.java:185)
[B: #11028@262] 	at teacher08a.CatAttacker.doAction(CatAttacker.java:37)
[B: #11028@262] 	at teacher08a.RobotPlayer.run(RobotPlayer.java:25)
[B: #11028@262] 	at java.base/jdk.internal.reflect.DirectMethodHandleAccessor.invoke(DirectMethodHandleAccessor.java:103)
[B: #11028@262] 	at java.base/java.lang.reflect.Method.invoke(Method.java:580)
[B: #11028@262] 	at battlecode.instrumenter.SandboxedRobotPlayer.loadAndRunPlayerJava(SandboxedRobotPlayer.java:306)
[B: #11028@262] 	at battlecode.instrumenter.SandboxedRobotPlayer.loadAndRunPlayer(SandboxedRobotPlayer.java:268)
[B: #11028@262] 	at battlecode.instrumenter.SandboxedRobotPlayer.lambda$new$2(SandboxedRobotPlayer.java:202)
[B: #11028@262] 	at java.base/java.lang.Thread.run(Thread.java:1583)
[B: #10105@262] Can sense kingLoc [55, 28] ? false at distSquared 97
[B: #12917@262] Sensed 0 robots
[B: #11406@262] Can sense kingLoc [55, 28] ? false at distSquared 73
[B: #13095@262] Sensed 0 robots
[B: #12999@262] Sensed 0 robots
[B: #11545@262] Sensed 0 robots
[B: #12967@262] Can sense kingLoc [55, 28] ? false at distSquared 116
[B: #12962@262] Can sense kingLoc [55, 28] ? false at distSquared 153
[B: #11337@262] Can sense kingLoc [55, 28] ? false at distSquared 160
[B: #10145@262] Can sense kingLoc [55, 28] ? false at distSquared 137
[B: #12940@262] Can sense kingLoc [55, 28] ? false at distSquared 178
[B: #11096@263] Can sense kingLoc [55, 28] ? false at distSquared 130
[B: #13990@263] Going straight to cheese mine at [37, 33]
[B: #11456@263] Sensed 1 robots
[B: #11456@263] Received 0 messages
[B: #11061@263] Can sense kingLoc [55, 28] ? false at distSquared 90
[B: #12806@263] GameActionException in RobotPlayer:
[B: #12806@263] battlecode.common.GameActionException: Target location is not on the map
[B: #12806@263] 	at battlecode.world.RobotControllerImpl.assertCanSenseLocation(RobotControllerImpl.java:217)
[B: #12806@263] 	at battlecode.world.RobotControllerImpl.senseMapInfo(RobotControllerImpl.java:646)
[B: #12806@263] 	at teacher08a.CatAttacker.runReportBack(CatAttacker.java:185)
[B: #12806@263] 	at teacher08a.CatAttacker.doAction(CatAttacker.java:37)
[B: #12806@263] 	at teacher08a.RobotPlayer.run(RobotPlayer.java:25)
[B: #12806@263] 	at java.base/jdk.internal.reflect.DirectMethodHandleAccessor.invoke(DirectMethodHandleAccessor.java:103)
[B: #12806@263] 	at java.base/java.lang.reflect.Method.invoke(Method.java:580)
[B: #12806@263] 	at battlecode.instrumenter.SandboxedRobotPlayer.loadAndRunPlayerJava(SandboxedRobotPlayer.java:306)
[B: #12806@263] 	at battlecode.instrumenter.SandboxedRobotPlayer.loadAndRunPlayer(SandboxedRobotPlayer.java:268)
[B: #12806@263] 	at battlecode.instrumenter.SandboxedRobotPlayer.lambda$new$2(SandboxedRobotPlayer.java:202)
[B: #12806@263] 	at java.base/java.lang.Thread.run(Thread.java:1583)
[B: #10072@263] Can sense kingLoc [55, 28] ? false at distSquared 109
[B: #11028@263] GameActionException in RobotPlayer:
[B: #11028@263] battlecode.common.GameActionException: Target location is not on the map
[B: #11028@263] 	at battlecode.world.RobotControllerImpl.assertCanSenseLocation(RobotControllerImpl.java:217)
[B: #11028@263] 	at battlecode.world.RobotControllerImpl.senseMapInfo(RobotControllerImpl.java:646)
[B: #11028@263] 	at teacher08a.CatAttacker.runReportBack(CatAttacker.java:185)
[B: #11028@263] 	at teacher08a.CatAttacker.doAction(CatAttacker.java:37)
[B: #11028@263] 	at teacher08a.RobotPlayer.run(RobotPlayer.java:25)
[B: #11028@263] 	at java.base/jdk.internal.reflect.DirectMethodHandleAccessor.invoke(DirectMethodHandleAccessor.java:103)
[B: #11028@263] 	at java.base/java.lang.reflect.Method.invoke(Method.java:580)
[B: #11028@263] 	at battlecode.instrumenter.SandboxedRobotPlayer.loadAndRunPlayerJava(SandboxedRobotPlayer.java:306)
[B: #11028@263] 	at battlecode.instrumenter.SandboxedRobotPlayer.loadAndRunPlayer(SandboxedRobotPlayer.java:268)
[B: #11028@263] 	at battlecode.instrumenter.SandboxedRobotPlayer.lambda$new$2(SandboxedRobotPlayer.java:202)
[B: #11028@263] 	at java.base/java.lang.Thread.run(Thread.java:1583)
[B: #10105@263] Can sense kingLoc [55, 28] ? false at distSquared 97
[B: #12917@263] Sensed 0 robots
[B: #11406@263] Can sense kingLoc [55, 28] ? false at distSquared 73
[B: #13095@263] Sensed 0 robots
[B: #12999@263] Sensed 0 robots
[B: #11545@263] Sensed 0 robots
[B: #12967@263] Can sense kingLoc [55, 28] ? false at distSquared 116
[B: #12962@263] Can sense kingLoc [55, 28] ? false at distSquared 153
[B: #11337@263] Can sense kingLoc [55, 28] ? false at distSquared 160
[B: #10145@263] Can sense kingLoc [55, 28] ? false at distSquared 137
[B: #12940@263] Can sense kingLoc [55, 28] ? false at distSquared 178
[B: #11096@264] Can sense kingLoc [55, 28] ? false at distSquared 130
[B: #13990@264] Going straight to cheese mine at [37, 33]
[B: #11456@264] Sensed 1 robots
[B: #11456@264] Received 0 messages
[B: #11061@264] Can sense kingLoc [55, 28] ? false at distSquared 90
[B: #12806@264] GameActionException in RobotPlayer:
[B: #12806@264] battlecode.common.GameActionException: Target location is not on the map
[B: #12806@264] 	at battlecode.world.RobotControllerImpl.assertCanSenseLocation(RobotControllerImpl.java:217)
[B: #12806@264] 	at battlecode.world.RobotControllerImpl.senseMapInfo(RobotControllerImpl.java:646)
[B: #12806@264] 	at teacher08a.CatAttacker.runReportBack(CatAttacker.java:185)
[B: #12806@264] 	at teacher08a.CatAttacker.doAction(CatAttacker.java:37)
[B: #12806@264] 	at teacher08a.RobotPlayer.run(RobotPlayer.java:25)
[B: #12806@264] 	at java.base/jdk.internal.reflect.DirectMethodHandleAccessor.invoke(DirectMethodHandleAccessor.java:103)
[B: #12806@264] 	at java.base/java.lang.reflect.Method.invoke(Method.java:580)
[B: #12806@264] 	at battlecode.instrumenter.SandboxedRobotPlayer.loadAndRunPlayerJava(SandboxedRobotPlayer.java:306)
[B: #12806@264] 	at battlecode.instrumenter.SandboxedRobotPlayer.loadAndRunPlayer(SandboxedRobotPlayer.java:268)
[B: #12806@264] 	at battlecode.instrumenter.SandboxedRobotPlayer.lambda$new$2(SandboxedRobotPlayer.java:202)
[B: #12806@264] 	at java.base/java.lang.Thread.run(Thread.java:1583)
[B: #10072@264] Can sense kingLoc [55, 28] ? false at distSquared 109
[B: #11028@264] GameActionException in RobotPlayer:
[B: #11028@264] battlecode.common.GameActionException: Target location is not on the map
[B: #11028@264] 	at battlecode.world.RobotControllerImpl.assertCanSenseLocation(RobotControllerImpl.java:217)
[B: #11028@264] 	at battlecode.world.RobotControllerImpl.senseMapInfo(RobotControllerImpl.java:646)
[B: #11028@264] 	at teacher08a.CatAttacker.runReportBack(CatAttacker.java:185)
[B: #11028@264] 	at teacher08a.CatAttacker.doAction(CatAttacker.java:37)
[B: #11028@264] 	at teacher08a.RobotPlayer.run(RobotPlayer.java:25)
[B: #11028@264] 	at java.base/jdk.internal.reflect.DirectMethodHandleAccessor.invoke(DirectMethodHandleAccessor.java:103)
[B: #11028@264] 	at java.base/java.lang.reflect.Method.invoke(Method.java:580)
[B: #11028@264] 	at battlecode.instrumenter.SandboxedRobotPlayer.loadAndRunPlayerJava(SandboxedRobotPlayer.java:306)
[B: #11028@264] 	at battlecode.instrumenter.SandboxedRobotPlayer.loadAndRunPlayer(SandboxedRobotPlayer.java:268)
[B: #11028@264] 	at battlecode.instrumenter.SandboxedRobotPlayer.lambda$new$2(SandboxedRobotPlayer.java:202)
[B: #11028@264] 	at java.base/java.lang.Thread.run(Thread.java:1583)
[B: #10105@264] Can sense kingLoc [55, 28] ? false at distSquared 97
[B: #12917@264] Sensed 0 robots
[B: #11406@264] Can sense kingLoc [55, 28] ? false at distSquared 73
[B: #13095@264] Sensed 0 robots
[B: #12999@264] Sensed 0 robots
[B: #11545@264] Sensed 0 robots
[B: #12967@264] Can sense kingLoc [55, 28] ? false at distSquared 116
[B: #12962@264] Can sense kingLoc [55, 28] ? false at distSquared 153
[B: #11337@264] Can sense kingLoc [55, 28] ? false at distSquared 160
[B: #10145@264] Can sense kingLoc [55, 28] ? false at distSquared 137
[B: #12940@264] Can sense kingLoc [55, 28] ? false at distSquared 178
[B: #11096@265] Can sense kingLoc [55, 28] ? false at distSquared 130
[B: #13990@265] Going straight to cheese mine at [37, 33]
[B: #11456@265] Sensed 0 robots
[B: #11061@265] Can sense kingLoc [55, 28] ? false at distSquared 90
[B: #12806@265] GameActionException in RobotPlayer:
[B: #12806@265] battlecode.common.GameActionException: Target location is not on the map
[B: #12806@265] 	at battlecode.world.RobotControllerImpl.assertCanSenseLocation(RobotControllerImpl.java:217)
[B: #12806@265] 	at battlecode.world.RobotControllerImpl.senseMapInfo(RobotControllerImpl.java:646)
[B: #12806@265] 	at teacher08a.CatAttacker.runReportBack(CatAttacker.java:185)
[B: #12806@265] 	at teacher08a.CatAttacker.doAction(CatAttacker.java:37)
[B: #12806@265] 	at teacher08a.RobotPlayer.run(RobotPlayer.java:25)
[B: #12806@265] 	at java.base/jdk.internal.reflect.DirectMethodHandleAccessor.invoke(DirectMethodHandleAccessor.java:103)
[B: #12806@265] 	at java.base/java.lang.reflect.Method.invoke(Method.java:580)
[B: #12806@265] 	at battlecode.instrumenter.SandboxedRobotPlayer.loadAndRunPlayerJava(SandboxedRobotPlayer.java:306)
[B: #12806@265] 	at battlecode.instrumenter.SandboxedRobotPlayer.loadAndRunPlayer(SandboxedRobotPlayer.java:268)
[B: #12806@265] 	at battlecode.instrumenter.SandboxedRobotPlayer.lambda$new$2(SandboxedRobotPlayer.java:202)
[B: #12806@265] 	at java.base/java.lang.Thread.run(Thread.java:1583)
[B: #10072@265] Can sense kingLoc [55, 28] ? false at distSquared 109
[B: #11028@265] GameActionException in RobotPlayer:
[B: #11028@265] battlecode.common.GameActionException: Target location is not on the map
[B: #11028@265] 	at battlecode.world.RobotControllerImpl.assertCanSenseLocation(RobotControllerImpl.java:217)
[B: #11028@265] 	at battlecode.world.RobotControllerImpl.senseMapInfo(RobotControllerImpl.java:646)
[B: #11028@265] 	at teacher08a.CatAttacker.runReportBack(CatAttacker.java:185)
[B: #11028@265] 	at teacher08a.CatAttacker.doAction(CatAttacker.java:37)
[B: #11028@265] 	at teacher08a.RobotPlayer.run(RobotPlayer.java:25)
[B: #11028@265] 	at java.base/jdk.internal.reflect.DirectMethodHandleAccessor.invoke(DirectMethodHandleAccessor.java:103)
[B: #11028@265] 	at java.base/java.lang.reflect.Method.invoke(Method.java:580)
[B: #11028@265] 	at battlecode.instrumenter.SandboxedRobotPlayer.loadAndRunPlayerJava(SandboxedRobotPlayer.java:306)
[B: #11028@265] 	at battlecode.instrumenter.SandboxedRobotPlayer.loadAndRunPlayer(SandboxedRobotPlayer.java:268)
[B: #11028@265] 	at battlecode.instrumenter.SandboxedRobotPlayer.lambda$new$2(SandboxedRobotPlayer.java:202)
[B: #11028@265] 	at java.base/java.lang.Thread.run(Thread.java:1583)
[B: #10105@265] Can sense kingLoc [55, 28] ? false at distSquared 97
[B: #12917@265] Sensed 0 robots
[B: #11406@265] Can sense kingLoc [55, 28] ? false at distSquared 73
[B: #13095@265] Sensed 0 robots
[B: #12999@265] Sensed 0 robots
[B: #11545@265] Sensed 0 robots
[B: #12967@265] Can sense kingLoc [55, 28] ? false at distSquared 116
[B: #12962@265] Can sense kingLoc [55, 28] ? false at distSquared 153
[B: #11337@265] Can sense kingLoc [55, 28] ? false at distSquared 160
[B: #10145@265] Can sense kingLoc [55, 28] ? false at distSquared 137
[B: #12940@265] Can sense kingLoc [55, 28] ? false at distSquared 178
[B: #11096@266] Can sense kingLoc [55, 28] ? false at distSquared 130
[B: #13990@266] Going straight to cheese mine at [37, 33]
[B: #11456@266] Sensed 1 robots
[B: #11456@266] Received 0 messages
[B: #11061@266] Can sense kingLoc [55, 28] ? false at distSquared 90
[B: #12806@266] GameActionException in RobotPlayer:
[B: #12806@266] battlecode.common.GameActionException: Target location is not on the map
[B: #12806@266] 	at battlecode.world.RobotControllerImpl.assertCanSenseLocation(RobotControllerImpl.java:217)
[B: #12806@266] 	at battlecode.world.RobotControllerImpl.senseMapInfo(RobotControllerImpl.java:646)
[B: #12806@266] 	at teacher08a.CatAttacker.runReportBack(CatAttacker.java:185)
[B: #12806@266] 	at teacher08a.CatAttacker.doAction(CatAttacker.java:37)
[B: #12806@266] 	at teacher08a.RobotPlayer.run(RobotPlayer.java:25)
[B: #12806@266] 	at java.base/jdk.internal.reflect.DirectMethodHandleAccessor.invoke(DirectMethodHandleAccessor.java:103)
[B: #12806@266] 	at java.base/java.lang.reflect.Method.invoke(Method.java:580)
[B: #12806@266] 	at battlecode.instrumenter.SandboxedRobotPlayer.loadAndRunPlayerJava(SandboxedRobotPlayer.java:306)
[B: #12806@266] 	at battlecode.instrumenter.SandboxedRobotPlayer.loadAndRunPlayer(SandboxedRobotPlayer.java:268)
[B: #12806@266] 	at battlecode.instrumenter.SandboxedRobotPlayer.lambda$new$2(SandboxedRobotPlayer.java:202)
[B: #12806@266] 	at java.base/java.lang.Thread.run(Thread.java:1583)
[B: #10072@266] Can sense kingLoc [55, 28] ? false at distSquared 109
[B: #11028@266] GameActionException in RobotPlayer:
[B: #11028@266] battlecode.common.GameActionException: Target location is not on the map
[B: #11028@266] 	at battlecode.world.RobotControllerImpl.assertCanSenseLocation(RobotControllerImpl.java:217)
[B: #11028@266] 	at battlecode.world.RobotControllerImpl.senseMapInfo(RobotControllerImpl.java:646)
[B: #11028@266] 	at teacher08a.CatAttacker.runReportBack(CatAttacker.java:185)
[B: #11028@266] 	at teacher08a.CatAttacker.doAction(CatAttacker.java:37)
[B: #11028@266] 	at teacher08a.RobotPlayer.run(RobotPlayer.java:25)
[B: #11028@266] 	at java.base/jdk.internal.reflect.DirectMethodHandleAccessor.invoke(DirectMethodHandleAccessor.java:103)
[B: #11028@266] 	at java.base/java.lang.reflect.Method.invoke(Method.java:580)
[B: #11028@266] 	at battlecode.instrumenter.SandboxedRobotPlayer.loadAndRunPlayerJava(SandboxedRobotPlayer.java:306)
[B: #11028@266] 	at battlecode.instrumenter.SandboxedRobotPlayer.loadAndRunPlayer(SandboxedRobotPlayer.java:268)
[B: #11028@266] 	at battlecode.instrumenter.SandboxedRobotPlayer.lambda$new$2(SandboxedRobotPlayer.java:202)
[B: #11028@266] 	at java.base/java.lang.Thread.run(Thread.java:1583)
[B: #10105@266] Can sense kingLoc [55, 28] ? false at distSquared 97
[B: #12917@266] Sensed 0 robots
[B: #11406@266] Can sense kingLoc [55, 28] ? false at distSquared 73
[B: #13095@266] Sensed 0 robots
[B: #12999@266] Sensed 0 robots
[B: #11545@266] Sensed 0 robots
[B: #12967@266] Can sense kingLoc [55, 28] ? false at distSquared 116
[B: #12962@266] Can sense kingLoc [55, 28] ? false at distSquared 153
[B: #11337@266] Can sense kingLoc [55, 28] ? false at distSquared 160
[B: #10145@266] Can sense kingLoc [55, 28] ? false at distSquared 137
[B: #12940@266] Can sense kingLoc [55, 28] ? false at distSquared 178
[B: #11096@267] Can sense kingLoc [55, 28] ? false at distSquared 130
[B: #13990@267] Going straight to cheese mine at [37, 33]
[B: #11456@267] Sensed 1 robots
[B: #11456@267] Received 0 messages
[B: #11061@267] Can sense kingLoc [55, 28] ? false at distSquared 90
[B: #12806@267] GameActionException in RobotPlayer:
[B: #12806@267] battlecode.common.GameActionException: Target location is not on the map
[B: #12806@267] 	at battlecode.world.RobotControllerImpl.assertCanSenseLocation(RobotControllerImpl.java:217)
[B: #12806@267] 	at battlecode.world.RobotControllerImpl.senseMapInfo(RobotControllerImpl.java:646)
[B: #12806@267] 	at teacher08a.CatAttacker.runReportBack(CatAttacker.java:185)
[B: #12806@267] 	at teacher08a.CatAttacker.doAction(CatAttacker.java:37)
[B: #12806@267] 	at teacher08a.RobotPlayer.run(RobotPlayer.java:25)
[B: #12806@267] 	at java.base/jdk.internal.reflect.DirectMethodHandleAccessor.invoke(DirectMethodHandleAccessor.java:103)
[B: #12806@267] 	at java.base/java.lang.reflect.Method.invoke(Method.java:580)
[B: #12806@267] 	at battlecode.instrumenter.SandboxedRobotPlayer.loadAndRunPlayerJava(SandboxedRobotPlayer.java:306)
[B: #12806@267] 	at battlecode.instrumenter.SandboxedRobotPlayer.loadAndRunPlayer(SandboxedRobotPlayer.java:268)
[B: #12806@267] 	at battlecode.instrumenter.SandboxedRobotPlayer.lambda$new$2(SandboxedRobotPlayer.java:202)
[B: #12806@267] 	at java.base/java.lang.Thread.run(Thread.java:1583)
[B: #10072@267] Can sense kingLoc [55, 28] ? false at distSquared 109
[B: #11028@267] GameActionException in RobotPlayer:
[B: #11028@267] battlecode.common.GameActionException: Target location is not on the map
[B: #11028@267] 	at battlecode.world.RobotControllerImpl.assertCanSenseLocation(RobotControllerImpl.java:217)
[B: #11028@267] 	at battlecode.world.RobotControllerImpl.senseMapInfo(RobotControllerImpl.java:646)
[B: #11028@267] 	at teacher08a.CatAttacker.runReportBack(CatAttacker.java:185)
[B: #11028@267] 	at teacher08a.CatAttacker.doAction(CatAttacker.java:37)
[B: #11028@267] 	at teacher08a.RobotPlayer.run(RobotPlayer.java:25)
[B: #11028@267] 	at java.base/jdk.internal.reflect.DirectMethodHandleAccessor.invoke(DirectMethodHandleAccessor.java:103)
[B: #11028@267] 	at java.base/java.lang.reflect.Method.invoke(Method.java:580)
[B: #11028@267] 	at battlecode.instrumenter.SandboxedRobotPlayer.loadAndRunPlayerJava(SandboxedRobotPlayer.java:306)
[B: #11028@267] 	at battlecode.instrumenter.SandboxedRobotPlayer.loadAndRunPlayer(SandboxedRobotPlayer.java:268)
[B: #11028@267] 	at battlecode.instrumenter.SandboxedRobotPlayer.lambda$new$2(SandboxedRobotPlayer.java:202)
[B: #11028@267] 	at java.base/java.lang.Thread.run(Thread.java:1583)
[B: #10105@267] Can sense kingLoc [55, 28] ? false at distSquared 97
[B: #12917@267] Sensed 0 robots
[B: #11406@267] Can sense kingLoc [55, 28] ? false at distSquared 73
[B: #13095@267] Sensed 0 robots
[B: #12999@267] Sensed 0 robots
[B: #11545@267] Sensed 0 robots
[B: #12967@267] Can sense kingLoc [55, 28] ? false at distSquared 116
[B: #12962@267] Can sense kingLoc [55, 28] ? false at distSquared 153
[B: #11337@267] Can sense kingLoc [55, 28] ? false at distSquared 160
[B: #10145@267] Can sense kingLoc [55, 28] ? false at distSquared 137
[B: #12940@267] Can sense kingLoc [55, 28] ? false at distSquared 178
[B: #11096@268] Can sense kingLoc [55, 28] ? false at distSquared 130
[B: #13990@268] Going straight to cheese mine at [37, 33]
[B: #11456@268] Sensed 1 robots
[B: #11456@268] Received 0 messages
[B: #11061@268] Can sense kingLoc [55, 28] ? false at distSquared 90
[B: #12806@268] GameActionException in RobotPlayer:
[B: #12806@268] battlecode.common.GameActionException: Target location is not on the map
[B: #12806@268] 	at battlecode.world.RobotControllerImpl.assertCanSenseLocation(RobotControllerImpl.java:217)
[B: #12806@268] 	at battlecode.world.RobotControllerImpl.senseMapInfo(RobotControllerImpl.java:646)
[B: #12806@268] 	at teacher08a.CatAttacker.runReportBack(CatAttacker.java:185)
[B: #12806@268] 	at teacher08a.CatAttacker.doAction(CatAttacker.java:37)
[B: #12806@268] 	at teacher08a.RobotPlayer.run(RobotPlayer.java:25)
[B: #12806@268] 	at java.base/jdk.internal.reflect.DirectMethodHandleAccessor.invoke(DirectMethodHandleAccessor.java:103)
[B: #12806@268] 	at java.base/java.lang.reflect.Method.invoke(Method.java:580)
[B: #12806@268] 	at battlecode.instrumenter.SandboxedRobotPlayer.loadAndRunPlayerJava(SandboxedRobotPlayer.java:306)
[B: #12806@268] 	at battlecode.instrumenter.SandboxedRobotPlayer.loadAndRunPlayer(SandboxedRobotPlayer.java:268)
[B: #12806@268] 	at battlecode.instrumenter.SandboxedRobotPlayer.lambda$new$2(SandboxedRobotPlayer.java:202)
[B: #12806@268] 	at java.base/java.lang.Thread.run(Thread.java:1583)
[B: #10072@268] Can sense kingLoc [55, 28] ? false at distSquared 109
[B: #11028@268] GameActionException in RobotPlayer:
[B: #11028@268] battlecode.common.GameActionException: Target location is not on the map
[B: #11028@268] 	at battlecode.world.RobotControllerImpl.assertCanSenseLocation(RobotControllerImpl.java:217)
[B: #11028@268] 	at battlecode.world.RobotControllerImpl.senseMapInfo(RobotControllerImpl.java:646)
[B: #11028@268] 	at teacher08a.CatAttacker.runReportBack(CatAttacker.java:185)
[B: #11028@268] 	at teacher08a.CatAttacker.doAction(CatAttacker.java:37)
[B: #11028@268] 	at teacher08a.RobotPlayer.run(RobotPlayer.java:25)
[B: #11028@268] 	at java.base/jdk.internal.reflect.DirectMethodHandleAccessor.invoke(DirectMethodHandleAccessor.java:103)
[B: #11028@268] 	at java.base/java.lang.reflect.Method.invoke(Method.java:580)
[B: #11028@268] 	at battlecode.instrumenter.SandboxedRobotPlayer.loadAndRunPlayerJava(SandboxedRobotPlayer.java:306)
[B: #11028@268] 	at battlecode.instrumenter.SandboxedRobotPlayer.loadAndRunPlayer(SandboxedRobotPlayer.java:268)
[B: #11028@268] 	at battlecode.instrumenter.SandboxedRobotPlayer.lambda$new$2(SandboxedRobotPlayer.java:202)
[B: #11028@268] 	at java.base/java.lang.Thread.run(Thread.java:1583)
[B: #10105@268] Can sense kingLoc [55, 28] ? false at distSquared 97
[B: #12917@268] Sensed 0 robots
[B: #11406@268] Can sense kingLoc [55, 28] ? false at distSquared 73
[B: #13095@268] Sensed 0 robots
[B: #12999@268] Sensed 0 robots
[B: #11545@268] Sensed 0 robots
[B: #12967@268] Can sense kingLoc [55, 28] ? false at distSquared 116
[B: #12962@268] Can sense kingLoc [55, 28] ? false at distSquared 153
[B: #11337@268] Can sense kingLoc [55, 28] ? false at distSquared 160
[B: #10145@268] Can sense kingLoc [55, 28] ? false at distSquared 137
[B: #12940@268] Can sense kingLoc [55, 28] ? false at distSquared 178
[B: #11096@269] Can sense kingLoc [55, 28] ? false at distSquared 130
[B: #13990@269] Going straight to cheese mine at [37, 33]
[B: #11456@269] Sensed 1 robots
[B: #11456@269] Received 0 messages
[B: #11061@269] Can sense kingLoc [55, 28] ? false at distSquared 90
[B: #12806@269] GameActionException in RobotPlayer:
[B: #12806@269] battlecode.common.GameActionException: Target location is not on the map
[B: #12806@269] 	at battlecode.world.RobotControllerImpl.assertCanSenseLocation(RobotControllerImpl.java:217)
[B: #12806@269] 	at battlecode.world.RobotControllerImpl.senseMapInfo(RobotControllerImpl.java:646)
[B: #12806@269] 	at teacher08a.CatAttacker.runReportBack(CatAttacker.java:185)
[B: #12806@269] 	at teacher08a.CatAttacker.doAction(CatAttacker.java:37)
[B: #12806@269] 	at teacher08a.RobotPlayer.run(RobotPlayer.java:25)
[B: #12806@269] 	at java.base/jdk.internal.reflect.DirectMethodHandleAccessor.invoke(DirectMethodHandleAccessor.java:103)
[B: #12806@269] 	at java.base/java.lang.reflect.Method.invoke(Method.java:580)
[B: #12806@269] 	at battlecode.instrumenter.SandboxedRobotPlayer.loadAndRunPlayerJava(SandboxedRobotPlayer.java:306)
[B: #12806@269] 	at battlecode.instrumenter.SandboxedRobotPlayer.loadAndRunPlayer(SandboxedRobotPlayer.java:268)
[B: #12806@269] 	at battlecode.instrumenter.SandboxedRobotPlayer.lambda$new$2(SandboxedRobotPlayer.java:202)
[B: #12806@269] 	at java.base/java.lang.Thread.run(Thread.java:1583)
[B: #10072@269] Can sense kingLoc [55, 28] ? false at distSquared 109
[B: #11028@269] GameActionException in RobotPlayer:
[B: #11028@269] battlecode.common.GameActionException: Target location is not on the map
[B: #11028@269] 	at battlecode.world.RobotControllerImpl.assertCanSenseLocation(RobotControllerImpl.java:217)
[B: #11028@269] 	at battlecode.world.RobotControllerImpl.senseMapInfo(RobotControllerImpl.java:646)
[B: #11028@269] 	at teacher08a.CatAttacker.runReportBack(CatAttacker.java:185)
[B: #11028@269] 	at teacher08a.CatAttacker.doAction(CatAttacker.java:37)
[B: #11028@269] 	at teacher08a.RobotPlayer.run(RobotPlayer.java:25)
[B: #11028@269] 	at java.base/jdk.internal.reflect.DirectMethodHandleAccessor.invoke(DirectMethodHandleAccessor.java:103)
[B: #11028@269] 	at java.base/java.lang.reflect.Method.invoke(Method.java:580)
[B: #11028@269] 	at battlecode.instrumenter.SandboxedRobotPlayer.loadAndRunPlayerJava(SandboxedRobotPlayer.java:306)
[B: #11028@269] 	at battlecode.instrumenter.SandboxedRobotPlayer.loadAndRunPlayer(SandboxedRobotPlayer.java:268)
[B: #11028@269] 	at battlecode.instrumenter.SandboxedRobotPlayer.lambda$new$2(SandboxedRobotPlayer.java:202)
[B: #11028@269] 	at java.base/java.lang.Thread.run(Thread.java:1583)
[B: #10105@269] Can sense kingLoc [55, 28] ? false at distSquared 97
[B: #12917@269] Sensed 0 robots
[B: #11406@269] Can sense kingLoc [55, 28] ? false at distSquared 73
[B: #13095@269] Sensed 0 robots
[B: #12999@269] Sensed 0 robots
[B: #11545@269] Sensed 0 robots
[B: #12967@269] Can sense kingLoc [55, 28] ? false at distSquared 116
[B: #12962@269] Can sense kingLoc [55, 28] ? false at distSquared 153
[B: #11337@269] Can sense kingLoc [55, 28] ? false at distSquared 160
[B: #10145@269] Can sense kingLoc [55, 28] ? false at distSquared 137
[B: #12940@269] Can sense kingLoc [55, 28] ? false at distSquared 178
[B: #11096@270] Can sense kingLoc [55, 28] ? false at distSquared 130
[B: #13990@270] Going straight to cheese mine at [37, 33]
[B: #11456@270] Sensed 0 robots
[B: #11061@270] Can sense kingLoc [55, 28] ? false at distSquared 90
[B: #12806@270] GameActionException in RobotPlayer:
[B: #12806@270] battlecode.common.GameActionException: Target location is not on the map
[B: #12806@270] 	at battlecode.world.RobotControllerImpl.assertCanSenseLocation(RobotControllerImpl.java:217)
[B: #12806@270] 	at battlecode.world.RobotControllerImpl.senseMapInfo(RobotControllerImpl.java:646)
[B: #12806@270] 	at teacher08a.CatAttacker.runReportBack(CatAttacker.java:185)
[B: #12806@270] 	at teacher08a.CatAttacker.doAction(CatAttacker.java:37)
[B: #12806@270] 	at teacher08a.RobotPlayer.run(RobotPlayer.java:25)
[B: #12806@270] 	at java.base/jdk.internal.reflect.DirectMethodHandleAccessor.invoke(DirectMethodHandleAccessor.java:103)
[B: #12806@270] 	at java.base/java.lang.reflect.Method.invoke(Method.java:580)
[B: #12806@270] 	at battlecode.instrumenter.SandboxedRobotPlayer.loadAndRunPlayerJava(SandboxedRobotPlayer.java:306)
[B: #12806@270] 	at battlecode.instrumenter.SandboxedRobotPlayer.loadAndRunPlayer(SandboxedRobotPlayer.java:268)
[B: #12806@270] 	at battlecode.instrumenter.SandboxedRobotPlayer.lambda$new$2(SandboxedRobotPlayer.java:202)
[B: #12806@270] 	at java.base/java.lang.Thread.run(Thread.java:1583)
[B: #10072@270] Can sense kingLoc [55, 28] ? false at distSquared 109
[B: #11028@270] GameActionException in RobotPlayer:
[B: #11028@270] battlecode.common.GameActionException: Target location is not on the map
[B: #11028@270] 	at battlecode.world.RobotControllerImpl.assertCanSenseLocation(RobotControllerImpl.java:217)
[B: #11028@270] 	at battlecode.world.RobotControllerImpl.senseMapInfo(RobotControllerImpl.java:646)
[B: #11028@270] 	at teacher08a.CatAttacker.runReportBack(CatAttacker.java:185)
[B: #11028@270] 	at teacher08a.CatAttacker.doAction(CatAttacker.java:37)
[B: #11028@270] 	at teacher08a.RobotPlayer.run(RobotPlayer.java:25)
[B: #11028@270] 	at java.base/jdk.internal.reflect.DirectMethodHandleAccessor.invoke(DirectMethodHandleAccessor.java:103)
[B: #11028@270] 	at java.base/java.lang.reflect.Method.invoke(Method.java:580)
[B: #11028@270] 	at battlecode.instrumenter.SandboxedRobotPlayer.loadAndRunPlayerJava(SandboxedRobotPlayer.java:306)
[B: #11028@270] 	at battlecode.instrumenter.SandboxedRobotPlayer.loadAndRunPlayer(SandboxedRobotPlayer.java:268)
[B: #11028@270] 	at battlecode.instrumenter.SandboxedRobotPlayer.lambda$new$2(SandboxedRobotPlayer.java:202)
[B: #11028@270] 	at java.base/java.lang.Thread.run(Thread.java:1583)
[B: #10105@270] Can sense kingLoc [55, 28] ? false at distSquared 97
[B: #12917@270] Sensed 0 robots
[B: #11406@270] Can sense kingLoc [55, 28] ? false at distSquared 73
[B: #13095@270] Sensed 0 robots
[B: #12999@270] Sensed 0 robots
[B: #11545@270] Sensed 0 robots
[B: #12967@270] Can sense kingLoc [55, 28] ? false at distSquared 116
[B: #12962@270] Can sense kingLoc [55, 28] ? false at distSquared 153
[B: #11337@270] Can sense kingLoc [55, 28] ? false at distSquared 160
[B: #10145@270] Can sense kingLoc [55, 28] ? false at distSquared 137
[B: #12940@270] Can sense kingLoc [55, 28] ? false at distSquared 178
[B: #11096@271] Can sense kingLoc [55, 28] ? false at distSquared 130
[B: #13990@271] Going straight to cheese mine at [37, 33]
[B: #11456@271] Sensed 1 robots
[B: #11456@271] Received 0 messages
[B: #11061@271] Can sense kingLoc [55, 28] ? false at distSquared 90
[B: #12806@271] GameActionException in RobotPlayer:
[B: #12806@271] battlecode.common.GameActionException: Target location is not on the map
[B: #12806@271] 	at battlecode.world.RobotControllerImpl.assertCanSenseLocation(RobotControllerImpl.java:217)
[B: #12806@271] 	at battlecode.world.RobotControllerImpl.senseMapInfo(RobotControllerImpl.java:646)
[B: #12806@271] 	at teacher08a.CatAttacker.runReportBack(CatAttacker.java:185)
[B: #12806@271] 	at teacher08a.CatAttacker.doAction(CatAttacker.java:37)
[B: #12806@271] 	at teacher08a.RobotPlayer.run(RobotPlayer.java:25)
[B: #12806@271] 	at java.base/jdk.internal.reflect.DirectMethodHandleAccessor.invoke(DirectMethodHandleAccessor.java:103)
[B: #12806@271] 	at java.base/java.lang.reflect.Method.invoke(Method.java:580)
[B: #12806@271] 	at battlecode.instrumenter.SandboxedRobotPlayer.loadAndRunPlayerJava(SandboxedRobotPlayer.java:306)
[B: #12806@271] 	at battlecode.instrumenter.SandboxedRobotPlayer.loadAndRunPlayer(SandboxedRobotPlayer.java:268)
[B: #12806@271] 	at battlecode.instrumenter.SandboxedRobotPlayer.lambda$new$2(SandboxedRobotPlayer.java:202)
[B: #12806@271] 	at java.base/java.lang.Thread.run(Thread.java:1583)
[B: #10072@271] Can sense kingLoc [55, 28] ? false at distSquared 109
[B: #11028@271] GameActionException in RobotPlayer:
[B: #11028@271] battlecode.common.GameActionException: Target location is not on the map
[B: #11028@271] 	at battlecode.world.RobotControllerImpl.assertCanSenseLocation(RobotControllerImpl.java:217)
[B: #11028@271] 	at battlecode.world.RobotControllerImpl.senseMapInfo(RobotControllerImpl.java:646)
[B: #11028@271] 	at teacher08a.CatAttacker.runReportBack(CatAttacker.java:185)
[B: #11028@271] 	at teacher08a.CatAttacker.doAction(CatAttacker.java:37)
[B: #11028@271] 	at teacher08a.RobotPlayer.run(RobotPlayer.java:25)
[B: #11028@271] 	at java.base/jdk.internal.reflect.DirectMethodHandleAccessor.invoke(DirectMethodHandleAccessor.java:103)
[B: #11028@271] 	at java.base/java.lang.reflect.Method.invoke(Method.java:580)
[B: #11028@271] 	at battlecode.instrumenter.SandboxedRobotPlayer.loadAndRunPlayerJava(SandboxedRobotPlayer.java:306)
[B: #11028@271] 	at battlecode.instrumenter.SandboxedRobotPlayer.loadAndRunPlayer(SandboxedRobotPlayer.java:268)
[B: #11028@271] 	at battlecode.instrumenter.SandboxedRobotPlayer.lambda$new$2(SandboxedRobotPlayer.java:202)
[B: #11028@271] 	at java.base/java.lang.Thread.run(Thread.java:1583)
[B: #10105@271] Can sense kingLoc [55, 28] ? false at distSquared 97
[B: #12917@271] Sensed 0 robots
[B: #11406@271] Can sense kingLoc [55, 28] ? false at distSquared 73
[B: #13095@271] Sensed 0 robots
[B: #12999@271] Sensed 0 robots
[B: #11545@271] Sensed 0 robots
[B: #12967@271] Can sense kingLoc [55, 28] ? false at distSquared 116
[B: #12962@271] Can sense kingLoc [55, 28] ? false at distSquared 153
[B: #11337@271] Can sense kingLoc [55, 28] ? false at distSquared 160
[B: #10145@271] Can sense kingLoc [55, 28] ? false at distSquared 137
[B: #12940@271] Can sense kingLoc [55, 28] ? false at distSquared 178
[B: #11096@272] Can sense kingLoc [55, 28] ? false at distSquared 130
[B: #13990@272] Going straight to cheese mine at [37, 33]
[B: #11456@272] Sensed 1 robots
[B: #11456@272] Received 0 messages
[B: #11061@272] Can sense kingLoc [55, 28] ? false at distSquared 90
[B: #12806@272] GameActionException in RobotPlayer:
[B: #12806@272] battlecode.common.GameActionException: Target location is not on the map
[B: #12806@272] 	at battlecode.world.RobotControllerImpl.assertCanSenseLocation(RobotControllerImpl.java:217)
[B: #12806@272] 	at battlecode.world.RobotControllerImpl.senseMapInfo(RobotControllerImpl.java:646)
[B: #12806@272] 	at teacher08a.CatAttacker.runReportBack(CatAttacker.java:185)
[B: #12806@272] 	at teacher08a.CatAttacker.doAction(CatAttacker.java:37)
[B: #12806@272] 	at teacher08a.RobotPlayer.run(RobotPlayer.java:25)
[B: #12806@272] 	at java.base/jdk.internal.reflect.DirectMethodHandleAccessor.invoke(DirectMethodHandleAccessor.java:103)
[B: #12806@272] 	at java.base/java.lang.reflect.Method.invoke(Method.java:580)
[B: #12806@272] 	at battlecode.instrumenter.SandboxedRobotPlayer.loadAndRunPlayerJava(SandboxedRobotPlayer.java:306)
[B: #12806@272] 	at battlecode.instrumenter.SandboxedRobotPlayer.loadAndRunPlayer(SandboxedRobotPlayer.java:268)
[B: #12806@272] 	at battlecode.instrumenter.SandboxedRobotPlayer.lambda$new$2(SandboxedRobotPlayer.java:202)
[B: #12806@272] 	at java.base/java.lang.Thread.run(Thread.java:1583)
[B: #10072@272] Can sense kingLoc [55, 28] ? false at distSquared 109
[B: #11028@272] GameActionException in RobotPlayer:
[B: #11028@272] battlecode.common.GameActionException: Target location is not on the map
[B: #11028@272] 	at battlecode.world.RobotControllerImpl.assertCanSenseLocation(RobotControllerImpl.java:217)
[B: #11028@272] 	at battlecode.world.RobotControllerImpl.senseMapInfo(RobotControllerImpl.java:646)
[B: #11028@272] 	at teacher08a.CatAttacker.runReportBack(CatAttacker.java:185)
[B: #11028@272] 	at teacher08a.CatAttacker.doAction(CatAttacker.java:37)
[B: #11028@272] 	at teacher08a.RobotPlayer.run(RobotPlayer.java:25)
[B: #11028@272] 	at java.base/jdk.internal.reflect.DirectMethodHandleAccessor.invoke(DirectMethodHandleAccessor.java:103)
[B: #11028@272] 	at java.base/java.lang.reflect.Method.invoke(Method.java:580)
[B: #11028@272] 	at battlecode.instrumenter.SandboxedRobotPlayer.loadAndRunPlayerJava(SandboxedRobotPlayer.java:306)
[B: #11028@272] 	at battlecode.instrumenter.SandboxedRobotPlayer.loadAndRunPlayer(SandboxedRobotPlayer.java:268)
[B: #11028@272] 	at battlecode.instrumenter.SandboxedRobotPlayer.lambda$new$2(SandboxedRobotPlayer.java:202)
[B: #11028@272] 	at java.base/java.lang.Thread.run(Thread.java:1583)
[B: #10105@272] Can sense kingLoc [55, 28] ? false at distSquared 97
[B: #12917@272] Sensed 0 robots
[B: #11406@272] Can sense kingLoc [55, 28] ? false at distSquared 73
[B: #13095@272] Sensed 0 robots
[B: #12999@272] Sensed 0 robots
[B: #11545@272] Sensed 0 robots
[B: #12967@272] Can sense kingLoc [55, 28] ? false at distSquared 116
[B: #12962@272] Can sense kingLoc [55, 28] ? false at distSquared 153
[B: #11337@272] Can sense kingLoc [55, 28] ? false at distSquared 160
[B: #10145@272] Can sense kingLoc [55, 28] ? false at distSquared 137
[B: #12940@272] Can sense kingLoc [55, 28] ? false at distSquared 178
[B: #11096@273] Can sense kingLoc [55, 28] ? false at distSquared 130
[B: #13990@273] Going straight to cheese mine at [37, 33]
[B: #11456@273] Sensed 0 robots
[B: #11061@273] Can sense kingLoc [55, 28] ? false at distSquared 90
[B: #12806@273] GameActionException in RobotPlayer:
[B: #12806@273] battlecode.common.GameActionException: Target location is not on the map
[B: #12806@273] 	at battlecode.world.RobotControllerImpl.assertCanSenseLocation(RobotControllerImpl.java:217)
[B: #12806@273] 	at battlecode.world.RobotControllerImpl.senseMapInfo(RobotControllerImpl.java:646)
[B: #12806@273] 	at teacher08a.CatAttacker.runReportBack(CatAttacker.java:185)
[B: #12806@273] 	at teacher08a.CatAttacker.doAction(CatAttacker.java:37)
[B: #12806@273] 	at teacher08a.RobotPlayer.run(RobotPlayer.java:25)
[B: #12806@273] 	at java.base/jdk.internal.reflect.DirectMethodHandleAccessor.invoke(DirectMethodHandleAccessor.java:103)
[B: #12806@273] 	at java.base/java.lang.reflect.Method.invoke(Method.java:580)
[B: #12806@273] 	at battlecode.instrumenter.SandboxedRobotPlayer.loadAndRunPlayerJava(SandboxedRobotPlayer.java:306)
[B: #12806@273] 	at battlecode.instrumenter.SandboxedRobotPlayer.loadAndRunPlayer(SandboxedRobotPlayer.java:268)
[B: #12806@273] 	at battlecode.instrumenter.SandboxedRobotPlayer.lambda$new$2(SandboxedRobotPlayer.java:202)
[B: #12806@273] 	at java.base/java.lang.Thread.run(Thread.java:1583)
[B: #10072@273] Can sense kingLoc [55, 28] ? false at distSquared 109
[B: #11028@273] GameActionException in RobotPlayer:
[B: #11028@273] battlecode.common.GameActionException: Target location is not on the map
[B: #11028@273] 	at battlecode.world.RobotControllerImpl.assertCanSenseLocation(RobotControllerImpl.java:217)
[B: #11028@273] 	at battlecode.world.RobotControllerImpl.senseMapInfo(RobotControllerImpl.java:646)
[B: #11028@273] 	at teacher08a.CatAttacker.runReportBack(CatAttacker.java:185)
[B: #11028@273] 	at teacher08a.CatAttacker.doAction(CatAttacker.java:37)
[B: #11028@273] 	at teacher08a.RobotPlayer.run(RobotPlayer.java:25)
[B: #11028@273] 	at java.base/jdk.internal.reflect.DirectMethodHandleAccessor.invoke(DirectMethodHandleAccessor.java:103)
[B: #11028@273] 	at java.base/java.lang.reflect.Method.invoke(Method.java:580)
[B: #11028@273] 	at battlecode.instrumenter.SandboxedRobotPlayer.loadAndRunPlayerJava(SandboxedRobotPlayer.java:306)
[B: #11028@273] 	at battlecode.instrumenter.SandboxedRobotPlayer.loadAndRunPlayer(SandboxedRobotPlayer.java:268)
[B: #11028@273] 	at battlecode.instrumenter.SandboxedRobotPlayer.lambda$new$2(SandboxedRobotPlayer.java:202)
[B: #11028@273] 	at java.base/java.lang.Thread.run(Thread.java:1583)
[B: #10105@273] Can sense kingLoc [55, 28] ? false at distSquared 97
[B: #12917@273] Sensed 0 robots
[B: #11406@273] Can sense kingLoc [55, 28] ? false at distSquared 73
[B: #13095@273] Sensed 0 robots
[B: #12999@273] Sensed 0 robots
[B: #11545@273] Sensed 0 robots
[B: #12967@273] Can sense kingLoc [55, 28] ? false at distSquared 116
[B: #12962@273] Can sense kingLoc [55, 28] ? false at distSquared 153
[B: #11337@273] Can sense kingLoc [55, 28] ? false at distSquared 160
[B: #10145@273] Can sense kingLoc [55, 28] ? false at distSquared 137
[B: #12940@273] Can sense kingLoc [55, 28] ? false at distSquared 178
[B: #11096@274] Can sense kingLoc [55, 28] ? false at distSquared 130
[B: #13990@274] Going straight to cheese mine at [37, 33]
[B: #11456@274] Sensed 0 robots
[B: #11061@274] Can sense kingLoc [55, 28] ? false at distSquared 90
[B: #12806@274] GameActionException in RobotPlayer:
[B: #12806@274] battlecode.common.GameActionException: Target location is not on the map
[B: #12806@274] 	at battlecode.world.RobotControllerImpl.assertCanSenseLocation(RobotControllerImpl.java:217)
[B: #12806@274] 	at battlecode.world.RobotControllerImpl.senseMapInfo(RobotControllerImpl.java:646)
[B: #12806@274] 	at teacher08a.CatAttacker.runReportBack(CatAttacker.java:185)
[B: #12806@274] 	at teacher08a.CatAttacker.doAction(CatAttacker.java:37)
[B: #12806@274] 	at teacher08a.RobotPlayer.run(RobotPlayer.java:25)
[B: #12806@274] 	at java.base/jdk.internal.reflect.DirectMethodHandleAccessor.invoke(DirectMethodHandleAccessor.java:103)
[B: #12806@274] 	at java.base/java.lang.reflect.Method.invoke(Method.java:580)
[B: #12806@274] 	at battlecode.instrumenter.SandboxedRobotPlayer.loadAndRunPlayerJava(SandboxedRobotPlayer.java:306)
[B: #12806@274] 	at battlecode.instrumenter.SandboxedRobotPlayer.loadAndRunPlayer(SandboxedRobotPlayer.java:268)
[B: #12806@274] 	at battlecode.instrumenter.SandboxedRobotPlayer.lambda$new$2(SandboxedRobotPlayer.java:202)
[B: #12806@274] 	at java.base/java.lang.Thread.run(Thread.java:1583)
[B: #10072@274] Can sense kingLoc [55, 28] ? false at distSquared 109
[B: #11028@274] GameActionException in RobotPlayer:
[B: #11028@274] battlecode.common.GameActionException: Target location is not on the map
[B: #11028@274] 	at battlecode.world.RobotControllerImpl.assertCanSenseLocation(RobotControllerImpl.java:217)
[B: #11028@274] 	at battlecode.world.RobotControllerImpl.senseMapInfo(RobotControllerImpl.java:646)
[B: #11028@274] 	at teacher08a.CatAttacker.runReportBack(CatAttacker.java:185)
[B: #11028@274] 	at teacher08a.CatAttacker.doAction(CatAttacker.java:37)
[B: #11028@274] 	at teacher08a.RobotPlayer.run(RobotPlayer.java:25)
[B: #11028@274] 	at java.base/jdk.internal.reflect.DirectMethodHandleAccessor.invoke(DirectMethodHandleAccessor.java:103)
[B: #11028@274] 	at java.base/java.lang.reflect.Method.invoke(Method.java:580)
[B: #11028@274] 	at battlecode.instrumenter.SandboxedRobotPlayer.loadAndRunPlayerJava(SandboxedRobotPlayer.java:306)
[B: #11028@274] 	at battlecode.instrumenter.SandboxedRobotPlayer.loadAndRunPlayer(SandboxedRobotPlayer.java:268)
[B: #11028@274] 	at battlecode.instrumenter.SandboxedRobotPlayer.lambda$new$2(SandboxedRobotPlayer.java:202)
[B: #11028@274] 	at java.base/java.lang.Thread.run(Thread.java:1583)
[B: #10105@274] Can sense kingLoc [55, 28] ? false at distSquared 97
[B: #12917@274] Sensed 0 robots
[B: #11406@274] Can sense kingLoc [55, 28] ? false at distSquared 73
[B: #13095@274] Sensed 0 robots
[B: #12999@274] Sensed 0 robots
[B: #11545@274] Sensed 0 robots
[B: #12967@274] Can sense kingLoc [55, 28] ? false at distSquared 116
[B: #12962@274] Can sense kingLoc [55, 28] ? false at distSquared 153
[B: #11337@274] Can sense kingLoc [55, 28] ? false at distSquared 160
[B: #10145@274] Can sense kingLoc [55, 28] ? false at distSquared 137
[B: #12940@274] Can sense kingLoc [55, 28] ? false at distSquared 178
[B: #11096@275] Can sense kingLoc [55, 28] ? false at distSquared 130
[B: #13990@275] Going straight to cheese mine at [37, 33]
[B: #11456@275] Sensed 0 robots
[B: #11061@275] Can sense kingLoc [55, 28] ? false at distSquared 90
[B: #12806@275] GameActionException in RobotPlayer:
[B: #12806@275] battlecode.common.GameActionException: Target location is not on the map
[B: #12806@275] 	at battlecode.world.RobotControllerImpl.assertCanSenseLocation(RobotControllerImpl.java:217)
[B: #12806@275] 	at battlecode.world.RobotControllerImpl.senseMapInfo(RobotControllerImpl.java:646)
[B: #12806@275] 	at teacher08a.CatAttacker.runReportBack(CatAttacker.java:185)
[B: #12806@275] 	at teacher08a.CatAttacker.doAction(CatAttacker.java:37)
[B: #12806@275] 	at teacher08a.RobotPlayer.run(RobotPlayer.java:25)
[B: #12806@275] 	at java.base/jdk.internal.reflect.DirectMethodHandleAccessor.invoke(DirectMethodHandleAccessor.java:103)
[B: #12806@275] 	at java.base/java.lang.reflect.Method.invoke(Method.java:580)
[B: #12806@275] 	at battlecode.instrumenter.SandboxedRobotPlayer.loadAndRunPlayerJava(SandboxedRobotPlayer.java:306)
[B: #12806@275] 	at battlecode.instrumenter.SandboxedRobotPlayer.loadAndRunPlayer(SandboxedRobotPlayer.java:268)
[B: #12806@275] 	at battlecode.instrumenter.SandboxedRobotPlayer.lambda$new$2(SandboxedRobotPlayer.java:202)
[B: #12806@275] 	at java.base/java.lang.Thread.run(Thread.java:1583)
[B: #10072@275] Can sense kingLoc [55, 28] ? false at distSquared 109
[B: #11028@275] GameActionException in RobotPlayer:
[B: #11028@275] battlecode.common.GameActionException: Target location is not on the map
[B: #11028@275] 	at battlecode.world.RobotControllerImpl.assertCanSenseLocation(RobotControllerImpl.java:217)
[B: #11028@275] 	at battlecode.world.RobotControllerImpl.senseMapInfo(RobotControllerImpl.java:646)
[B: #11028@275] 	at teacher08a.CatAttacker.runReportBack(CatAttacker.java:185)
[B: #11028@275] 	at teacher08a.CatAttacker.doAction(CatAttacker.java:37)
[B: #11028@275] 	at teacher08a.RobotPlayer.run(RobotPlayer.java:25)
[B: #11028@275] 	at java.base/jdk.internal.reflect.DirectMethodHandleAccessor.invoke(DirectMethodHandleAccessor.java:103)
[B: #11028@275] 	at java.base/java.lang.reflect.Method.invoke(Method.java:580)
[B: #11028@275] 	at battlecode.instrumenter.SandboxedRobotPlayer.loadAndRunPlayerJava(SandboxedRobotPlayer.java:306)
[B: #11028@275] 	at battlecode.instrumenter.SandboxedRobotPlayer.loadAndRunPlayer(SandboxedRobotPlayer.java:268)
[B: #11028@275] 	at battlecode.instrumenter.SandboxedRobotPlayer.lambda$new$2(SandboxedRobotPlayer.java:202)
[B: #11028@275] 	at java.base/java.lang.Thread.run(Thread.java:1583)
[B: #10105@275] Can sense kingLoc [55, 28] ? false at distSquared 97
[B: #12917@275] Sensed 0 robots
[B: #11406@275] Can sense kingLoc [55, 28] ? false at distSquared 73
[B: #13095@275] Sensed 0 robots
[B: #12999@275] Sensed 0 robots
[B: #11545@275] Sensed 0 robots
[B: #12967@275] Can sense kingLoc [55, 28] ? false at distSquared 116
[B: #12962@275] Can sense kingLoc [55, 28] ? false at distSquared 153
[B: #11337@275] Can sense kingLoc [55, 28] ? false at distSquared 160
[B: #10145@275] Can sense kingLoc [55, 28] ? false at distSquared 137
[B: #12940@275] Can sense kingLoc [55, 28] ? false at distSquared 178
[B: #11096@276] Can sense kingLoc [55, 28] ? false at distSquared 130
[B: #13990@276] Going straight to cheese mine at [37, 33]
[B: #11456@276] Sensed 0 robots
[B: #11061@276] Can sense kingLoc [55, 28] ? false at distSquared 90
[B: #12806@276] GameActionException in RobotPlayer:
[B: #12806@276] battlecode.common.GameActionException: Target location is not on the map
[B: #12806@276] 	at battlecode.world.RobotControllerImpl.assertCanSenseLocation(RobotControllerImpl.java:217)
[B: #12806@276] 	at battlecode.world.RobotControllerImpl.senseMapInfo(RobotControllerImpl.java:646)
[B: #12806@276] 	at teacher08a.CatAttacker.runReportBack(CatAttacker.java:185)
[B: #12806@276] 	at teacher08a.CatAttacker.doAction(CatAttacker.java:37)
[B: #12806@276] 	at teacher08a.RobotPlayer.run(RobotPlayer.java:25)
[B: #12806@276] 	at java.base/jdk.internal.reflect.DirectMethodHandleAccessor.invoke(DirectMethodHandleAccessor.java:103)
[B: #12806@276] 	at java.base/java.lang.reflect.Method.invoke(Method.java:580)
[B: #12806@276] 	at battlecode.instrumenter.SandboxedRobotPlayer.loadAndRunPlayerJava(SandboxedRobotPlayer.java:306)
[B: #12806@276] 	at battlecode.instrumenter.SandboxedRobotPlayer.loadAndRunPlayer(SandboxedRobotPlayer.java:268)
[B: #12806@276] 	at battlecode.instrumenter.SandboxedRobotPlayer.lambda$new$2(SandboxedRobotPlayer.java:202)
[B: #12806@276] 	at java.base/java.lang.Thread.run(Thread.java:1583)
[B: #10072@276] Can sense kingLoc [55, 28] ? false at distSquared 109
[B: #11028@276] GameActionException in RobotPlayer:
[B: #11028@276] battlecode.common.GameActionException: Target location is not on the map
[B: #11028@276] 	at battlecode.world.RobotControllerImpl.assertCanSenseLocation(RobotControllerImpl.java:217)
[B: #11028@276] 	at battlecode.world.RobotControllerImpl.senseMapInfo(RobotControllerImpl.java:646)
[B: #11028@276] 	at teacher08a.CatAttacker.runReportBack(CatAttacker.java:185)
[B: #11028@276] 	at teacher08a.CatAttacker.doAction(CatAttacker.java:37)
[B: #11028@276] 	at teacher08a.RobotPlayer.run(RobotPlayer.java:25)
[B: #11028@276] 	at java.base/jdk.internal.reflect.DirectMethodHandleAccessor.invoke(DirectMethodHandleAccessor.java:103)
[B: #11028@276] 	at java.base/java.lang.reflect.Method.invoke(Method.java:580)
[B: #11028@276] 	at battlecode.instrumenter.SandboxedRobotPlayer.loadAndRunPlayerJava(SandboxedRobotPlayer.java:306)
[B: #11028@276] 	at battlecode.instrumenter.SandboxedRobotPlayer.loadAndRunPlayer(SandboxedRobotPlayer.java:268)
[B: #11028@276] 	at battlecode.instrumenter.SandboxedRobotPlayer.lambda$new$2(SandboxedRobotPlayer.java:202)
[B: #11028@276] 	at java.base/java.lang.Thread.run(Thread.java:1583)
[B: #10105@276] Can sense kingLoc [55, 28] ? false at distSquared 97
[B: #12917@276] Sensed 0 robots
[B: #11406@276] Can sense kingLoc [55, 28] ? false at distSquared 73
[B: #13095@276] Sensed 0 robots
[B: #12999@276] Sensed 0 robots
[B: #11545@276] Sensed 0 robots
[B: #12967@276] Can sense kingLoc [55, 28] ? false at distSquared 116
[B: #12962@276] Can sense kingLoc [55, 28] ? false at distSquared 153
[B: #11337@276] Can sense kingLoc [55, 28] ? false at distSquared 160
[B: #10145@276] Can sense kingLoc [55, 28] ? false at distSquared 137
[B: #12940@276] Can sense kingLoc [55, 28] ? false at distSquared 178
[B: #11096@277] Can sense kingLoc [55, 28] ? false at distSquared 130
[B: #13990@277] Going straight to cheese mine at [37, 33]
[B: #11456@277] Sensed 0 robots
[B: #11061@277] Can sense kingLoc [55, 28] ? false at distSquared 90
[B: #12806@277] GameActionException in RobotPlayer:
[B: #12806@277] battlecode.common.GameActionException: Target location is not on the map
[B: #12806@277] 	at battlecode.world.RobotControllerImpl.assertCanSenseLocation(RobotControllerImpl.java:217)
[B: #12806@277] 	at battlecode.world.RobotControllerImpl.senseMapInfo(RobotControllerImpl.java:646)
[B: #12806@277] 	at teacher08a.CatAttacker.runReportBack(CatAttacker.java:185)
[B: #12806@277] 	at teacher08a.CatAttacker.doAction(CatAttacker.java:37)
[B: #12806@277] 	at teacher08a.RobotPlayer.run(RobotPlayer.java:25)
[B: #12806@277] 	at java.base/jdk.internal.reflect.DirectMethodHandleAccessor.invoke(DirectMethodHandleAccessor.java:103)
[B: #12806@277] 	at java.base/java.lang.reflect.Method.invoke(Method.java:580)
[B: #12806@277] 	at battlecode.instrumenter.SandboxedRobotPlayer.loadAndRunPlayerJava(SandboxedRobotPlayer.java:306)
[B: #12806@277] 	at battlecode.instrumenter.SandboxedRobotPlayer.loadAndRunPlayer(SandboxedRobotPlayer.java:268)
[B: #12806@277] 	at battlecode.instrumenter.SandboxedRobotPlayer.lambda$new$2(SandboxedRobotPlayer.java:202)
[B: #12806@277] 	at java.base/java.lang.Thread.run(Thread.java:1583)
[B: #10072@277] Can sense kingLoc [55, 28] ? false at distSquared 109
[B: #11028@277] GameActionException in RobotPlayer:
[B: #11028@277] battlecode.common.GameActionException: Target location is not on the map
[B: #11028@277] 	at battlecode.world.RobotControllerImpl.assertCanSenseLocation(RobotControllerImpl.java:217)
[B: #11028@277] 	at battlecode.world.RobotControllerImpl.senseMapInfo(RobotControllerImpl.java:646)
[B: #11028@277] 	at teacher08a.CatAttacker.runReportBack(CatAttacker.java:185)
[B: #11028@277] 	at teacher08a.CatAttacker.doAction(CatAttacker.java:37)
[B: #11028@277] 	at teacher08a.RobotPlayer.run(RobotPlayer.java:25)
[B: #11028@277] 	at java.base/jdk.internal.reflect.DirectMethodHandleAccessor.invoke(DirectMethodHandleAccessor.java:103)
[B: #11028@277] 	at java.base/java.lang.reflect.Method.invoke(Method.java:580)
[B: #11028@277] 	at battlecode.instrumenter.SandboxedRobotPlayer.loadAndRunPlayerJava(SandboxedRobotPlayer.java:306)
[B: #11028@277] 	at battlecode.instrumenter.SandboxedRobotPlayer.loadAndRunPlayer(SandboxedRobotPlayer.java:268)
[B: #11028@277] 	at battlecode.instrumenter.SandboxedRobotPlayer.lambda$new$2(SandboxedRobotPlayer.java:202)
[B: #11028@277] 	at java.base/java.lang.Thread.run(Thread.java:1583)
[B: #10105@277] Can sense kingLoc [55, 28] ? false at distSquared 97
[B: #12917@277] Sensed 0 robots
[B: #11406@277] Can sense kingLoc [55, 28] ? false at distSquared 73
[B: #13095@277] Sensed 0 robots
[B: #12999@277] Sensed 0 robots
[B: #11545@277] Sensed 0 robots
[B: #12967@277] Can sense kingLoc [55, 28] ? false at distSquared 116
[B: #12962@277] Can sense kingLoc [55, 28] ? false at distSquared 153
[B: #11337@277] Can sense kingLoc [55, 28] ? false at distSquared 160
[B: #10145@277] Can sense kingLoc [55, 28] ? false at distSquared 137
[B: #12940@277] Can sense kingLoc [55, 28] ? false at distSquared 178
[B: #11096@278] Can sense kingLoc [55, 28] ? false at distSquared 130
[B: #13990@278] Going straight to cheese mine at [37, 33]
[B: #11456@278] Sensed 0 robots
[B: #11061@278] Can sense kingLoc [55, 28] ? false at distSquared 90
[B: #12806@278] GameActionException in RobotPlayer:
[B: #12806@278] battlecode.common.GameActionException: Target location is not on the map
[B: #12806@278] 	at battlecode.world.RobotControllerImpl.assertCanSenseLocation(RobotControllerImpl.java:217)
[B: #12806@278] 	at battlecode.world.RobotControllerImpl.senseMapInfo(RobotControllerImpl.java:646)
[B: #12806@278] 	at teacher08a.CatAttacker.runReportBack(CatAttacker.java:185)
[B: #12806@278] 	at teacher08a.CatAttacker.doAction(CatAttacker.java:37)
[B: #12806@278] 	at teacher08a.RobotPlayer.run(RobotPlayer.java:25)
[B: #12806@278] 	at java.base/jdk.internal.reflect.DirectMethodHandleAccessor.invoke(DirectMethodHandleAccessor.java:103)
[B: #12806@278] 	at java.base/java.lang.reflect.Method.invoke(Method.java:580)
[B: #12806@278] 	at battlecode.instrumenter.SandboxedRobotPlayer.loadAndRunPlayerJava(SandboxedRobotPlayer.java:306)
[B: #12806@278] 	at battlecode.instrumenter.SandboxedRobotPlayer.loadAndRunPlayer(SandboxedRobotPlayer.java:268)
[B: #12806@278] 	at battlecode.instrumenter.SandboxedRobotPlayer.lambda$new$2(SandboxedRobotPlayer.java:202)
[B: #12806@278] 	at java.base/java.lang.Thread.run(Thread.java:1583)
[B: #10072@278] Can sense kingLoc [55, 28] ? false at distSquared 109
[B: #11028@278] GameActionException in RobotPlayer:
[B: #11028@278] battlecode.common.GameActionException: Target location is not on the map
[B: #11028@278] 	at battlecode.world.RobotControllerImpl.assertCanSenseLocation(RobotControllerImpl.java:217)
[B: #11028@278] 	at battlecode.world.RobotControllerImpl.senseMapInfo(RobotControllerImpl.java:646)
[B: #11028@278] 	at teacher08a.CatAttacker.runReportBack(CatAttacker.java:185)
[B: #11028@278] 	at teacher08a.CatAttacker.doAction(CatAttacker.java:37)
[B: #11028@278] 	at teacher08a.RobotPlayer.run(RobotPlayer.java:25)
[B: #11028@278] 	at java.base/jdk.internal.reflect.DirectMethodHandleAccessor.invoke(DirectMethodHandleAccessor.java:103)
[B: #11028@278] 	at java.base/java.lang.reflect.Method.invoke(Method.java:580)
[B: #11028@278] 	at battlecode.instrumenter.SandboxedRobotPlayer.loadAndRunPlayerJava(SandboxedRobotPlayer.java:306)
[B: #11028@278] 	at battlecode.instrumenter.SandboxedRobotPlayer.loadAndRunPlayer(SandboxedRobotPlayer.java:268)
[B: #11028@278] 	at battlecode.instrumenter.SandboxedRobotPlayer.lambda$new$2(SandboxedRobotPlayer.java:202)
[B: #11028@278] 	at java.base/java.lang.Thread.run(Thread.java:1583)
[B: #10105@278] Can sense kingLoc [55, 28] ? false at distSquared 97
[B: #12917@278] Sensed 0 robots
[B: #11406@278] Can sense kingLoc [55, 28] ? false at distSquared 73
[B: #13095@278] Sensed 0 robots
[B: #12999@278] Sensed 0 robots
[B: #11545@278] Sensed 0 robots
[B: #12967@278] Can sense kingLoc [55, 28] ? false at distSquared 116
[B: #12962@278] Can sense kingLoc [55, 28] ? false at distSquared 153
[B: #11337@278] Can sense kingLoc [55, 28] ? false at distSquared 160
[B: #10145@278] Can sense kingLoc [55, 28] ? false at distSquared 137
[B: #12940@278] Can sense kingLoc [55, 28] ? false at distSquared 178
[B: #11096@279] Can sense kingLoc [55, 28] ? false at distSquared 130
[B: #13990@279] Going straight to cheese mine at [37, 33]
[B: #11456@279] Sensed 0 robots
[B: #11061@279] Can sense kingLoc [55, 28] ? false at distSquared 90
[B: #12806@279] GameActionException in RobotPlayer:
[B: #12806@279] battlecode.common.GameActionException: Target location is not on the map
[B: #12806@279] 	at battlecode.world.RobotControllerImpl.assertCanSenseLocation(RobotControllerImpl.java:217)
[B: #12806@279] 	at battlecode.world.RobotControllerImpl.senseMapInfo(RobotControllerImpl.java:646)
[B: #12806@279] 	at teacher08a.CatAttacker.runReportBack(CatAttacker.java:185)
[B: #12806@279] 	at teacher08a.CatAttacker.doAction(CatAttacker.java:37)
[B: #12806@279] 	at teacher08a.RobotPlayer.run(RobotPlayer.java:25)
[B: #12806@279] 	at java.base/jdk.internal.reflect.DirectMethodHandleAccessor.invoke(DirectMethodHandleAccessor.java:103)
[B: #12806@279] 	at java.base/java.lang.reflect.Method.invoke(Method.java:580)
[B: #12806@279] 	at battlecode.instrumenter.SandboxedRobotPlayer.loadAndRunPlayerJava(SandboxedRobotPlayer.java:306)
[B: #12806@279] 	at battlecode.instrumenter.SandboxedRobotPlayer.loadAndRunPlayer(SandboxedRobotPlayer.java:268)
[B: #12806@279] 	at battlecode.instrumenter.SandboxedRobotPlayer.lambda$new$2(SandboxedRobotPlayer.java:202)
[B: #12806@279] 	at java.base/java.lang.Thread.run(Thread.java:1583)
[B: #10072@279] Can sense kingLoc [55, 28] ? false at distSquared 109
[B: #11028@279] GameActionException in RobotPlayer:
[B: #11028@279] battlecode.common.GameActionException: Target location is not on the map
[B: #11028@279] 	at battlecode.world.RobotControllerImpl.assertCanSenseLocation(RobotControllerImpl.java:217)
[B: #11028@279] 	at battlecode.world.RobotControllerImpl.senseMapInfo(RobotControllerImpl.java:646)
[B: #11028@279] 	at teacher08a.CatAttacker.runReportBack(CatAttacker.java:185)
[B: #11028@279] 	at teacher08a.CatAttacker.doAction(CatAttacker.java:37)
[B: #11028@279] 	at teacher08a.RobotPlayer.run(RobotPlayer.java:25)
[B: #11028@279] 	at java.base/jdk.internal.reflect.DirectMethodHandleAccessor.invoke(DirectMethodHandleAccessor.java:103)
[B: #11028@279] 	at java.base/java.lang.reflect.Method.invoke(Method.java:580)
[B: #11028@279] 	at battlecode.instrumenter.SandboxedRobotPlayer.loadAndRunPlayerJava(SandboxedRobotPlayer.java:306)
[B: #11028@279] 	at battlecode.instrumenter.SandboxedRobotPlayer.loadAndRunPlayer(SandboxedRobotPlayer.java:268)
[B: #11028@279] 	at battlecode.instrumenter.SandboxedRobotPlayer.lambda$new$2(SandboxedRobotPlayer.java:202)
[B: #11028@279] 	at java.base/java.lang.Thread.run(Thread.java:1583)
[B: #10105@279] Can sense kingLoc [55, 28] ? false at distSquared 97
[B: #12917@279] Sensed 0 robots
[B: #11406@279] Can sense kingLoc [55, 28] ? false at distSquared 73
[B: #13095@279] Sensed 0 robots
[B: #12999@279] Sensed 0 robots
[B: #11545@279] Sensed 0 robots
[B: #12967@279] Can sense kingLoc [55, 28] ? false at distSquared 116
[B: #12962@279] Can sense kingLoc [55, 28] ? false at distSquared 153
[B: #11337@279] Can sense kingLoc [55, 28] ? false at distSquared 160
[B: #10145@279] Can sense kingLoc [55, 28] ? false at distSquared 137
[B: #12940@279] Can sense kingLoc [55, 28] ? false at distSquared 178
[B: #11096@280] Can sense kingLoc [55, 28] ? false at distSquared 130
[B: #13990@280] Going straight to cheese mine at [37, 33]
[B: #11456@280] Sensed 0 robots
[B: #11061@280] Can sense kingLoc [55, 28] ? false at distSquared 90
[B: #12806@280] GameActionException in RobotPlayer:
[B: #12806@280] battlecode.common.GameActionException: Target location is not on the map
[B: #12806@280] 	at battlecode.world.RobotControllerImpl.assertCanSenseLocation(RobotControllerImpl.java:217)
[B: #12806@280] 	at battlecode.world.RobotControllerImpl.senseMapInfo(RobotControllerImpl.java:646)
[B: #12806@280] 	at teacher08a.CatAttacker.runReportBack(CatAttacker.java:185)
[B: #12806@280] 	at teacher08a.CatAttacker.doAction(CatAttacker.java:37)
[B: #12806@280] 	at teacher08a.RobotPlayer.run(RobotPlayer.java:25)
[B: #12806@280] 	at java.base/jdk.internal.reflect.DirectMethodHandleAccessor.invoke(DirectMethodHandleAccessor.java:103)
[B: #12806@280] 	at java.base/java.lang.reflect.Method.invoke(Method.java:580)
[B: #12806@280] 	at battlecode.instrumenter.SandboxedRobotPlayer.loadAndRunPlayerJava(SandboxedRobotPlayer.java:306)
[B: #12806@280] 	at battlecode.instrumenter.SandboxedRobotPlayer.loadAndRunPlayer(SandboxedRobotPlayer.java:268)
[B: #12806@280] 	at battlecode.instrumenter.SandboxedRobotPlayer.lambda$new$2(SandboxedRobotPlayer.java:202)
[B: #12806@280] 	at java.base/java.lang.Thread.run(Thread.java:1583)
[B: #10072@280] Can sense kingLoc [55, 28] ? false at distSquared 109
[B: #11028@280] GameActionException in RobotPlayer:
[B: #11028@280] battlecode.common.GameActionException: Target location is not on the map
[B: #11028@280] 	at battlecode.world.RobotControllerImpl.assertCanSenseLocation(RobotControllerImpl.java:217)
[B: #11028@280] 	at battlecode.world.RobotControllerImpl.senseMapInfo(RobotControllerImpl.java:646)
[B: #11028@280] 	at teacher08a.CatAttacker.runReportBack(CatAttacker.java:185)
[B: #11028@280] 	at teacher08a.CatAttacker.doAction(CatAttacker.java:37)
[B: #11028@280] 	at teacher08a.RobotPlayer.run(RobotPlayer.java:25)
[B: #11028@280] 	at java.base/jdk.internal.reflect.DirectMethodHandleAccessor.invoke(DirectMethodHandleAccessor.java:103)
[B: #11028@280] 	at java.base/java.lang.reflect.Method.invoke(Method.java:580)
[B: #11028@280] 	at battlecode.instrumenter.SandboxedRobotPlayer.loadAndRunPlayerJava(SandboxedRobotPlayer.java:306)
[B: #11028@280] 	at battlecode.instrumenter.SandboxedRobotPlayer.loadAndRunPlayer(SandboxedRobotPlayer.java:268)
[B: #11028@280] 	at battlecode.instrumenter.SandboxedRobotPlayer.lambda$new$2(SandboxedRobotPlayer.java:202)
[B: #11028@280] 	at java.base/java.lang.Thread.run(Thread.java:1583)
[B: #10105@280] Can sense kingLoc [55, 28] ? false at distSquared 97
[B: #12917@280] Sensed 0 robots
[B: #11406@280] Can sense kingLoc [55, 28] ? false at distSquared 73
[B: #13095@280] Sensed 0 robots
[B: #12999@280] Sensed 0 robots
[B: #11545@280] Sensed 0 robots
[B: #12967@280] Can sense kingLoc [55, 28] ? false at distSquared 116
[B: #12962@280] Can sense kingLoc [55, 28] ? false at distSquared 153
[B: #11337@280] Can sense kingLoc [55, 28] ? false at distSquared 160
[B: #10145@280] Can sense kingLoc [55, 28] ? false at distSquared 137
[B: #12940@280] Can sense kingLoc [55, 28] ? false at distSquared 178
[B: #11096@281] Can sense kingLoc [55, 28] ? false at distSquared 130
[B: #13990@281] Going straight to cheese mine at [37, 33]
[B: #11456@281] Sensed 0 robots
[B: #11061@281] Can sense kingLoc [55, 28] ? false at distSquared 90
[B: #12806@281] GameActionException in RobotPlayer:
[B: #12806@281] battlecode.common.GameActionException: Target location is not on the map
[B: #12806@281] 	at battlecode.world.RobotControllerImpl.assertCanSenseLocation(RobotControllerImpl.java:217)
[B: #12806@281] 	at battlecode.world.RobotControllerImpl.senseMapInfo(RobotControllerImpl.java:646)
[B: #12806@281] 	at teacher08a.CatAttacker.runReportBack(CatAttacker.java:185)
[B: #12806@281] 	at teacher08a.CatAttacker.doAction(CatAttacker.java:37)
[B: #12806@281] 	at teacher08a.RobotPlayer.run(RobotPlayer.java:25)
[B: #12806@281] 	at java.base/jdk.internal.reflect.DirectMethodHandleAccessor.invoke(DirectMethodHandleAccessor.java:103)
[B: #12806@281] 	at java.base/java.lang.reflect.Method.invoke(Method.java:580)
[B: #12806@281] 	at battlecode.instrumenter.SandboxedRobotPlayer.loadAndRunPlayerJava(SandboxedRobotPlayer.java:306)
[B: #12806@281] 	at battlecode.instrumenter.SandboxedRobotPlayer.loadAndRunPlayer(SandboxedRobotPlayer.java:268)
[B: #12806@281] 	at battlecode.instrumenter.SandboxedRobotPlayer.lambda$new$2(SandboxedRobotPlayer.java:202)
[B: #12806@281] 	at java.base/java.lang.Thread.run(Thread.java:1583)
[B: #10072@281] Can sense kingLoc [55, 28] ? false at distSquared 109
[B: #11028@281] GameActionException in RobotPlayer:
[B: #11028@281] battlecode.common.GameActionException: Target location is not on the map
[B: #11028@281] 	at battlecode.world.RobotControllerImpl.assertCanSenseLocation(RobotControllerImpl.java:217)
[B: #11028@281] 	at battlecode.world.RobotControllerImpl.senseMapInfo(RobotControllerImpl.java:646)
[B: #11028@281] 	at teacher08a.CatAttacker.runReportBack(CatAttacker.java:185)
[B: #11028@281] 	at teacher08a.CatAttacker.doAction(CatAttacker.java:37)
[B: #11028@281] 	at teacher08a.RobotPlayer.run(RobotPlayer.java:25)
[B: #11028@281] 	at java.base/jdk.internal.reflect.DirectMethodHandleAccessor.invoke(DirectMethodHandleAccessor.java:103)
[B: #11028@281] 	at java.base/java.lang.reflect.Method.invoke(Method.java:580)
[B: #11028@281] 	at battlecode.instrumenter.SandboxedRobotPlayer.loadAndRunPlayerJava(SandboxedRobotPlayer.java:306)
[B: #11028@281] 	at battlecode.instrumenter.SandboxedRobotPlayer.loadAndRunPlayer(SandboxedRobotPlayer.java:268)
[B: #11028@281] 	at battlecode.instrumenter.SandboxedRobotPlayer.lambda$new$2(SandboxedRobotPlayer.java:202)
[B: #11028@281] 	at java.base/java.lang.Thread.run(Thread.java:1583)
[B: #10105@281] Can sense kingLoc [55, 28] ? false at distSquared 97
[B: #12917@281] Sensed 0 robots
[B: #11406@281] Can sense kingLoc [55, 28] ? false at distSquared 73
[B: #13095@281] Sensed 0 robots
[B: #12999@281] Sensed 0 robots
[B: #11545@281] Sensed 0 robots
[B: #12967@281] Can sense kingLoc [55, 28] ? false at distSquared 116
[B: #12962@281] Can sense kingLoc [55, 28] ? false at distSquared 153
[B: #11337@281] Can sense kingLoc [55, 28] ? false at distSquared 160
[B: #10145@281] Can sense kingLoc [55, 28] ? false at distSquared 137
[B: #12940@281] Can sense kingLoc [55, 28] ? false at distSquared 178
[B: #11096@282] Can sense kingLoc [55, 28] ? false at distSquared 130
[B: #13990@282] Going straight to cheese mine at [37, 33]
[B: #11456@282] Sensed 0 robots
[B: #11061@282] Can sense kingLoc [55, 28] ? false at distSquared 90
[B: #12806@282] GameActionException in RobotPlayer:
[B: #12806@282] battlecode.common.GameActionException: Target location is not on the map
[B: #12806@282] 	at battlecode.world.RobotControllerImpl.assertCanSenseLocation(RobotControllerImpl.java:217)
[B: #12806@282] 	at battlecode.world.RobotControllerImpl.senseMapInfo(RobotControllerImpl.java:646)
[B: #12806@282] 	at teacher08a.CatAttacker.runReportBack(CatAttacker.java:185)
[B: #12806@282] 	at teacher08a.CatAttacker.doAction(CatAttacker.java:37)
[B: #12806@282] 	at teacher08a.RobotPlayer.run(RobotPlayer.java:25)
[B: #12806@282] 	at java.base/jdk.internal.reflect.DirectMethodHandleAccessor.invoke(DirectMethodHandleAccessor.java:103)
[B: #12806@282] 	at java.base/java.lang.reflect.Method.invoke(Method.java:580)
[B: #12806@282] 	at battlecode.instrumenter.SandboxedRobotPlayer.loadAndRunPlayerJava(SandboxedRobotPlayer.java:306)
[B: #12806@282] 	at battlecode.instrumenter.SandboxedRobotPlayer.loadAndRunPlayer(SandboxedRobotPlayer.java:268)
[B: #12806@282] 	at battlecode.instrumenter.SandboxedRobotPlayer.lambda$new$2(SandboxedRobotPlayer.java:202)
[B: #12806@282] 	at java.base/java.lang.Thread.run(Thread.java:1583)
[B: #10072@282] Can sense kingLoc [55, 28] ? false at distSquared 109
[B: #11028@282] GameActionException in RobotPlayer:
[B: #11028@282] battlecode.common.GameActionException: Target location is not on the map
[B: #11028@282] 	at battlecode.world.RobotControllerImpl.assertCanSenseLocation(RobotControllerImpl.java:217)
[B: #11028@282] 	at battlecode.world.RobotControllerImpl.senseMapInfo(RobotControllerImpl.java:646)
[B: #11028@282] 	at teacher08a.CatAttacker.runReportBack(CatAttacker.java:185)
[B: #11028@282] 	at teacher08a.CatAttacker.doAction(CatAttacker.java:37)
[B: #11028@282] 	at teacher08a.RobotPlayer.run(RobotPlayer.java:25)
[B: #11028@282] 	at java.base/jdk.internal.reflect.DirectMethodHandleAccessor.invoke(DirectMethodHandleAccessor.java:103)
[B: #11028@282] 	at java.base/java.lang.reflect.Method.invoke(Method.java:580)
[B: #11028@282] 	at battlecode.instrumenter.SandboxedRobotPlayer.loadAndRunPlayerJava(SandboxedRobotPlayer.java:306)
[B: #11028@282] 	at battlecode.instrumenter.SandboxedRobotPlayer.loadAndRunPlayer(SandboxedRobotPlayer.java:268)
[B: #11028@282] 	at battlecode.instrumenter.SandboxedRobotPlayer.lambda$new$2(SandboxedRobotPlayer.java:202)
[B: #11028@282] 	at java.base/java.lang.Thread.run(Thread.java:1583)
[B: #10105@282] Can sense kingLoc [55, 28] ? false at distSquared 97
[B: #12917@282] Sensed 0 robots
[B: #11406@282] Can sense kingLoc [55, 28] ? false at distSquared 73
[B: #13095@282] Sensed 0 robots
[B: #12999@282] Sensed 0 robots
[B: #11545@282] Sensed 0 robots
[B: #12967@282] Can sense kingLoc [55, 28] ? false at distSquared 116
[B: #12962@282] Can sense kingLoc [55, 28] ? false at distSquared 153
[B: #11337@282] Can sense kingLoc [55, 28] ? false at distSquared 160
[B: #10145@282] Can sense kingLoc [55, 28] ? false at distSquared 137
[B: #12940@282] Can sense kingLoc [55, 28] ? false at distSquared 178
[B: #11096@283] Can sense kingLoc [55, 28] ? false at distSquared 130
[B: #13990@283] Going straight to cheese mine at [37, 33]
[B: #11456@283] Sensed 0 robots
[B: #11061@283] Can sense kingLoc [55, 28] ? false at distSquared 90
[B: #12806@283] GameActionException in RobotPlayer:
[B: #12806@283] battlecode.common.GameActionException: Target location is not on the map
[B: #12806@283] 	at battlecode.world.RobotControllerImpl.assertCanSenseLocation(RobotControllerImpl.java:217)
[B: #12806@283] 	at battlecode.world.RobotControllerImpl.senseMapInfo(RobotControllerImpl.java:646)
[B: #12806@283] 	at teacher08a.CatAttacker.runReportBack(CatAttacker.java:185)
[B: #12806@283] 	at teacher08a.CatAttacker.doAction(CatAttacker.java:37)
[B: #12806@283] 	at teacher08a.RobotPlayer.run(RobotPlayer.java:25)
[B: #12806@283] 	at java.base/jdk.internal.reflect.DirectMethodHandleAccessor.invoke(DirectMethodHandleAccessor.java:103)
[B: #12806@283] 	at java.base/java.lang.reflect.Method.invoke(Method.java:580)
[B: #12806@283] 	at battlecode.instrumenter.SandboxedRobotPlayer.loadAndRunPlayerJava(SandboxedRobotPlayer.java:306)
[B: #12806@283] 	at battlecode.instrumenter.SandboxedRobotPlayer.loadAndRunPlayer(SandboxedRobotPlayer.java:268)
[B: #12806@283] 	at battlecode.instrumenter.SandboxedRobotPlayer.lambda$new$2(SandboxedRobotPlayer.java:202)
[B: #12806@283] 	at java.base/java.lang.Thread.run(Thread.java:1583)
[B: #10072@283] Can sense kingLoc [55, 28] ? false at distSquared 109
[B: #11028@283] GameActionException in RobotPlayer:
[B: #11028@283] battlecode.common.GameActionException: Target location is not on the map
[B: #11028@283] 	at battlecode.world.RobotControllerImpl.assertCanSenseLocation(RobotControllerImpl.java:217)
[B: #11028@283] 	at battlecode.world.RobotControllerImpl.senseMapInfo(RobotControllerImpl.java:646)
[B: #11028@283] 	at teacher08a.CatAttacker.runReportBack(CatAttacker.java:185)
[B: #11028@283] 	at teacher08a.CatAttacker.doAction(CatAttacker.java:37)
[B: #11028@283] 	at teacher08a.RobotPlayer.run(RobotPlayer.java:25)
[B: #11028@283] 	at java.base/jdk.internal.reflect.DirectMethodHandleAccessor.invoke(DirectMethodHandleAccessor.java:103)
[B: #11028@283] 	at java.base/java.lang.reflect.Method.invoke(Method.java:580)
[B: #11028@283] 	at battlecode.instrumenter.SandboxedRobotPlayer.loadAndRunPlayerJava(SandboxedRobotPlayer.java:306)
[B: #11028@283] 	at battlecode.instrumenter.SandboxedRobotPlayer.loadAndRunPlayer(SandboxedRobotPlayer.java:268)
[B: #11028@283] 	at battlecode.instrumenter.SandboxedRobotPlayer.lambda$new$2(SandboxedRobotPlayer.java:202)
[B: #11028@283] 	at java.base/java.lang.Thread.run(Thread.java:1583)
[B: #10105@283] Can sense kingLoc [55, 28] ? false at distSquared 97
[B: #12917@283] Sensed 0 robots
[B: #11406@283] Can sense kingLoc [55, 28] ? false at distSquared 73
[B: #13095@283] Sensed 0 robots
[B: #12999@283] Sensed 0 robots
[B: #11545@283] Sensed 0 robots
[B: #12967@283] Can sense kingLoc [55, 28] ? false at distSquared 116
[B: #12962@283] Can sense kingLoc [55, 28] ? false at distSquared 153
[B: #11337@283] Can sense kingLoc [55, 28] ? false at distSquared 160
[B: #10145@283] Can sense kingLoc [55, 28] ? false at distSquared 137
[B: #12940@283] Can sense kingLoc [55, 28] ? false at distSquared 178
[B: #11096@284] Can sense kingLoc [55, 28] ? false at distSquared 130
[B: #13990@284] Going straight to cheese mine at [37, 33]
[B: #11456@284] Sensed 0 robots
[B: #11061@284] Can sense kingLoc [55, 28] ? false at distSquared 90
[B: #12806@284] GameActionException in RobotPlayer:
[B: #12806@284] battlecode.common.GameActionException: Target location is not on the map
[B: #12806@284] 	at battlecode.world.RobotControllerImpl.assertCanSenseLocation(RobotControllerImpl.java:217)
[B: #12806@284] 	at battlecode.world.RobotControllerImpl.senseMapInfo(RobotControllerImpl.java:646)
[B: #12806@284] 	at teacher08a.CatAttacker.runReportBack(CatAttacker.java:185)
[B: #12806@284] 	at teacher08a.CatAttacker.doAction(CatAttacker.java:37)
[B: #12806@284] 	at teacher08a.RobotPlayer.run(RobotPlayer.java:25)
[B: #12806@284] 	at java.base/jdk.internal.reflect.DirectMethodHandleAccessor.invoke(DirectMethodHandleAccessor.java:103)
[B: #12806@284] 	at java.base/java.lang.reflect.Method.invoke(Method.java:580)
[B: #12806@284] 	at battlecode.instrumenter.SandboxedRobotPlayer.loadAndRunPlayerJava(SandboxedRobotPlayer.java:306)
[B: #12806@284] 	at battlecode.instrumenter.SandboxedRobotPlayer.loadAndRunPlayer(SandboxedRobotPlayer.java:268)
[B: #12806@284] 	at battlecode.instrumenter.SandboxedRobotPlayer.lambda$new$2(SandboxedRobotPlayer.java:202)
[B: #12806@284] 	at java.base/java.lang.Thread.run(Thread.java:1583)
[B: #10072@284] Can sense kingLoc [55, 28] ? false at distSquared 109
[B: #11028@284] GameActionException in RobotPlayer:
[B: #11028@284] battlecode.common.GameActionException: Target location is not on the map
[B: #11028@284] 	at battlecode.world.RobotControllerImpl.assertCanSenseLocation(RobotControllerImpl.java:217)
[B: #11028@284] 	at battlecode.world.RobotControllerImpl.senseMapInfo(RobotControllerImpl.java:646)
[B: #11028@284] 	at teacher08a.CatAttacker.runReportBack(CatAttacker.java:185)
[B: #11028@284] 	at teacher08a.CatAttacker.doAction(CatAttacker.java:37)
[B: #11028@284] 	at teacher08a.RobotPlayer.run(RobotPlayer.java:25)
[B: #11028@284] 	at java.base/jdk.internal.reflect.DirectMethodHandleAccessor.invoke(DirectMethodHandleAccessor.java:103)
[B: #11028@284] 	at java.base/java.lang.reflect.Method.invoke(Method.java:580)
[B: #11028@284] 	at battlecode.instrumenter.SandboxedRobotPlayer.loadAndRunPlayerJava(SandboxedRobotPlayer.java:306)
[B: #11028@284] 	at battlecode.instrumenter.SandboxedRobotPlayer.loadAndRunPlayer(SandboxedRobotPlayer.java:268)
[B: #11028@284] 	at battlecode.instrumenter.SandboxedRobotPlayer.lambda$new$2(SandboxedRobotPlayer.java:202)
[B: #11028@284] 	at java.base/java.lang.Thread.run(Thread.java:1583)
[B: #10105@284] Can sense kingLoc [55, 28] ? false at distSquared 97
[B: #12917@284] Sensed 0 robots
[B: #11406@284] Can sense kingLoc [55, 28] ? false at distSquared 73
[B: #13095@284] Sensed 0 robots
[B: #12999@284] Sensed 0 robots
[B: #11545@284] Sensed 0 robots
[B: #12967@284] Can sense kingLoc [55, 28] ? false at distSquared 116
[B: #12962@284] Can sense kingLoc [55, 28] ? false at distSquared 153
[B: #11337@284] Can sense kingLoc [55, 28] ? false at distSquared 160
[B: #10145@284] Can sense kingLoc [55, 28] ? false at distSquared 137
[B: #12940@284] Can sense kingLoc [55, 28] ? false at distSquared 178
[B: #11096@285] Can sense kingLoc [55, 28] ? false at distSquared 130
[B: #13990@285] Going straight to cheese mine at [37, 33]
[B: #11456@285] Sensed 0 robots
[B: #11061@285] Can sense kingLoc [55, 28] ? false at distSquared 90
[B: #12806@285] GameActionException in RobotPlayer:
[B: #12806@285] battlecode.common.GameActionException: Target location is not on the map
[B: #12806@285] 	at battlecode.world.RobotControllerImpl.assertCanSenseLocation(RobotControllerImpl.java:217)
[B: #12806@285] 	at battlecode.world.RobotControllerImpl.senseMapInfo(RobotControllerImpl.java:646)
[B: #12806@285] 	at teacher08a.CatAttacker.runReportBack(CatAttacker.java:185)
[B: #12806@285] 	at teacher08a.CatAttacker.doAction(CatAttacker.java:37)
[B: #12806@285] 	at teacher08a.RobotPlayer.run(RobotPlayer.java:25)
[B: #12806@285] 	at java.base/jdk.internal.reflect.DirectMethodHandleAccessor.invoke(DirectMethodHandleAccessor.java:103)
[B: #12806@285] 	at java.base/java.lang.reflect.Method.invoke(Method.java:580)
[B: #12806@285] 	at battlecode.instrumenter.SandboxedRobotPlayer.loadAndRunPlayerJava(SandboxedRobotPlayer.java:306)
[B: #12806@285] 	at battlecode.instrumenter.SandboxedRobotPlayer.loadAndRunPlayer(SandboxedRobotPlayer.java:268)
[B: #12806@285] 	at battlecode.instrumenter.SandboxedRobotPlayer.lambda$new$2(SandboxedRobotPlayer.java:202)
[B: #12806@285] 	at java.base/java.lang.Thread.run(Thread.java:1583)
[B: #10072@285] Can sense kingLoc [55, 28] ? false at distSquared 109
[B: #11028@285] GameActionException in RobotPlayer:
[B: #11028@285] battlecode.common.GameActionException: Target location is not on the map
[B: #11028@285] 	at battlecode.world.RobotControllerImpl.assertCanSenseLocation(RobotControllerImpl.java:217)
[B: #11028@285] 	at battlecode.world.RobotControllerImpl.senseMapInfo(RobotControllerImpl.java:646)
[B: #11028@285] 	at teacher08a.CatAttacker.runReportBack(CatAttacker.java:185)
[B: #11028@285] 	at teacher08a.CatAttacker.doAction(CatAttacker.java:37)
[B: #11028@285] 	at teacher08a.RobotPlayer.run(RobotPlayer.java:25)
[B: #11028@285] 	at java.base/jdk.internal.reflect.DirectMethodHandleAccessor.invoke(DirectMethodHandleAccessor.java:103)
[B: #11028@285] 	at java.base/java.lang.reflect.Method.invoke(Method.java:580)
[B: #11028@285] 	at battlecode.instrumenter.SandboxedRobotPlayer.loadAndRunPlayerJava(SandboxedRobotPlayer.java:306)
[B: #11028@285] 	at battlecode.instrumenter.SandboxedRobotPlayer.loadAndRunPlayer(SandboxedRobotPlayer.java:268)
[B: #11028@285] 	at battlecode.instrumenter.SandboxedRobotPlayer.lambda$new$2(SandboxedRobotPlayer.java:202)
[B: #11028@285] 	at java.base/java.lang.Thread.run(Thread.java:1583)
[B: #10105@285] Can sense kingLoc [55, 28] ? false at distSquared 97
[B: #12917@285] Sensed 0 robots
[B: #11406@285] Can sense kingLoc [55, 28] ? false at distSquared 73
[B: #13095@285] Sensed 0 robots
[B: #12999@285] Sensed 0 robots
[B: #11545@285] Sensed 0 robots
[B: #12967@285] Can sense kingLoc [55, 28] ? false at distSquared 116
[B: #12962@285] Can sense kingLoc [55, 28] ? false at distSquared 153
[B: #11337@285] Can sense kingLoc [55, 28] ? false at distSquared 160
[B: #10145@285] Can sense kingLoc [55, 28] ? false at distSquared 137
[B: #12940@285] Can sense kingLoc [55, 28] ? false at distSquared 178
[B: #11096@286] Can sense kingLoc [55, 28] ? false at distSquared 130
[B: #13990@286] Going straight to cheese mine at [37, 33]
[B: #11456@286] Sensed 0 robots
[B: #11061@286] Can sense kingLoc [55, 28] ? false at distSquared 90
[B: #12806@286] GameActionException in RobotPlayer:
[B: #12806@286] battlecode.common.GameActionException: Target location is not on the map
[B: #12806@286] 	at battlecode.world.RobotControllerImpl.assertCanSenseLocation(RobotControllerImpl.java:217)
[B: #12806@286] 	at battlecode.world.RobotControllerImpl.senseMapInfo(RobotControllerImpl.java:646)
[B: #12806@286] 	at teacher08a.CatAttacker.runReportBack(CatAttacker.java:185)
[B: #12806@286] 	at teacher08a.CatAttacker.doAction(CatAttacker.java:37)
[B: #12806@286] 	at teacher08a.RobotPlayer.run(RobotPlayer.java:25)
[B: #12806@286] 	at java.base/jdk.internal.reflect.DirectMethodHandleAccessor.invoke(DirectMethodHandleAccessor.java:103)
[B: #12806@286] 	at java.base/java.lang.reflect.Method.invoke(Method.java:580)
[B: #12806@286] 	at battlecode.instrumenter.SandboxedRobotPlayer.loadAndRunPlayerJava(SandboxedRobotPlayer.java:306)
[B: #12806@286] 	at battlecode.instrumenter.SandboxedRobotPlayer.loadAndRunPlayer(SandboxedRobotPlayer.java:268)
[B: #12806@286] 	at battlecode.instrumenter.SandboxedRobotPlayer.lambda$new$2(SandboxedRobotPlayer.java:202)
[B: #12806@286] 	at java.base/java.lang.Thread.run(Thread.java:1583)
[B: #10072@286] Can sense kingLoc [55, 28] ? false at distSquared 109
[B: #11028@286] GameActionException in RobotPlayer:
[B: #11028@286] battlecode.common.GameActionException: Target location is not on the map
[B: #11028@286] 	at battlecode.world.RobotControllerImpl.assertCanSenseLocation(RobotControllerImpl.java:217)
[B: #11028@286] 	at battlecode.world.RobotControllerImpl.senseMapInfo(RobotControllerImpl.java:646)
[B: #11028@286] 	at teacher08a.CatAttacker.runReportBack(CatAttacker.java:185)
[B: #11028@286] 	at teacher08a.CatAttacker.doAction(CatAttacker.java:37)
[B: #11028@286] 	at teacher08a.RobotPlayer.run(RobotPlayer.java:25)
[B: #11028@286] 	at java.base/jdk.internal.reflect.DirectMethodHandleAccessor.invoke(DirectMethodHandleAccessor.java:103)
[B: #11028@286] 	at java.base/java.lang.reflect.Method.invoke(Method.java:580)
[B: #11028@286] 	at battlecode.instrumenter.SandboxedRobotPlayer.loadAndRunPlayerJava(SandboxedRobotPlayer.java:306)
[B: #11028@286] 	at battlecode.instrumenter.SandboxedRobotPlayer.loadAndRunPlayer(SandboxedRobotPlayer.java:268)
[B: #11028@286] 	at battlecode.instrumenter.SandboxedRobotPlayer.lambda$new$2(SandboxedRobotPlayer.java:202)
[B: #11028@286] 	at java.base/java.lang.Thread.run(Thread.java:1583)
[B: #10105@286] Can sense kingLoc [55, 28] ? false at distSquared 97
[B: #12917@286] Sensed 0 robots
[B: #11406@286] Can sense kingLoc [55, 28] ? false at distSquared 73
[B: #13095@286] Sensed 0 robots
[B: #12999@286] Sensed 0 robots
[B: #11545@286] Sensed 0 robots
[B: #12967@286] Can sense kingLoc [55, 28] ? false at distSquared 116
[B: #12962@286] Can sense kingLoc [55, 28] ? false at distSquared 153
[B: #11337@286] Can sense kingLoc [55, 28] ? false at distSquared 160
[B: #10145@286] Can sense kingLoc [55, 28] ? false at distSquared 137
[B: #12940@286] Can sense kingLoc [55, 28] ? false at distSquared 178
[B: #11096@287] Can sense kingLoc [55, 28] ? false at distSquared 130
[B: #13990@287] Going straight to cheese mine at [37, 33]
[B: #11456@287] Sensed 0 robots
[B: #11061@287] Can sense kingLoc [55, 28] ? false at distSquared 90
[B: #12806@287] GameActionException in RobotPlayer:
[B: #12806@287] battlecode.common.GameActionException: Target location is not on the map
[B: #12806@287] 	at battlecode.world.RobotControllerImpl.assertCanSenseLocation(RobotControllerImpl.java:217)
[B: #12806@287] 	at battlecode.world.RobotControllerImpl.senseMapInfo(RobotControllerImpl.java:646)
[B: #12806@287] 	at teacher08a.CatAttacker.runReportBack(CatAttacker.java:185)
[B: #12806@287] 	at teacher08a.CatAttacker.doAction(CatAttacker.java:37)
[B: #12806@287] 	at teacher08a.RobotPlayer.run(RobotPlayer.java:25)
[B: #12806@287] 	at java.base/jdk.internal.reflect.DirectMethodHandleAccessor.invoke(DirectMethodHandleAccessor.java:103)
[B: #12806@287] 	at java.base/java.lang.reflect.Method.invoke(Method.java:580)
[B: #12806@287] 	at battlecode.instrumenter.SandboxedRobotPlayer.loadAndRunPlayerJava(SandboxedRobotPlayer.java:306)
[B: #12806@287] 	at battlecode.instrumenter.SandboxedRobotPlayer.loadAndRunPlayer(SandboxedRobotPlayer.java:268)
[B: #12806@287] 	at battlecode.instrumenter.SandboxedRobotPlayer.lambda$new$2(SandboxedRobotPlayer.java:202)
[B: #12806@287] 	at java.base/java.lang.Thread.run(Thread.java:1583)
[B: #10072@287] Can sense kingLoc [55, 28] ? false at distSquared 109
[B: #11028@287] GameActionException in RobotPlayer:
[B: #11028@287] battlecode.common.GameActionException: Target location is not on the map
[B: #11028@287] 	at battlecode.world.RobotControllerImpl.assertCanSenseLocation(RobotControllerImpl.java:217)
[B: #11028@287] 	at battlecode.world.RobotControllerImpl.senseMapInfo(RobotControllerImpl.java:646)
[B: #11028@287] 	at teacher08a.CatAttacker.runReportBack(CatAttacker.java:185)
[B: #11028@287] 	at teacher08a.CatAttacker.doAction(CatAttacker.java:37)
[B: #11028@287] 	at teacher08a.RobotPlayer.run(RobotPlayer.java:25)
[B: #11028@287] 	at java.base/jdk.internal.reflect.DirectMethodHandleAccessor.invoke(DirectMethodHandleAccessor.java:103)
[B: #11028@287] 	at java.base/java.lang.reflect.Method.invoke(Method.java:580)
[B: #11028@287] 	at battlecode.instrumenter.SandboxedRobotPlayer.loadAndRunPlayerJava(SandboxedRobotPlayer.java:306)
[B: #11028@287] 	at battlecode.instrumenter.SandboxedRobotPlayer.loadAndRunPlayer(SandboxedRobotPlayer.java:268)
[B: #11028@287] 	at battlecode.instrumenter.SandboxedRobotPlayer.lambda$new$2(SandboxedRobotPlayer.java:202)
[B: #11028@287] 	at java.base/java.lang.Thread.run(Thread.java:1583)
[B: #10105@287] Can sense kingLoc [55, 28] ? false at distSquared 97
[B: #12917@287] Sensed 0 robots
[B: #11406@287] Can sense kingLoc [55, 28] ? false at distSquared 73
[B: #13095@287] Sensed 0 robots
[B: #12999@287] Sensed 0 robots
[B: #11545@287] Sensed 0 robots
[B: #12967@287] Can sense kingLoc [55, 28] ? false at distSquared 116
[B: #12962@287] Can sense kingLoc [55, 28] ? false at distSquared 153
[B: #11337@287] Can sense kingLoc [55, 28] ? false at distSquared 160
[B: #10145@287] Can sense kingLoc [55, 28] ? false at distSquared 137
[B: #12940@287] Can sense kingLoc [55, 28] ? false at distSquared 178
[B: #11096@288] Can sense kingLoc [55, 28] ? false at distSquared 130
[B: #13990@288] Going straight to cheese mine at [37, 33]
[B: #11456@288] Sensed 0 robots
[B: #11061@288] Can sense kingLoc [55, 28] ? false at distSquared 90
[B: #12806@288] GameActionException in RobotPlayer:
[B: #12806@288] battlecode.common.GameActionException: Target location is not on the map
[B: #12806@288] 	at battlecode.world.RobotControllerImpl.assertCanSenseLocation(RobotControllerImpl.java:217)
[B: #12806@288] 	at battlecode.world.RobotControllerImpl.senseMapInfo(RobotControllerImpl.java:646)
[B: #12806@288] 	at teacher08a.CatAttacker.runReportBack(CatAttacker.java:185)
[B: #12806@288] 	at teacher08a.CatAttacker.doAction(CatAttacker.java:37)
[B: #12806@288] 	at teacher08a.RobotPlayer.run(RobotPlayer.java:25)
[B: #12806@288] 	at java.base/jdk.internal.reflect.DirectMethodHandleAccessor.invoke(DirectMethodHandleAccessor.java:103)
[B: #12806@288] 	at java.base/java.lang.reflect.Method.invoke(Method.java:580)
[B: #12806@288] 	at battlecode.instrumenter.SandboxedRobotPlayer.loadAndRunPlayerJava(SandboxedRobotPlayer.java:306)
[B: #12806@288] 	at battlecode.instrumenter.SandboxedRobotPlayer.loadAndRunPlayer(SandboxedRobotPlayer.java:268)
[B: #12806@288] 	at battlecode.instrumenter.SandboxedRobotPlayer.lambda$new$2(SandboxedRobotPlayer.java:202)
[B: #12806@288] 	at java.base/java.lang.Thread.run(Thread.java:1583)
[B: #10072@288] Can sense kingLoc [55, 28] ? false at distSquared 109
[B: #11028@288] GameActionException in RobotPlayer:
[B: #11028@288] battlecode.common.GameActionException: Target location is not on the map
[B: #11028@288] 	at battlecode.world.RobotControllerImpl.assertCanSenseLocation(RobotControllerImpl.java:217)
[B: #11028@288] 	at battlecode.world.RobotControllerImpl.senseMapInfo(RobotControllerImpl.java:646)
[B: #11028@288] 	at teacher08a.CatAttacker.runReportBack(CatAttacker.java:185)
[B: #11028@288] 	at teacher08a.CatAttacker.doAction(CatAttacker.java:37)
[B: #11028@288] 	at teacher08a.RobotPlayer.run(RobotPlayer.java:25)
[B: #11028@288] 	at java.base/jdk.internal.reflect.DirectMethodHandleAccessor.invoke(DirectMethodHandleAccessor.java:103)
[B: #11028@288] 	at java.base/java.lang.reflect.Method.invoke(Method.java:580)
[B: #11028@288] 	at battlecode.instrumenter.SandboxedRobotPlayer.loadAndRunPlayerJava(SandboxedRobotPlayer.java:306)
[B: #11028@288] 	at battlecode.instrumenter.SandboxedRobotPlayer.loadAndRunPlayer(SandboxedRobotPlayer.java:268)
[B: #11028@288] 	at battlecode.instrumenter.SandboxedRobotPlayer.lambda$new$2(SandboxedRobotPlayer.java:202)
[B: #11028@288] 	at java.base/java.lang.Thread.run(Thread.java:1583)
[B: #10105@288] Can sense kingLoc [55, 28] ? false at distSquared 97
[B: #12917@288] Sensed 0 robots
[B: #11406@288] Can sense kingLoc [55, 28] ? false at distSquared 73
[B: #13095@288] Sensed 0 robots
[B: #12999@288] Sensed 0 robots
[B: #11545@288] Sensed 0 robots
[B: #12967@288] Can sense kingLoc [55, 28] ? false at distSquared 116
[B: #12962@288] Can sense kingLoc [55, 28] ? false at distSquared 153
[B: #11337@288] Can sense kingLoc [55, 28] ? false at distSquared 160
[B: #10145@288] Can sense kingLoc [55, 28] ? false at distSquared 137
[B: #12940@288] Can sense kingLoc [55, 28] ? false at distSquared 178
[B: #11096@289] Can sense kingLoc [55, 28] ? false at distSquared 130
[B: #13990@289] Going straight to cheese mine at [37, 33]
[B: #11456@289] Sensed 0 robots
[B: #11061@289] Can sense kingLoc [55, 28] ? false at distSquared 90
[B: #12806@289] GameActionException in RobotPlayer:
[B: #12806@289] battlecode.common.GameActionException: Target location is not on the map
[B: #12806@289] 	at battlecode.world.RobotControllerImpl.assertCanSenseLocation(RobotControllerImpl.java:217)
[B: #12806@289] 	at battlecode.world.RobotControllerImpl.senseMapInfo(RobotControllerImpl.java:646)
[B: #12806@289] 	at teacher08a.CatAttacker.runReportBack(CatAttacker.java:185)
[B: #12806@289] 	at teacher08a.CatAttacker.doAction(CatAttacker.java:37)
[B: #12806@289] 	at teacher08a.RobotPlayer.run(RobotPlayer.java:25)
[B: #12806@289] 	at java.base/jdk.internal.reflect.DirectMethodHandleAccessor.invoke(DirectMethodHandleAccessor.java:103)
[B: #12806@289] 	at java.base/java.lang.reflect.Method.invoke(Method.java:580)
[B: #12806@289] 	at battlecode.instrumenter.SandboxedRobotPlayer.loadAndRunPlayerJava(SandboxedRobotPlayer.java:306)
[B: #12806@289] 	at battlecode.instrumenter.SandboxedRobotPlayer.loadAndRunPlayer(SandboxedRobotPlayer.java:268)
[B: #12806@289] 	at battlecode.instrumenter.SandboxedRobotPlayer.lambda$new$2(SandboxedRobotPlayer.java:202)
[B: #12806@289] 	at java.base/java.lang.Thread.run(Thread.java:1583)
[B: #10072@289] Can sense kingLoc [55, 28] ? false at distSquared 109
[B: #11028@289] GameActionException in RobotPlayer:
[B: #11028@289] battlecode.common.GameActionException: Target location is not on the map
[B: #11028@289] 	at battlecode.world.RobotControllerImpl.assertCanSenseLocation(RobotControllerImpl.java:217)
[B: #11028@289] 	at battlecode.world.RobotControllerImpl.senseMapInfo(RobotControllerImpl.java:646)
[B: #11028@289] 	at teacher08a.CatAttacker.runReportBack(CatAttacker.java:185)
[B: #11028@289] 	at teacher08a.CatAttacker.doAction(CatAttacker.java:37)
[B: #11028@289] 	at teacher08a.RobotPlayer.run(RobotPlayer.java:25)
[B: #11028@289] 	at java.base/jdk.internal.reflect.DirectMethodHandleAccessor.invoke(DirectMethodHandleAccessor.java:103)
[B: #11028@289] 	at java.base/java.lang.reflect.Method.invoke(Method.java:580)
[B: #11028@289] 	at battlecode.instrumenter.SandboxedRobotPlayer.loadAndRunPlayerJava(SandboxedRobotPlayer.java:306)
[B: #11028@289] 	at battlecode.instrumenter.SandboxedRobotPlayer.loadAndRunPlayer(SandboxedRobotPlayer.java:268)
[B: #11028@289] 	at battlecode.instrumenter.SandboxedRobotPlayer.lambda$new$2(SandboxedRobotPlayer.java:202)
[B: #11028@289] 	at java.base/java.lang.Thread.run(Thread.java:1583)
[B: #10105@289] Can sense kingLoc [55, 28] ? false at distSquared 97
[B: #12917@289] Sensed 0 robots
[B: #11406@289] Can sense kingLoc [55, 28] ? false at distSquared 73
[B: #13095@289] Sensed 1 robots
[B: #13095@289] Found cat at [35, 8]
[B: #12999@289] Sensed 0 robots
[B: #11545@289] Sensed 0 robots
[B: #12967@289] Can sense kingLoc [55, 28] ? false at distSquared 116
[B: #12962@289] Can sense kingLoc [55, 28] ? false at distSquared 153
[B: #11337@289] Can sense kingLoc [55, 28] ? false at distSquared 160
[B: #10145@289] Can sense kingLoc [55, 28] ? false at distSquared 137
[B: #12940@289] Can sense kingLoc [55, 28] ? false at distSquared 178
[B: #11096@290] Can sense kingLoc [55, 28] ? false at distSquared 130
[B: #13990@290] Going straight to cheese mine at [37, 33]
[B: #11456@290] Sensed 0 robots
[B: #11061@290] Can sense kingLoc [55, 28] ? false at distSquared 90
[B: #12806@290] From [9, 0] Sent a squeak 17416 for cat at [16, 8]
[B: #12806@290] GameActionException in RobotPlayer:
[B: #12806@290] battlecode.common.GameActionException: Target location is not on the map
[B: #12806@290] 	at battlecode.world.RobotControllerImpl.assertCanSenseLocation(RobotControllerImpl.java:217)
[B: #12806@290] 	at battlecode.world.RobotControllerImpl.senseMapInfo(RobotControllerImpl.java:646)
[B: #12806@290] 	at teacher08a.CatAttacker.runReportBack(CatAttacker.java:185)
[B: #12806@290] 	at teacher08a.CatAttacker.doAction(CatAttacker.java:37)
[B: #12806@290] 	at teacher08a.RobotPlayer.run(RobotPlayer.java:25)
[B: #12806@290] 	at java.base/jdk.internal.reflect.DirectMethodHandleAccessor.invoke(DirectMethodHandleAccessor.java:103)
[B: #12806@290] 	at java.base/java.lang.reflect.Method.invoke(Method.java:580)
[B: #12806@290] 	at battlecode.instrumenter.SandboxedRobotPlayer.loadAndRunPlayerJava(SandboxedRobotPlayer.java:306)
[B: #12806@290] 	at battlecode.instrumenter.SandboxedRobotPlayer.loadAndRunPlayer(SandboxedRobotPlayer.java:268)
[B: #12806@290] 	at battlecode.instrumenter.SandboxedRobotPlayer.lambda$new$2(SandboxedRobotPlayer.java:202)
[B: #12806@290] 	at java.base/java.lang.Thread.run(Thread.java:1583)
[B: #10072@290] Can sense kingLoc [55, 28] ? false at distSquared 109
[B: #11028@290] GameActionException in RobotPlayer:
[B: #11028@290] battlecode.common.GameActionException: Target location is not on the map
[B: #11028@290] 	at battlecode.world.RobotControllerImpl.assertCanSenseLocation(RobotControllerImpl.java:217)
[B: #11028@290] 	at battlecode.world.RobotControllerImpl.senseMapInfo(RobotControllerImpl.java:646)
[B: #11028@290] 	at teacher08a.CatAttacker.runReportBack(CatAttacker.java:185)
[B: #11028@290] 	at teacher08a.CatAttacker.doAction(CatAttacker.java:37)
[B: #11028@290] 	at teacher08a.RobotPlayer.run(RobotPlayer.java:25)
[B: #11028@290] 	at java.base/jdk.internal.reflect.DirectMethodHandleAccessor.invoke(DirectMethodHandleAccessor.java:103)
[B: #11028@290] 	at java.base/java.lang.reflect.Method.invoke(Method.java:580)
[B: #11028@290] 	at battlecode.instrumenter.SandboxedRobotPlayer.loadAndRunPlayerJava(SandboxedRobotPlayer.java:306)
[B: #11028@290] 	at battlecode.instrumenter.SandboxedRobotPlayer.loadAndRunPlayer(SandboxedRobotPlayer.java:268)
[B: #11028@290] 	at battlecode.instrumenter.SandboxedRobotPlayer.lambda$new$2(SandboxedRobotPlayer.java:202)
[B: #11028@290] 	at java.base/java.lang.Thread.run(Thread.java:1583)
[B: #10105@290] Can sense kingLoc [55, 28] ? false at distSquared 97
[B: #12917@290] Sensed 0 robots
[B: #11406@290] Can sense kingLoc [55, 28] ? false at distSquared 73
[B: #13095@290] Sensed 1 robots
[B: #13095@290] Found cat at [34, 8]
[B: #13095@290] Reporting back with dice 9
[B: #12999@290] Sensed 0 robots
[B: #11545@290] Sensed 0 robots
[B: #12967@290] Can sense kingLoc [55, 28] ? false at distSquared 116
[B: #12962@290] Can sense kingLoc [55, 28] ? false at distSquared 153
[B: #11337@290] Can sense kingLoc [55, 28] ? false at distSquared 160
[B: #10145@290] Can sense kingLoc [55, 28] ? false at distSquared 137
[B: #12940@290] Can sense kingLoc [55, 28] ? false at distSquared 178
[B: #11096@291] Can sense kingLoc [55, 28] ? false at distSquared 130
[B: #13990@291] Going straight to cheese mine at [37, 33]
[B: #11456@291] Sensed 0 robots
[B: #11061@291] Can sense kingLoc [55, 28] ? false at distSquared 90
[B: #12806@291] Sensed 3 robots
[B: #12806@291] Received 0 messages
[B: #12806@291] Received 0 messages
[B: #12806@291] Received 0 messages
[B: #12806@291] Found cat at [16, 8]
[B: #10072@291] Can sense kingLoc [55, 28] ? false at distSquared 109
[B: #11028@291] GameActionException in RobotPlayer:
[B: #11028@291] battlecode.common.GameActionException: Target location is not on the map
[B: #11028@291] 	at battlecode.world.RobotControllerImpl.assertCanSenseLocation(RobotControllerImpl.java:217)
[B: #11028@291] 	at battlecode.world.RobotControllerImpl.senseMapInfo(RobotControllerImpl.java:646)
[B: #11028@291] 	at teacher08a.CatAttacker.runReportBack(CatAttacker.java:185)
[B: #11028@291] 	at teacher08a.CatAttacker.doAction(CatAttacker.java:37)
[B: #11028@291] 	at teacher08a.RobotPlayer.run(RobotPlayer.java:25)
[B: #11028@291] 	at java.base/jdk.internal.reflect.DirectMethodHandleAccessor.invoke(DirectMethodHandleAccessor.java:103)
[B: #11028@291] 	at java.base/java.lang.reflect.Method.invoke(Method.java:580)
[B: #11028@291] 	at battlecode.instrumenter.SandboxedRobotPlayer.loadAndRunPlayerJava(SandboxedRobotPlayer.java:306)
[B: #11028@291] 	at battlecode.instrumenter.SandboxedRobotPlayer.loadAndRunPlayer(SandboxedRobotPlayer.java:268)
[B: #11028@291] 	at battlecode.instrumenter.SandboxedRobotPlayer.lambda$new$2(SandboxedRobotPlayer.java:202)
[B: #11028@291] 	at java.base/java.lang.Thread.run(Thread.java:1583)
[B: #10105@291] Can sense kingLoc [55, 28] ? false at distSquared 97
[B: #12917@291] Sensed 0 robots
[B: #11406@291] Can sense kingLoc [55, 28] ? false at distSquared 73
[B: #12999@291] Sensed 0 robots
[B: #11545@291] Sensed 0 robots
[B: #12967@291] Can sense kingLoc [55, 28] ? false at distSquared 116
[B: #12962@291] Can sense kingLoc [55, 28] ? false at distSquared 153
[B: #11337@291] Can sense kingLoc [55, 28] ? false at distSquared 160
[B: #10145@291] Can sense kingLoc [55, 28] ? false at distSquared 137
[B: #12940@291] Can sense kingLoc [55, 28] ? false at distSquared 178
[B: #11096@292] Can sense kingLoc [55, 28] ? false at distSquared 130
[B: #13990@292] Going straight to cheese mine at [37, 33]
[B: #11456@292] Sensed 1 robots
[B: #11456@292] Received 0 messages
[B: #11061@292] Can sense kingLoc [55, 28] ? false at distSquared 90
[B: #12806@292] Sensed 1 robots
[B: #12806@292] Received 0 messages
[B: #12806@292] Found cat at [16, 8]
[B: #10072@292] Can sense kingLoc [55, 28] ? false at distSquared 109
[B: #11028@292] GameActionException in RobotPlayer:
[B: #11028@292] battlecode.common.GameActionException: Target location is not on the map
[B: #11028@292] 	at battlecode.world.RobotControllerImpl.assertCanSenseLocation(RobotControllerImpl.java:217)
[B: #11028@292] 	at battlecode.world.RobotControllerImpl.senseMapInfo(RobotControllerImpl.java:646)
[B: #11028@292] 	at teacher08a.CatAttacker.runReportBack(CatAttacker.java:185)
[B: #11028@292] 	at teacher08a.CatAttacker.doAction(CatAttacker.java:37)
[B: #11028@292] 	at teacher08a.RobotPlayer.run(RobotPlayer.java:25)
[B: #11028@292] 	at java.base/jdk.internal.reflect.DirectMethodHandleAccessor.invoke(DirectMethodHandleAccessor.java:103)
[B: #11028@292] 	at java.base/java.lang.reflect.Method.invoke(Method.java:580)
[B: #11028@292] 	at battlecode.instrumenter.SandboxedRobotPlayer.loadAndRunPlayerJava(SandboxedRobotPlayer.java:306)
[B: #11028@292] 	at battlecode.instrumenter.SandboxedRobotPlayer.loadAndRunPlayer(SandboxedRobotPlayer.java:268)
[B: #11028@292] 	at battlecode.instrumenter.SandboxedRobotPlayer.lambda$new$2(SandboxedRobotPlayer.java:202)
[B: #11028@292] 	at java.base/java.lang.Thread.run(Thread.java:1583)
[B: #10105@292] Can sense kingLoc [55, 28] ? false at distSquared 97
[B: #12917@292] Sensed 0 robots
[B: #11406@292] Can sense kingLoc [55, 28] ? false at distSquared 73
[B: #12999@292] Sensed 0 robots
[B: #11545@292] Sensed 0 robots
[B: #12967@292] Can sense kingLoc [55, 28] ? false at distSquared 116
[B: #12962@292] Can sense kingLoc [55, 28] ? false at distSquared 153
[B: #11337@292] Can sense kingLoc [55, 28] ? false at distSquared 160
[B: #10145@292] Can sense kingLoc [55, 28] ? false at distSquared 137
[B: #12940@292] Can sense kingLoc [55, 28] ? false at distSquared 178
[B: #11096@293] Can sense kingLoc [55, 28] ? false at distSquared 130
[B: #13990@293] Going straight to cheese mine at [37, 33]
[B: #11456@293] Sensed 1 robots
[B: #11456@293] Received 0 messages
[B: #11061@293] Can sense kingLoc [55, 28] ? false at distSquared 90
[B: #12806@293] Sensed 1 robots
[B: #12806@293] Received 0 messages
[B: #12806@293] Found cat at [16, 8]
[B: #10072@293] Can sense kingLoc [55, 28] ? false at distSquared 109
[B: #11028@293] GameActionException in RobotPlayer:
[B: #11028@293] battlecode.common.GameActionException: Target location is not on the map
[B: #11028@293] 	at battlecode.world.RobotControllerImpl.assertCanSenseLocation(RobotControllerImpl.java:217)
[B: #11028@293] 	at battlecode.world.RobotControllerImpl.senseMapInfo(RobotControllerImpl.java:646)
[B: #11028@293] 	at teacher08a.CatAttacker.runReportBack(CatAttacker.java:185)
[B: #11028@293] 	at teacher08a.CatAttacker.doAction(CatAttacker.java:37)
[B: #11028@293] 	at teacher08a.RobotPlayer.run(RobotPlayer.java:25)
[B: #11028@293] 	at java.base/jdk.internal.reflect.DirectMethodHandleAccessor.invoke(DirectMethodHandleAccessor.java:103)
[B: #11028@293] 	at java.base/java.lang.reflect.Method.invoke(Method.java:580)
[B: #11028@293] 	at battlecode.instrumenter.SandboxedRobotPlayer.loadAndRunPlayerJava(SandboxedRobotPlayer.java:306)
[B: #11028@293] 	at battlecode.instrumenter.SandboxedRobotPlayer.loadAndRunPlayer(SandboxedRobotPlayer.java:268)
[B: #11028@293] 	at battlecode.instrumenter.SandboxedRobotPlayer.lambda$new$2(SandboxedRobotPlayer.java:202)
[B: #11028@293] 	at java.base/java.lang.Thread.run(Thread.java:1583)
[B: #10105@293] Can sense kingLoc [55, 28] ? false at distSquared 97
[B: #12917@293] Sensed 0 robots
[B: #11406@293] Can sense kingLoc [55, 28] ? false at distSquared 73
[B: #12999@293] Sensed 0 robots
[B: #11545@293] Sensed 0 robots
[B: #12967@293] Can sense kingLoc [55, 28] ? false at distSquared 116
[B: #12962@293] Can sense kingLoc [55, 28] ? false at distSquared 153
[B: #11337@293] Can sense kingLoc [55, 28] ? false at distSquared 160
[B: #10145@293] Can sense kingLoc [55, 28] ? false at distSquared 137
[B: #12940@293] Can sense kingLoc [55, 28] ? false at distSquared 178
[B: #11096@294] Can sense kingLoc [55, 28] ? false at distSquared 130
[B: #13990@294] Going straight to cheese mine at [37, 33]
[B: #11456@294] Sensed 0 robots
[B: #11061@294] Can sense kingLoc [55, 28] ? false at distSquared 90
[B: #12806@294] Sensed 0 robots
[B: #12806@294] Found cat at [16, 8]
[B: #10072@294] Can sense kingLoc [55, 28] ? false at distSquared 109
[B: #11028@294] GameActionException in RobotPlayer:
[B: #11028@294] battlecode.common.GameActionException: Target location is not on the map
[B: #11028@294] 	at battlecode.world.RobotControllerImpl.assertCanSenseLocation(RobotControllerImpl.java:217)
[B: #11028@294] 	at battlecode.world.RobotControllerImpl.senseMapInfo(RobotControllerImpl.java:646)
[B: #11028@294] 	at teacher08a.CatAttacker.runReportBack(CatAttacker.java:185)
[B: #11028@294] 	at teacher08a.CatAttacker.doAction(CatAttacker.java:37)
[B: #11028@294] 	at teacher08a.RobotPlayer.run(RobotPlayer.java:25)
[B: #11028@294] 	at java.base/jdk.internal.reflect.DirectMethodHandleAccessor.invoke(DirectMethodHandleAccessor.java:103)
[B: #11028@294] 	at java.base/java.lang.reflect.Method.invoke(Method.java:580)
[B: #11028@294] 	at battlecode.instrumenter.SandboxedRobotPlayer.loadAndRunPlayerJava(SandboxedRobotPlayer.java:306)
[B: #11028@294] 	at battlecode.instrumenter.SandboxedRobotPlayer.loadAndRunPlayer(SandboxedRobotPlayer.java:268)
[B: #11028@294] 	at battlecode.instrumenter.SandboxedRobotPlayer.lambda$new$2(SandboxedRobotPlayer.java:202)
[B: #11028@294] 	at java.base/java.lang.Thread.run(Thread.java:1583)
[B: #10105@294] Can sense kingLoc [55, 28] ? false at distSquared 97
[B: #12917@294] Sensed 0 robots
[B: #11406@294] Can sense kingLoc [55, 28] ? false at distSquared 73
[B: #12999@294] Sensed 0 robots
[B: #11545@294] Sensed 0 robots
[B: #12967@294] Can sense kingLoc [55, 28] ? false at distSquared 116
[B: #12962@294] Can sense kingLoc [55, 28] ? false at distSquared 153
[B: #11337@294] Can sense kingLoc [55, 28] ? false at distSquared 160
[B: #10145@294] Can sense kingLoc [55, 28] ? false at distSquared 137
[B: #12940@294] Can sense kingLoc [55, 28] ? false at distSquared 178
[B: #11096@295] Can sense kingLoc [55, 28] ? false at distSquared 130
[B: #13990@295] Going straight to cheese mine at [37, 33]
[B: #11456@295] Sensed 1 robots
[B: #11456@295] Received 0 messages
[B: #11061@295] Can sense kingLoc [55, 28] ? false at distSquared 90
[B: #12806@295] Sensed 0 robots
[B: #12806@295] Found cat at [16, 8]
[B: #10072@295] Can sense kingLoc [55, 28] ? false at distSquared 109
[B: #11028@295] GameActionException in RobotPlayer:
[B: #11028@295] battlecode.common.GameActionException: Target location is not on the map
[B: #11028@295] 	at battlecode.world.RobotControllerImpl.assertCanSenseLocation(RobotControllerImpl.java:217)
[B: #11028@295] 	at battlecode.world.RobotControllerImpl.senseMapInfo(RobotControllerImpl.java:646)
[B: #11028@295] 	at teacher08a.CatAttacker.runReportBack(CatAttacker.java:185)
[B: #11028@295] 	at teacher08a.CatAttacker.doAction(CatAttacker.java:37)
[B: #11028@295] 	at teacher08a.RobotPlayer.run(RobotPlayer.java:25)
[B: #11028@295] 	at java.base/jdk.internal.reflect.DirectMethodHandleAccessor.invoke(DirectMethodHandleAccessor.java:103)
[B: #11028@295] 	at java.base/java.lang.reflect.Method.invoke(Method.java:580)
[B: #11028@295] 	at battlecode.instrumenter.SandboxedRobotPlayer.loadAndRunPlayerJava(SandboxedRobotPlayer.java:306)
[B: #11028@295] 	at battlecode.instrumenter.SandboxedRobotPlayer.loadAndRunPlayer(SandboxedRobotPlayer.java:268)
[B: #11028@295] 	at battlecode.instrumenter.SandboxedRobotPlayer.lambda$new$2(SandboxedRobotPlayer.java:202)
[B: #11028@295] 	at java.base/java.lang.Thread.run(Thread.java:1583)
[B: #10105@295] Can sense kingLoc [55, 28] ? false at distSquared 97
[B: #12917@295] Sensed 0 robots
[B: #11406@295] Can sense kingLoc [55, 28] ? false at distSquared 73
[B: #12999@295] Sensed 0 robots
[B: #11545@295] Sensed 0 robots
[B: #12967@295] Can sense kingLoc [55, 28] ? false at distSquared 116
[B: #12962@295] Can sense kingLoc [55, 28] ? false at distSquared 153
[B: #11337@295] Can sense kingLoc [55, 28] ? false at distSquared 160
[B: #10145@295] Can sense kingLoc [55, 28] ? false at distSquared 137
[B: #12940@295] Can sense kingLoc [55, 28] ? false at distSquared 178
[server]                immortal_chariot (A) wins (round 295)
[server] Reason: The winning team destroyed all of the enemy team's rat kings.
[server] -------------------- Match Finished --------------------
Closed: /[0:0:0:0:0:0:0:1]:63559 for 

> Task :runJava
> Task :run

BUILD SUCCESSFUL in 10s
2 actionable tasks: 2 executed
