> Task :compileJava UP-TO-DATE
> Task :compileScala NO-SOURCE
> Task :processResources NO-SOURCE
> Task :classes UP-TO-DATE

> Task :runJavaLocal
[server] -------------------- Match Starting --------------------
[server] shredders vs. teacher08a on canyoudig
[B: #11594@2] Sensed 0 robots
[B: #11594@3] Sensed 1 robots
[B: #11594@3] Found cat at [15, 8]
[B: #11594@4] Sensed 1 robots
[B: #11594@4] Found cat at [15, 8]
[B: #11594@5] Sensed 1 robots
[B: #11594@5] Found cat at [14, 7]
[B: #11594@6] Sensed 1 robots
[B: #11594@6] Found cat at [14, 7]
[B: #11594@7] Sensed 1 robots
[B: #11594@7] Found cat at [13, 6]
[B: #11594@8] Sensed 1 robots
[B: #11594@8] Found cat at [13, 6]
[B: #11594@9] Sensed 1 robots
[B: #11594@9] Found cat at [12, 6]
[B: #11594@10] Sensed 1 robots
[B: #11594@10] Found cat at [12, 6]
[B: #11594@11] Sensed 1 robots
[B: #11594@11] Found cat at [12, 6]
[B: #11594@12] Sensed 1 robots
[B: #11594@12] Found cat at [12, 6]
[B: #10520@12] Sensed 0 robots
[B: #11594@13] Sensed 1 robots
[B: #11594@13] Found cat at [12, 6]
[B: #10520@13] Sensed 1 robots
[B: #10520@13] Received 0 messages
[B: #11594@14] Sensed 1 robots
[B: #11594@14] Found cat at [12, 6]
[B: #10520@14] Sensed 2 robots
[B: #10520@14] Received 0 messages
[B: #10520@14] Found cat at [12, 6]
[B: #10520@15] Sensed 1 robots
[B: #10520@15] Found cat at [14, 6]
[B: #10520@16] Sensed 1 robots
[B: #10520@16] Found cat at [14, 6]
[B: #10520@17] Sensed 1 robots
[B: #10520@17] Found cat at [14, 6]
[B: #10520@18] Sensed 2 robots
[B: #10520@18] Received 0 messages
[B: #10520@18] Found cat at [14, 6]
[B: #10520@19] Sensed 1 robots
[B: #10520@19] Found cat at [14, 6]
[B: #10520@20] Sensed 1 robots
[B: #10520@20] Found cat at [13, 6]
[B: #10520@21] Sensed 1 robots
[B: #10520@21] Found cat at [13, 6]
[B: #10520@22] Sensed 1 robots
[B: #10520@22] Found cat at [12, 6]
[B: #12649@22] Sensed 0 robots
[A: #12869@23] Found a new cheese mine at [2, 2]
[B: #10520@23] Sensed 1 robots
[B: #10520@23] Found cat at [12, 6]
[B: #12649@23] Sensed 1 robots
[B: #12649@23] Received 0 messages
[B: #10520@24] Sensed 2 robots
[B: #10520@24] Received 0 messages
[B: #10520@24] Found cat at [12, 6]
[B: #12649@24] Sensed 1 robots
[B: #12649@24] Received 0 messages
[B: #10520@25] Sensed 1 robots
[B: #10520@25] Found cat at [11, 5]
[B: #12649@25] Sensed 0 robots
[B: #10520@26] Sensed 1 robots
[B: #10520@26] Found cat at [10, 4]
[B: #12649@26] Sensed 0 robots
[B: #10520@27] Sensed 1 robots
[B: #10520@27] Found cat at [10, 4]
[B: #10520@27] Reporting back with dice 9
[B: #12649@27] Sensed 0 robots
[B: #12649@28] Sensed 0 robots
[B: #12649@29] Sensed 1 robots
[B: #12649@29] Found cat at [8, 14]
[B: #12649@30] Sensed 3 robots
[B: #12649@30] Found cat at [8, 14]
[B: #12649@31] Sensed 3 robots
[B: #12649@31] Found cat at [9, 15]
[B: #12649@32] Sensed 6 robots
[B: #12649@32] Found cat at [9, 15]
[B: #12649@32] Attacking cat at [9, 15]
[B: #11254@32] Sensed 0 robots
[B: #12649@33] Sensed 2 robots
[B: #12649@33] Found cat at [10, 16]
[B: #11254@33] Sensed 0 robots
[B: #12649@34] Sensed 1 robots
[B: #12649@34] Found cat at [10, 16]
[B: #12649@34] Attacking cat at [10, 16]
[B: #11254@34] Sensed 0 robots
[B: #10520@35] GameActionException in RobotPlayer:
[B: #10520@35] battlecode.common.GameActionException: Target location is not on the map
[B: #10520@35] 	at battlecode.world.RobotControllerImpl.assertCanSenseLocation(RobotControllerImpl.java:217)
[B: #10520@35] 	at battlecode.world.RobotControllerImpl.senseMapInfo(RobotControllerImpl.java:646)
[B: #10520@35] 	at teacher08a.CatAttacker.runReportBack(CatAttacker.java:185)
[B: #10520@35] 	at teacher08a.CatAttacker.doAction(CatAttacker.java:37)
[B: #10520@35] 	at teacher08a.RobotPlayer.run(RobotPlayer.java:25)
[B: #10520@35] 	at java.base/jdk.internal.reflect.DirectMethodHandleAccessor.invoke(DirectMethodHandleAccessor.java:103)
[B: #10520@35] 	at java.base/java.lang.reflect.Method.invoke(Method.java:580)
[B: #10520@35] 	at battlecode.instrumenter.SandboxedRobotPlayer.loadAndRunPlayerJava(SandboxedRobotPlayer.java:306)
[B: #10520@35] 	at battlecode.instrumenter.SandboxedRobotPlayer.loadAndRunPlayer(SandboxedRobotPlayer.java:268)
[B: #10520@35] 	at battlecode.instrumenter.SandboxedRobotPlayer.lambda$new$2(SandboxedRobotPlayer.java:202)
[B: #10520@35] 	at java.base/java.lang.Thread.run(Thread.java:1583)
[B: #12649@35] Sensed 2 robots
[B: #12649@35] Found cat at [11, 16]
[B: #12649@35] Attacking cat at [11, 16]
[B: #11254@35] Sensed 0 robots
[B: #10520@36] GameActionException in RobotPlayer:
[B: #10520@36] battlecode.common.GameActionException: Target location is not on the map
[B: #10520@36] 	at battlecode.world.RobotControllerImpl.assertCanSenseLocation(RobotControllerImpl.java:217)
[B: #10520@36] 	at battlecode.world.RobotControllerImpl.senseMapInfo(RobotControllerImpl.java:646)
[B: #10520@36] 	at teacher08a.CatAttacker.runReportBack(CatAttacker.java:185)
[B: #10520@36] 	at teacher08a.CatAttacker.doAction(CatAttacker.java:37)
[B: #10520@36] 	at teacher08a.RobotPlayer.run(RobotPlayer.java:25)
[B: #10520@36] 	at java.base/jdk.internal.reflect.DirectMethodHandleAccessor.invoke(DirectMethodHandleAccessor.java:103)
[B: #10520@36] 	at java.base/java.lang.reflect.Method.invoke(Method.java:580)
[B: #10520@36] 	at battlecode.instrumenter.SandboxedRobotPlayer.loadAndRunPlayerJava(SandboxedRobotPlayer.java:306)
[B: #10520@36] 	at battlecode.instrumenter.SandboxedRobotPlayer.loadAndRunPlayer(SandboxedRobotPlayer.java:268)
[B: #10520@36] 	at battlecode.instrumenter.SandboxedRobotPlayer.lambda$new$2(SandboxedRobotPlayer.java:202)
[B: #10520@36] 	at java.base/java.lang.Thread.run(Thread.java:1583)
[B: #12649@36] Sensed 2 robots
[B: #12649@36] Found cat at [11, 16]
[B: #12649@36] Attacking cat at [11, 16]
[A: #14030@36] Found a new cheese mine at [2, 2]
[B: #11254@36] Sensed 0 robots
[B: #10520@37] GameActionException in RobotPlayer:
[B: #10520@37] battlecode.common.GameActionException: Target location is not on the map
[B: #10520@37] 	at battlecode.world.RobotControllerImpl.assertCanSenseLocation(RobotControllerImpl.java:217)
[B: #10520@37] 	at battlecode.world.RobotControllerImpl.senseMapInfo(RobotControllerImpl.java:646)
[B: #10520@37] 	at teacher08a.CatAttacker.runReportBack(CatAttacker.java:185)
[B: #10520@37] 	at teacher08a.CatAttacker.doAction(CatAttacker.java:37)
[B: #10520@37] 	at teacher08a.RobotPlayer.run(RobotPlayer.java:25)
[B: #10520@37] 	at java.base/jdk.internal.reflect.DirectMethodHandleAccessor.invoke(DirectMethodHandleAccessor.java:103)
[B: #10520@37] 	at java.base/java.lang.reflect.Method.invoke(Method.java:580)
[B: #10520@37] 	at battlecode.instrumenter.SandboxedRobotPlayer.loadAndRunPlayerJava(SandboxedRobotPlayer.java:306)
[B: #10520@37] 	at battlecode.instrumenter.SandboxedRobotPlayer.loadAndRunPlayer(SandboxedRobotPlayer.java:268)
[B: #10520@37] 	at battlecode.instrumenter.SandboxedRobotPlayer.lambda$new$2(SandboxedRobotPlayer.java:202)
[B: #10520@37] 	at java.base/java.lang.Thread.run(Thread.java:1583)
[B: #12649@37] Sensed 2 robots
[B: #12649@37] Found cat at [11, 16]
[B: #12649@37] Attacking cat at [11, 16]
[B: #11254@37] Sensed 1 robots
[B: #11254@37] Received 0 messages
[B: #10520@38] GameActionException in RobotPlayer:
[B: #10520@38] battlecode.common.GameActionException: Target location is not on the map
[B: #10520@38] 	at battlecode.world.RobotControllerImpl.assertCanSenseLocation(RobotControllerImpl.java:217)
[B: #10520@38] 	at battlecode.world.RobotControllerImpl.senseMapInfo(RobotControllerImpl.java:646)
[B: #10520@38] 	at teacher08a.CatAttacker.runReportBack(CatAttacker.java:185)
[B: #10520@38] 	at teacher08a.CatAttacker.doAction(CatAttacker.java:37)
[B: #10520@38] 	at teacher08a.RobotPlayer.run(RobotPlayer.java:25)
[B: #10520@38] 	at java.base/jdk.internal.reflect.DirectMethodHandleAccessor.invoke(DirectMethodHandleAccessor.java:103)
[B: #10520@38] 	at java.base/java.lang.reflect.Method.invoke(Method.java:580)
[B: #10520@38] 	at battlecode.instrumenter.SandboxedRobotPlayer.loadAndRunPlayerJava(SandboxedRobotPlayer.java:306)
[B: #10520@38] 	at battlecode.instrumenter.SandboxedRobotPlayer.loadAndRunPlayer(SandboxedRobotPlayer.java:268)
[B: #10520@38] 	at battlecode.instrumenter.SandboxedRobotPlayer.lambda$new$2(SandboxedRobotPlayer.java:202)
[B: #10520@38] 	at java.base/java.lang.Thread.run(Thread.java:1583)
[B: #12649@38] Sensed 0 robots
[B: #12649@38] Found cat at [11, 16]
[B: #12649@38] Attacking cat at [11, 16]
[B: #11254@38] Sensed 1 robots
[B: #11254@38] Received 0 messages
[B: #10520@39] GameActionException in RobotPlayer:
[B: #10520@39] battlecode.common.GameActionException: Target location is not on the map
[B: #10520@39] 	at battlecode.world.RobotControllerImpl.assertCanSenseLocation(RobotControllerImpl.java:217)
[B: #10520@39] 	at battlecode.world.RobotControllerImpl.senseMapInfo(RobotControllerImpl.java:646)
[B: #10520@39] 	at teacher08a.CatAttacker.runReportBack(CatAttacker.java:185)
[B: #10520@39] 	at teacher08a.CatAttacker.doAction(CatAttacker.java:37)
[B: #10520@39] 	at teacher08a.RobotPlayer.run(RobotPlayer.java:25)
[B: #10520@39] 	at java.base/jdk.internal.reflect.DirectMethodHandleAccessor.invoke(DirectMethodHandleAccessor.java:103)
[B: #10520@39] 	at java.base/java.lang.reflect.Method.invoke(Method.java:580)
[B: #10520@39] 	at battlecode.instrumenter.SandboxedRobotPlayer.loadAndRunPlayerJava(SandboxedRobotPlayer.java:306)
[B: #10520@39] 	at battlecode.instrumenter.SandboxedRobotPlayer.loadAndRunPlayer(SandboxedRobotPlayer.java:268)
[B: #10520@39] 	at battlecode.instrumenter.SandboxedRobotPlayer.lambda$new$2(SandboxedRobotPlayer.java:202)
[B: #10520@39] 	at java.base/java.lang.Thread.run(Thread.java:1583)
[B: #11254@39] Sensed 2 robots
[B: #11254@39] Found cat at [10, 14]
[B: #10520@40] GameActionException in RobotPlayer:
[B: #10520@40] battlecode.common.GameActionException: Target location is not on the map
[B: #10520@40] 	at battlecode.world.RobotControllerImpl.assertCanSenseLocation(RobotControllerImpl.java:217)
[B: #10520@40] 	at battlecode.world.RobotControllerImpl.senseMapInfo(RobotControllerImpl.java:646)
[B: #10520@40] 	at teacher08a.CatAttacker.runReportBack(CatAttacker.java:185)
[B: #10520@40] 	at teacher08a.CatAttacker.doAction(CatAttacker.java:37)
[B: #10520@40] 	at teacher08a.RobotPlayer.run(RobotPlayer.java:25)
[B: #10520@40] 	at java.base/jdk.internal.reflect.DirectMethodHandleAccessor.invoke(DirectMethodHandleAccessor.java:103)
[B: #10520@40] 	at java.base/java.lang.reflect.Method.invoke(Method.java:580)
[B: #10520@40] 	at battlecode.instrumenter.SandboxedRobotPlayer.loadAndRunPlayerJava(SandboxedRobotPlayer.java:306)
[B: #10520@40] 	at battlecode.instrumenter.SandboxedRobotPlayer.loadAndRunPlayer(SandboxedRobotPlayer.java:268)
[B: #10520@40] 	at battlecode.instrumenter.SandboxedRobotPlayer.lambda$new$2(SandboxedRobotPlayer.java:202)
[B: #10520@40] 	at java.base/java.lang.Thread.run(Thread.java:1583)
[B: #11254@40] Sensed 4 robots
[B: #11254@40] Found cat at [10, 14]
[B: #10520@41] GameActionException in RobotPlayer:
[B: #10520@41] battlecode.common.GameActionException: Target location is not on the map
[B: #10520@41] 	at battlecode.world.RobotControllerImpl.assertCanSenseLocation(RobotControllerImpl.java:217)
[B: #10520@41] 	at battlecode.world.RobotControllerImpl.senseMapInfo(RobotControllerImpl.java:646)
[B: #10520@41] 	at teacher08a.CatAttacker.runReportBack(CatAttacker.java:185)
[B: #10520@41] 	at teacher08a.CatAttacker.doAction(CatAttacker.java:37)
[B: #10520@41] 	at teacher08a.RobotPlayer.run(RobotPlayer.java:25)
[B: #10520@41] 	at java.base/jdk.internal.reflect.DirectMethodHandleAccessor.invoke(DirectMethodHandleAccessor.java:103)
[B: #10520@41] 	at java.base/java.lang.reflect.Method.invoke(Method.java:580)
[B: #10520@41] 	at battlecode.instrumenter.SandboxedRobotPlayer.loadAndRunPlayerJava(SandboxedRobotPlayer.java:306)
[B: #10520@41] 	at battlecode.instrumenter.SandboxedRobotPlayer.loadAndRunPlayer(SandboxedRobotPlayer.java:268)
[B: #10520@41] 	at battlecode.instrumenter.SandboxedRobotPlayer.lambda$new$2(SandboxedRobotPlayer.java:202)
[B: #10520@41] 	at java.base/java.lang.Thread.run(Thread.java:1583)
[B: #11254@41] Sensed 6 robots
[B: #11254@41] Found cat at [10, 14]
[B: #11254@41] Attacking cat at [10, 14]
[A: #13255@42] Found a new cheese mine at [2, 2]
[B: #10520@42] GameActionException in RobotPlayer:
[B: #10520@42] battlecode.common.GameActionException: Target location is not on the map
[B: #10520@42] 	at battlecode.world.RobotControllerImpl.assertCanSenseLocation(RobotControllerImpl.java:217)
[B: #10520@42] 	at battlecode.world.RobotControllerImpl.senseMapInfo(RobotControllerImpl.java:646)
[B: #10520@42] 	at teacher08a.CatAttacker.runReportBack(CatAttacker.java:185)
[B: #10520@42] 	at teacher08a.CatAttacker.doAction(CatAttacker.java:37)
[B: #10520@42] 	at teacher08a.RobotPlayer.run(RobotPlayer.java:25)
[B: #10520@42] 	at java.base/jdk.internal.reflect.DirectMethodHandleAccessor.invoke(DirectMethodHandleAccessor.java:103)
[B: #10520@42] 	at java.base/java.lang.reflect.Method.invoke(Method.java:580)
[B: #10520@42] 	at battlecode.instrumenter.SandboxedRobotPlayer.loadAndRunPlayerJava(SandboxedRobotPlayer.java:306)
[B: #10520@42] 	at battlecode.instrumenter.SandboxedRobotPlayer.loadAndRunPlayer(SandboxedRobotPlayer.java:268)
[B: #10520@42] 	at battlecode.instrumenter.SandboxedRobotPlayer.lambda$new$2(SandboxedRobotPlayer.java:202)
[B: #10520@42] 	at java.base/java.lang.Thread.run(Thread.java:1583)
[B: #11254@42] Sensed 2 robots
[B: #11254@42] Found cat at [10, 14]
[B: #11254@42] Attacking cat at [10, 14]
[B: #12832@42] Sensed 1 robots
[B: #12832@42] Received 0 messages
[B: #10520@43] GameActionException in RobotPlayer:
[B: #10520@43] battlecode.common.GameActionException: Target location is not on the map
[B: #10520@43] 	at battlecode.world.RobotControllerImpl.assertCanSenseLocation(RobotControllerImpl.java:217)
[B: #10520@43] 	at battlecode.world.RobotControllerImpl.senseMapInfo(RobotControllerImpl.java:646)
[B: #10520@43] 	at teacher08a.CatAttacker.runReportBack(CatAttacker.java:185)
[B: #10520@43] 	at teacher08a.CatAttacker.doAction(CatAttacker.java:37)
[B: #10520@43] 	at teacher08a.RobotPlayer.run(RobotPlayer.java:25)
[B: #10520@43] 	at java.base/jdk.internal.reflect.DirectMethodHandleAccessor.invoke(DirectMethodHandleAccessor.java:103)
[B: #10520@43] 	at java.base/java.lang.reflect.Method.invoke(Method.java:580)
[B: #10520@43] 	at battlecode.instrumenter.SandboxedRobotPlayer.loadAndRunPlayerJava(SandboxedRobotPlayer.java:306)
[B: #10520@43] 	at battlecode.instrumenter.SandboxedRobotPlayer.loadAndRunPlayer(SandboxedRobotPlayer.java:268)
[B: #10520@43] 	at battlecode.instrumenter.SandboxedRobotPlayer.lambda$new$2(SandboxedRobotPlayer.java:202)
[B: #10520@43] 	at java.base/java.lang.Thread.run(Thread.java:1583)
[B: #12832@43] Sensed 0 robots
[B: #10520@44] GameActionException in RobotPlayer:
[B: #10520@44] battlecode.common.GameActionException: Target location is not on the map
[B: #10520@44] 	at battlecode.world.RobotControllerImpl.assertCanSenseLocation(RobotControllerImpl.java:217)
[B: #10520@44] 	at battlecode.world.RobotControllerImpl.senseMapInfo(RobotControllerImpl.java:646)
[B: #10520@44] 	at teacher08a.CatAttacker.runReportBack(CatAttacker.java:185)
[B: #10520@44] 	at teacher08a.CatAttacker.doAction(CatAttacker.java:37)
[B: #10520@44] 	at teacher08a.RobotPlayer.run(RobotPlayer.java:25)
[B: #10520@44] 	at java.base/jdk.internal.reflect.DirectMethodHandleAccessor.invoke(DirectMethodHandleAccessor.java:103)
[B: #10520@44] 	at java.base/java.lang.reflect.Method.invoke(Method.java:580)
[B: #10520@44] 	at battlecode.instrumenter.SandboxedRobotPlayer.loadAndRunPlayerJava(SandboxedRobotPlayer.java:306)
[B: #10520@44] 	at battlecode.instrumenter.SandboxedRobotPlayer.loadAndRunPlayer(SandboxedRobotPlayer.java:268)
[B: #10520@44] 	at battlecode.instrumenter.SandboxedRobotPlayer.lambda$new$2(SandboxedRobotPlayer.java:202)
[B: #10520@44] 	at java.base/java.lang.Thread.run(Thread.java:1583)
[B: #12832@44] Sensed 0 robots
[B: #10520@45] GameActionException in RobotPlayer:
[B: #10520@45] battlecode.common.GameActionException: Target location is not on the map
[B: #10520@45] 	at battlecode.world.RobotControllerImpl.assertCanSenseLocation(RobotControllerImpl.java:217)
[B: #10520@45] 	at battlecode.world.RobotControllerImpl.senseMapInfo(RobotControllerImpl.java:646)
[B: #10520@45] 	at teacher08a.CatAttacker.runReportBack(CatAttacker.java:185)
[B: #10520@45] 	at teacher08a.CatAttacker.doAction(CatAttacker.java:37)
[B: #10520@45] 	at teacher08a.RobotPlayer.run(RobotPlayer.java:25)
[B: #10520@45] 	at java.base/jdk.internal.reflect.DirectMethodHandleAccessor.invoke(DirectMethodHandleAccessor.java:103)
[B: #10520@45] 	at java.base/java.lang.reflect.Method.invoke(Method.java:580)
[B: #10520@45] 	at battlecode.instrumenter.SandboxedRobotPlayer.loadAndRunPlayerJava(SandboxedRobotPlayer.java:306)
[B: #10520@45] 	at battlecode.instrumenter.SandboxedRobotPlayer.loadAndRunPlayer(SandboxedRobotPlayer.java:268)
[B: #10520@45] 	at battlecode.instrumenter.SandboxedRobotPlayer.lambda$new$2(SandboxedRobotPlayer.java:202)
[B: #10520@45] 	at java.base/java.lang.Thread.run(Thread.java:1583)
[B: #12832@45] Sensed 0 robots
[B: #10520@46] GameActionException in RobotPlayer:
[B: #10520@46] battlecode.common.GameActionException: Target location is not on the map
[B: #10520@46] 	at battlecode.world.RobotControllerImpl.assertCanSenseLocation(RobotControllerImpl.java:217)
[B: #10520@46] 	at battlecode.world.RobotControllerImpl.senseMapInfo(RobotControllerImpl.java:646)
[B: #10520@46] 	at teacher08a.CatAttacker.runReportBack(CatAttacker.java:185)
[B: #10520@46] 	at teacher08a.CatAttacker.doAction(CatAttacker.java:37)
[B: #10520@46] 	at teacher08a.RobotPlayer.run(RobotPlayer.java:25)
[B: #10520@46] 	at java.base/jdk.internal.reflect.DirectMethodHandleAccessor.invoke(DirectMethodHandleAccessor.java:103)
[B: #10520@46] 	at java.base/java.lang.reflect.Method.invoke(Method.java:580)
[B: #10520@46] 	at battlecode.instrumenter.SandboxedRobotPlayer.loadAndRunPlayerJava(SandboxedRobotPlayer.java:306)
[B: #10520@46] 	at battlecode.instrumenter.SandboxedRobotPlayer.loadAndRunPlayer(SandboxedRobotPlayer.java:268)
[B: #10520@46] 	at battlecode.instrumenter.SandboxedRobotPlayer.lambda$new$2(SandboxedRobotPlayer.java:202)
[B: #10520@46] 	at java.base/java.lang.Thread.run(Thread.java:1583)
[B: #12832@46] Sensed 0 robots
[B: #10520@47] GameActionException in RobotPlayer:
[B: #10520@47] battlecode.common.GameActionException: Target location is not on the map
[B: #10520@47] 	at battlecode.world.RobotControllerImpl.assertCanSenseLocation(RobotControllerImpl.java:217)
[B: #10520@47] 	at battlecode.world.RobotControllerImpl.senseMapInfo(RobotControllerImpl.java:646)
[B: #10520@47] 	at teacher08a.CatAttacker.runReportBack(CatAttacker.java:185)
[B: #10520@47] 	at teacher08a.CatAttacker.doAction(CatAttacker.java:37)
[B: #10520@47] 	at teacher08a.RobotPlayer.run(RobotPlayer.java:25)
[B: #10520@47] 	at java.base/jdk.internal.reflect.DirectMethodHandleAccessor.invoke(DirectMethodHandleAccessor.java:103)
[B: #10520@47] 	at java.base/java.lang.reflect.Method.invoke(Method.java:580)
[B: #10520@47] 	at battlecode.instrumenter.SandboxedRobotPlayer.loadAndRunPlayerJava(SandboxedRobotPlayer.java:306)
[B: #10520@47] 	at battlecode.instrumenter.SandboxedRobotPlayer.loadAndRunPlayer(SandboxedRobotPlayer.java:268)
[B: #10520@47] 	at battlecode.instrumenter.SandboxedRobotPlayer.lambda$new$2(SandboxedRobotPlayer.java:202)
[B: #10520@47] 	at java.base/java.lang.Thread.run(Thread.java:1583)
[A: #11071@47] Found a new cheese mine at [2, 2]
[B: #12832@47] Sensed 2 robots
[B: #12832@47] Found cat at [10, 12]
[B: #10520@48] GameActionException in RobotPlayer:
[B: #10520@48] battlecode.common.GameActionException: Target location is not on the map
[B: #10520@48] 	at battlecode.world.RobotControllerImpl.assertCanSenseLocation(RobotControllerImpl.java:217)
[B: #10520@48] 	at battlecode.world.RobotControllerImpl.senseMapInfo(RobotControllerImpl.java:646)
[B: #10520@48] 	at teacher08a.CatAttacker.runReportBack(CatAttacker.java:185)
[B: #10520@48] 	at teacher08a.CatAttacker.doAction(CatAttacker.java:37)
[B: #10520@48] 	at teacher08a.RobotPlayer.run(RobotPlayer.java:25)
[B: #10520@48] 	at java.base/jdk.internal.reflect.DirectMethodHandleAccessor.invoke(DirectMethodHandleAccessor.java:103)
[B: #10520@48] 	at java.base/java.lang.reflect.Method.invoke(Method.java:580)
[B: #10520@48] 	at battlecode.instrumenter.SandboxedRobotPlayer.loadAndRunPlayerJava(SandboxedRobotPlayer.java:306)
[B: #10520@48] 	at battlecode.instrumenter.SandboxedRobotPlayer.loadAndRunPlayer(SandboxedRobotPlayer.java:268)
[B: #10520@48] 	at battlecode.instrumenter.SandboxedRobotPlayer.lambda$new$2(SandboxedRobotPlayer.java:202)
[B: #10520@48] 	at java.base/java.lang.Thread.run(Thread.java:1583)
[B: #12832@48] Sensed 3 robots
[B: #12832@48] Found cat at [11, 14]
[B: #10520@49] GameActionException in RobotPlayer:
[B: #10520@49] battlecode.common.GameActionException: Target location is not on the map
[B: #10520@49] 	at battlecode.world.RobotControllerImpl.assertCanSenseLocation(RobotControllerImpl.java:217)
[B: #10520@49] 	at battlecode.world.RobotControllerImpl.senseMapInfo(RobotControllerImpl.java:646)
[B: #10520@49] 	at teacher08a.CatAttacker.runReportBack(CatAttacker.java:185)
[B: #10520@49] 	at teacher08a.CatAttacker.doAction(CatAttacker.java:37)
[B: #10520@49] 	at teacher08a.RobotPlayer.run(RobotPlayer.java:25)
[B: #10520@49] 	at java.base/jdk.internal.reflect.DirectMethodHandleAccessor.invoke(DirectMethodHandleAccessor.java:103)
[B: #10520@49] 	at java.base/java.lang.reflect.Method.invoke(Method.java:580)
[B: #10520@49] 	at battlecode.instrumenter.SandboxedRobotPlayer.loadAndRunPlayerJava(SandboxedRobotPlayer.java:306)
[B: #10520@49] 	at battlecode.instrumenter.SandboxedRobotPlayer.loadAndRunPlayer(SandboxedRobotPlayer.java:268)
[B: #10520@49] 	at battlecode.instrumenter.SandboxedRobotPlayer.lambda$new$2(SandboxedRobotPlayer.java:202)
[B: #10520@49] 	at java.base/java.lang.Thread.run(Thread.java:1583)
[B: #12832@49] Sensed 3 robots
[B: #12832@49] Found cat at [11, 14]
[B: #10520@50] GameActionException in RobotPlayer:
[B: #10520@50] battlecode.common.GameActionException: Target location is not on the map
[B: #10520@50] 	at battlecode.world.RobotControllerImpl.assertCanSenseLocation(RobotControllerImpl.java:217)
[B: #10520@50] 	at battlecode.world.RobotControllerImpl.senseMapInfo(RobotControllerImpl.java:646)
[B: #10520@50] 	at teacher08a.CatAttacker.runReportBack(CatAttacker.java:185)
[B: #10520@50] 	at teacher08a.CatAttacker.doAction(CatAttacker.java:37)
[B: #10520@50] 	at teacher08a.RobotPlayer.run(RobotPlayer.java:25)
[B: #10520@50] 	at java.base/jdk.internal.reflect.DirectMethodHandleAccessor.invoke(DirectMethodHandleAccessor.java:103)
[B: #10520@50] 	at java.base/java.lang.reflect.Method.invoke(Method.java:580)
[B: #10520@50] 	at battlecode.instrumenter.SandboxedRobotPlayer.loadAndRunPlayerJava(SandboxedRobotPlayer.java:306)
[B: #10520@50] 	at battlecode.instrumenter.SandboxedRobotPlayer.loadAndRunPlayer(SandboxedRobotPlayer.java:268)
[B: #10520@50] 	at battlecode.instrumenter.SandboxedRobotPlayer.lambda$new$2(SandboxedRobotPlayer.java:202)
[B: #10520@50] 	at java.base/java.lang.Thread.run(Thread.java:1583)
[B: #12832@50] Sensed 1 robots
[B: #12832@50] Found cat at [11, 14]
[B: #10520@51] GameActionException in RobotPlayer:
[B: #10520@51] battlecode.common.GameActionException: Target location is not on the map
[B: #10520@51] 	at battlecode.world.RobotControllerImpl.assertCanSenseLocation(RobotControllerImpl.java:217)
[B: #10520@51] 	at battlecode.world.RobotControllerImpl.senseMapInfo(RobotControllerImpl.java:646)
[B: #10520@51] 	at teacher08a.CatAttacker.runReportBack(CatAttacker.java:185)
[B: #10520@51] 	at teacher08a.CatAttacker.doAction(CatAttacker.java:37)
[B: #10520@51] 	at teacher08a.RobotPlayer.run(RobotPlayer.java:25)
[B: #10520@51] 	at java.base/jdk.internal.reflect.DirectMethodHandleAccessor.invoke(DirectMethodHandleAccessor.java:103)
[B: #10520@51] 	at java.base/java.lang.reflect.Method.invoke(Method.java:580)
[B: #10520@51] 	at battlecode.instrumenter.SandboxedRobotPlayer.loadAndRunPlayerJava(SandboxedRobotPlayer.java:306)
[B: #10520@51] 	at battlecode.instrumenter.SandboxedRobotPlayer.loadAndRunPlayer(SandboxedRobotPlayer.java:268)
[B: #10520@51] 	at battlecode.instrumenter.SandboxedRobotPlayer.lambda$new$2(SandboxedRobotPlayer.java:202)
[B: #10520@51] 	at java.base/java.lang.Thread.run(Thread.java:1583)
[B: #12832@51] Sensed 3 robots
[B: #12832@51] Found cat at [11, 14]
[B: #12832@51] Attacking cat at [11, 14]
[B: #10520@52] GameActionException in RobotPlayer:
[B: #10520@52] battlecode.common.GameActionException: Target location is not on the map
[B: #10520@52] 	at battlecode.world.RobotControllerImpl.assertCanSenseLocation(RobotControllerImpl.java:217)
[B: #10520@52] 	at battlecode.world.RobotControllerImpl.senseMapInfo(RobotControllerImpl.java:646)
[B: #10520@52] 	at teacher08a.CatAttacker.runReportBack(CatAttacker.java:185)
[B: #10520@52] 	at teacher08a.CatAttacker.doAction(CatAttacker.java:37)
[B: #10520@52] 	at teacher08a.RobotPlayer.run(RobotPlayer.java:25)
[B: #10520@52] 	at java.base/jdk.internal.reflect.DirectMethodHandleAccessor.invoke(DirectMethodHandleAccessor.java:103)
[B: #10520@52] 	at java.base/java.lang.reflect.Method.invoke(Method.java:580)
[B: #10520@52] 	at battlecode.instrumenter.SandboxedRobotPlayer.loadAndRunPlayerJava(SandboxedRobotPlayer.java:306)
[B: #10520@52] 	at battlecode.instrumenter.SandboxedRobotPlayer.loadAndRunPlayer(SandboxedRobotPlayer.java:268)
[B: #10520@52] 	at battlecode.instrumenter.SandboxedRobotPlayer.lambda$new$2(SandboxedRobotPlayer.java:202)
[B: #10520@52] 	at java.base/java.lang.Thread.run(Thread.java:1583)
[A: #10514@52] Found a new cheese mine at [2, 2]
[A: #13071@52] Found a new cheese mine at [17, 17]
[B: #12832@52] Sensed 2 robots
[B: #12832@52] Found cat at [11, 15]
[B: #10552@52] Sensed 1 robots
[B: #10552@52] Received 0 messages
[B: #10520@53] GameActionException in RobotPlayer:
[B: #10520@53] battlecode.common.GameActionException: Target location is not on the map
[B: #10520@53] 	at battlecode.world.RobotControllerImpl.assertCanSenseLocation(RobotControllerImpl.java:217)
[B: #10520@53] 	at battlecode.world.RobotControllerImpl.senseMapInfo(RobotControllerImpl.java:646)
[B: #10520@53] 	at teacher08a.CatAttacker.runReportBack(CatAttacker.java:185)
[B: #10520@53] 	at teacher08a.CatAttacker.doAction(CatAttacker.java:37)
[B: #10520@53] 	at teacher08a.RobotPlayer.run(RobotPlayer.java:25)
[B: #10520@53] 	at java.base/jdk.internal.reflect.DirectMethodHandleAccessor.invoke(DirectMethodHandleAccessor.java:103)
[B: #10520@53] 	at java.base/java.lang.reflect.Method.invoke(Method.java:580)
[B: #10520@53] 	at battlecode.instrumenter.SandboxedRobotPlayer.loadAndRunPlayerJava(SandboxedRobotPlayer.java:306)
[B: #10520@53] 	at battlecode.instrumenter.SandboxedRobotPlayer.loadAndRunPlayer(SandboxedRobotPlayer.java:268)
[B: #10520@53] 	at battlecode.instrumenter.SandboxedRobotPlayer.lambda$new$2(SandboxedRobotPlayer.java:202)
[B: #10520@53] 	at java.base/java.lang.Thread.run(Thread.java:1583)
[B: #12832@53] Sensed 2 robots
[B: #12832@53] Found cat at [11, 15]
[B: #12832@53] Attacking cat at [11, 15]
[B: #10552@53] Sensed 0 robots
[B: #10520@54] GameActionException in RobotPlayer:
[B: #10520@54] battlecode.common.GameActionException: Target location is not on the map
[B: #10520@54] 	at battlecode.world.RobotControllerImpl.assertCanSenseLocation(RobotControllerImpl.java:217)
[B: #10520@54] 	at battlecode.world.RobotControllerImpl.senseMapInfo(RobotControllerImpl.java:646)
[B: #10520@54] 	at teacher08a.CatAttacker.runReportBack(CatAttacker.java:185)
[B: #10520@54] 	at teacher08a.CatAttacker.doAction(CatAttacker.java:37)
[B: #10520@54] 	at teacher08a.RobotPlayer.run(RobotPlayer.java:25)
[B: #10520@54] 	at java.base/jdk.internal.reflect.DirectMethodHandleAccessor.invoke(DirectMethodHandleAccessor.java:103)
[B: #10520@54] 	at java.base/java.lang.reflect.Method.invoke(Method.java:580)
[B: #10520@54] 	at battlecode.instrumenter.SandboxedRobotPlayer.loadAndRunPlayerJava(SandboxedRobotPlayer.java:306)
[B: #10520@54] 	at battlecode.instrumenter.SandboxedRobotPlayer.loadAndRunPlayer(SandboxedRobotPlayer.java:268)
[B: #10520@54] 	at battlecode.instrumenter.SandboxedRobotPlayer.lambda$new$2(SandboxedRobotPlayer.java:202)
[B: #10520@54] 	at java.base/java.lang.Thread.run(Thread.java:1583)
[B: #12832@54] Sensed 4 robots
[B: #12832@54] Received 0 messages
[B: #12832@54] Found cat at [11, 16]
[B: #10552@54] Sensed 1 robots
[B: #10552@54] Found cat at [12, 7]
[B: #10520@55] GameActionException in RobotPlayer:
[B: #10520@55] battlecode.common.GameActionException: Target location is not on the map
[B: #10520@55] 	at battlecode.world.RobotControllerImpl.assertCanSenseLocation(RobotControllerImpl.java:217)
[B: #10520@55] 	at battlecode.world.RobotControllerImpl.senseMapInfo(RobotControllerImpl.java:646)
[B: #10520@55] 	at teacher08a.CatAttacker.runReportBack(CatAttacker.java:185)
[B: #10520@55] 	at teacher08a.CatAttacker.doAction(CatAttacker.java:37)
[B: #10520@55] 	at teacher08a.RobotPlayer.run(RobotPlayer.java:25)
[B: #10520@55] 	at java.base/jdk.internal.reflect.DirectMethodHandleAccessor.invoke(DirectMethodHandleAccessor.java:103)
[B: #10520@55] 	at java.base/java.lang.reflect.Method.invoke(Method.java:580)
[B: #10520@55] 	at battlecode.instrumenter.SandboxedRobotPlayer.loadAndRunPlayerJava(SandboxedRobotPlayer.java:306)
[B: #10520@55] 	at battlecode.instrumenter.SandboxedRobotPlayer.loadAndRunPlayer(SandboxedRobotPlayer.java:268)
[B: #10520@55] 	at battlecode.instrumenter.SandboxedRobotPlayer.lambda$new$2(SandboxedRobotPlayer.java:202)
[B: #10520@55] 	at java.base/java.lang.Thread.run(Thread.java:1583)
[B: #12832@55] Sensed 4 robots
[B: #12832@55] Received 0 messages
[B: #12832@55] Found cat at [11, 16]
[B: #12832@55] Attacking cat at [11, 16]
[B: #10552@55] Sensed 4 robots
[B: #10552@55] Received 0 messages
[B: #10552@55] Found cat at [13, 8]
[B: #10520@56] GameActionException in RobotPlayer:
[B: #10520@56] battlecode.common.GameActionException: Target location is not on the map
[B: #10520@56] 	at battlecode.world.RobotControllerImpl.assertCanSenseLocation(RobotControllerImpl.java:217)
[B: #10520@56] 	at battlecode.world.RobotControllerImpl.senseMapInfo(RobotControllerImpl.java:646)
[B: #10520@56] 	at teacher08a.CatAttacker.runReportBack(CatAttacker.java:185)
[B: #10520@56] 	at teacher08a.CatAttacker.doAction(CatAttacker.java:37)
[B: #10520@56] 	at teacher08a.RobotPlayer.run(RobotPlayer.java:25)
[B: #10520@56] 	at java.base/jdk.internal.reflect.DirectMethodHandleAccessor.invoke(DirectMethodHandleAccessor.java:103)
[B: #10520@56] 	at java.base/java.lang.reflect.Method.invoke(Method.java:580)
[B: #10520@56] 	at battlecode.instrumenter.SandboxedRobotPlayer.loadAndRunPlayerJava(SandboxedRobotPlayer.java:306)
[B: #10520@56] 	at battlecode.instrumenter.SandboxedRobotPlayer.loadAndRunPlayer(SandboxedRobotPlayer.java:268)
[B: #10520@56] 	at battlecode.instrumenter.SandboxedRobotPlayer.lambda$new$2(SandboxedRobotPlayer.java:202)
[B: #10520@56] 	at java.base/java.lang.Thread.run(Thread.java:1583)
[B: #10552@56] Sensed 3 robots
[B: #10552@56] Found cat at [13, 8]
[B: #10520@57] GameActionException in RobotPlayer:
[B: #10520@57] battlecode.common.GameActionException: Target location is not on the map
[B: #10520@57] 	at battlecode.world.RobotControllerImpl.assertCanSenseLocation(RobotControllerImpl.java:217)
[B: #10520@57] 	at battlecode.world.RobotControllerImpl.senseMapInfo(RobotControllerImpl.java:646)
[B: #10520@57] 	at teacher08a.CatAttacker.runReportBack(CatAttacker.java:185)
[B: #10520@57] 	at teacher08a.CatAttacker.doAction(CatAttacker.java:37)
[B: #10520@57] 	at teacher08a.RobotPlayer.run(RobotPlayer.java:25)
[B: #10520@57] 	at java.base/jdk.internal.reflect.DirectMethodHandleAccessor.invoke(DirectMethodHandleAccessor.java:103)
[B: #10520@57] 	at java.base/java.lang.reflect.Method.invoke(Method.java:580)
[B: #10520@57] 	at battlecode.instrumenter.SandboxedRobotPlayer.loadAndRunPlayerJava(SandboxedRobotPlayer.java:306)
[B: #10520@57] 	at battlecode.instrumenter.SandboxedRobotPlayer.loadAndRunPlayer(SandboxedRobotPlayer.java:268)
[B: #10520@57] 	at battlecode.instrumenter.SandboxedRobotPlayer.lambda$new$2(SandboxedRobotPlayer.java:202)
[B: #10520@57] 	at java.base/java.lang.Thread.run(Thread.java:1583)
[A: #10114@57] Found a new cheese mine at [2, 2]
[B: #10552@57] Sensed 1 robots
[B: #10552@57] Found cat at [14, 9]
[B: #10520@58] GameActionException in RobotPlayer:
[B: #10520@58] battlecode.common.GameActionException: Target location is not on the map
[B: #10520@58] 	at battlecode.world.RobotControllerImpl.assertCanSenseLocation(RobotControllerImpl.java:217)
[B: #10520@58] 	at battlecode.world.RobotControllerImpl.senseMapInfo(RobotControllerImpl.java:646)
[B: #10520@58] 	at teacher08a.CatAttacker.runReportBack(CatAttacker.java:185)
[B: #10520@58] 	at teacher08a.CatAttacker.doAction(CatAttacker.java:37)
[B: #10520@58] 	at teacher08a.RobotPlayer.run(RobotPlayer.java:25)
[B: #10520@58] 	at java.base/jdk.internal.reflect.DirectMethodHandleAccessor.invoke(DirectMethodHandleAccessor.java:103)
[B: #10520@58] 	at java.base/java.lang.reflect.Method.invoke(Method.java:580)
[B: #10520@58] 	at battlecode.instrumenter.SandboxedRobotPlayer.loadAndRunPlayerJava(SandboxedRobotPlayer.java:306)
[B: #10520@58] 	at battlecode.instrumenter.SandboxedRobotPlayer.loadAndRunPlayer(SandboxedRobotPlayer.java:268)
[B: #10520@58] 	at battlecode.instrumenter.SandboxedRobotPlayer.lambda$new$2(SandboxedRobotPlayer.java:202)
[B: #10520@58] 	at java.base/java.lang.Thread.run(Thread.java:1583)
[A: #10609@58] Found a new cheese mine at [17, 17]
[B: #10552@58] Sensed 2 robots
[B: #10552@58] Found cat at [14, 9]
[B: #10552@58] Attacking cat at [14, 9]
[B: #10520@59] GameActionException in RobotPlayer:
[B: #10520@59] battlecode.common.GameActionException: Target location is not on the map
[B: #10520@59] 	at battlecode.world.RobotControllerImpl.assertCanSenseLocation(RobotControllerImpl.java:217)
[B: #10520@59] 	at battlecode.world.RobotControllerImpl.senseMapInfo(RobotControllerImpl.java:646)
[B: #10520@59] 	at teacher08a.CatAttacker.runReportBack(CatAttacker.java:185)
[B: #10520@59] 	at teacher08a.CatAttacker.doAction(CatAttacker.java:37)
[B: #10520@59] 	at teacher08a.RobotPlayer.run(RobotPlayer.java:25)
[B: #10520@59] 	at java.base/jdk.internal.reflect.DirectMethodHandleAccessor.invoke(DirectMethodHandleAccessor.java:103)
[B: #10520@59] 	at java.base/java.lang.reflect.Method.invoke(Method.java:580)
[B: #10520@59] 	at battlecode.instrumenter.SandboxedRobotPlayer.loadAndRunPlayerJava(SandboxedRobotPlayer.java:306)
[B: #10520@59] 	at battlecode.instrumenter.SandboxedRobotPlayer.loadAndRunPlayer(SandboxedRobotPlayer.java:268)
[B: #10520@59] 	at battlecode.instrumenter.SandboxedRobotPlayer.lambda$new$2(SandboxedRobotPlayer.java:202)
[B: #10520@59] 	at java.base/java.lang.Thread.run(Thread.java:1583)
[B: #10552@59] Sensed 1 robots
[B: #10552@59] Found cat at [15, 10]
[B: #10520@60] GameActionException in RobotPlayer:
[B: #10520@60] battlecode.common.GameActionException: Target location is not on the map
[B: #10520@60] 	at battlecode.world.RobotControllerImpl.assertCanSenseLocation(RobotControllerImpl.java:217)
[B: #10520@60] 	at battlecode.world.RobotControllerImpl.senseMapInfo(RobotControllerImpl.java:646)
[B: #10520@60] 	at teacher08a.CatAttacker.runReportBack(CatAttacker.java:185)
[B: #10520@60] 	at teacher08a.CatAttacker.doAction(CatAttacker.java:37)
[B: #10520@60] 	at teacher08a.RobotPlayer.run(RobotPlayer.java:25)
[B: #10520@60] 	at java.base/jdk.internal.reflect.DirectMethodHandleAccessor.invoke(DirectMethodHandleAccessor.java:103)
[B: #10520@60] 	at java.base/java.lang.reflect.Method.invoke(Method.java:580)
[B: #10520@60] 	at battlecode.instrumenter.SandboxedRobotPlayer.loadAndRunPlayerJava(SandboxedRobotPlayer.java:306)
[B: #10520@60] 	at battlecode.instrumenter.SandboxedRobotPlayer.loadAndRunPlayer(SandboxedRobotPlayer.java:268)
[B: #10520@60] 	at battlecode.instrumenter.SandboxedRobotPlayer.lambda$new$2(SandboxedRobotPlayer.java:202)
[B: #10520@60] 	at java.base/java.lang.Thread.run(Thread.java:1583)
[B: #10552@60] Sensed 1 robots
[B: #10552@60] Found cat at [15, 10]
[B: #10552@60] Attacking cat at [15, 10]
[B: #10520@61] GameActionException in RobotPlayer:
[B: #10520@61] battlecode.common.GameActionException: Target location is not on the map
[B: #10520@61] 	at battlecode.world.RobotControllerImpl.assertCanSenseLocation(RobotControllerImpl.java:217)
[B: #10520@61] 	at battlecode.world.RobotControllerImpl.senseMapInfo(RobotControllerImpl.java:646)
[B: #10520@61] 	at teacher08a.CatAttacker.runReportBack(CatAttacker.java:185)
[B: #10520@61] 	at teacher08a.CatAttacker.doAction(CatAttacker.java:37)
[B: #10520@61] 	at teacher08a.RobotPlayer.run(RobotPlayer.java:25)
[B: #10520@61] 	at java.base/jdk.internal.reflect.DirectMethodHandleAccessor.invoke(DirectMethodHandleAccessor.java:103)
[B: #10520@61] 	at java.base/java.lang.reflect.Method.invoke(Method.java:580)
[B: #10520@61] 	at battlecode.instrumenter.SandboxedRobotPlayer.loadAndRunPlayerJava(SandboxedRobotPlayer.java:306)
[B: #10520@61] 	at battlecode.instrumenter.SandboxedRobotPlayer.loadAndRunPlayer(SandboxedRobotPlayer.java:268)
[B: #10520@61] 	at battlecode.instrumenter.SandboxedRobotPlayer.lambda$new$2(SandboxedRobotPlayer.java:202)
[B: #10520@61] 	at java.base/java.lang.Thread.run(Thread.java:1583)
[B: #10552@61] Sensed 1 robots
[B: #10552@61] Found cat at [16, 10]
[B: #10552@61] Attacking cat at [16, 10]
[B: #10520@62] GameActionException in RobotPlayer:
[B: #10520@62] battlecode.common.GameActionException: Target location is not on the map
[B: #10520@62] 	at battlecode.world.RobotControllerImpl.assertCanSenseLocation(RobotControllerImpl.java:217)
[B: #10520@62] 	at battlecode.world.RobotControllerImpl.senseMapInfo(RobotControllerImpl.java:646)
[B: #10520@62] 	at teacher08a.CatAttacker.runReportBack(CatAttacker.java:185)
[B: #10520@62] 	at teacher08a.CatAttacker.doAction(CatAttacker.java:37)
[B: #10520@62] 	at teacher08a.RobotPlayer.run(RobotPlayer.java:25)
[B: #10520@62] 	at java.base/jdk.internal.reflect.DirectMethodHandleAccessor.invoke(DirectMethodHandleAccessor.java:103)
[B: #10520@62] 	at java.base/java.lang.reflect.Method.invoke(Method.java:580)
[B: #10520@62] 	at battlecode.instrumenter.SandboxedRobotPlayer.loadAndRunPlayerJava(SandboxedRobotPlayer.java:306)
[B: #10520@62] 	at battlecode.instrumenter.SandboxedRobotPlayer.loadAndRunPlayer(SandboxedRobotPlayer.java:268)
[B: #10520@62] 	at battlecode.instrumenter.SandboxedRobotPlayer.lambda$new$2(SandboxedRobotPlayer.java:202)
[B: #10520@62] 	at java.base/java.lang.Thread.run(Thread.java:1583)
[B: #10552@62] Sensed 1 robots
[B: #10552@62] Found cat at [16, 10]
[B: #10552@62] Attacking cat at [16, 10]
[B: #13048@62] Sensed 1 robots
[B: #13048@62] Received 0 messages
[B: #10520@63] GameActionException in RobotPlayer:
[B: #10520@63] battlecode.common.GameActionException: Target location is not on the map
[B: #10520@63] 	at battlecode.world.RobotControllerImpl.assertCanSenseLocation(RobotControllerImpl.java:217)
[B: #10520@63] 	at battlecode.world.RobotControllerImpl.senseMapInfo(RobotControllerImpl.java:646)
[B: #10520@63] 	at teacher08a.CatAttacker.runReportBack(CatAttacker.java:185)
[B: #10520@63] 	at teacher08a.CatAttacker.doAction(CatAttacker.java:37)
[B: #10520@63] 	at teacher08a.RobotPlayer.run(RobotPlayer.java:25)
[B: #10520@63] 	at java.base/jdk.internal.reflect.DirectMethodHandleAccessor.invoke(DirectMethodHandleAccessor.java:103)
[B: #10520@63] 	at java.base/java.lang.reflect.Method.invoke(Method.java:580)
[B: #10520@63] 	at battlecode.instrumenter.SandboxedRobotPlayer.loadAndRunPlayerJava(SandboxedRobotPlayer.java:306)
[B: #10520@63] 	at battlecode.instrumenter.SandboxedRobotPlayer.loadAndRunPlayer(SandboxedRobotPlayer.java:268)
[B: #10520@63] 	at battlecode.instrumenter.SandboxedRobotPlayer.lambda$new$2(SandboxedRobotPlayer.java:202)
[B: #10520@63] 	at java.base/java.lang.Thread.run(Thread.java:1583)
[B: #10552@63] Sensed 1 robots
[B: #10552@63] Received 0 messages
[B: #10552@63] Found cat at [16, 10]
[B: #13048@63] Sensed 2 robots
[B: #13048@63] Received 0 messages
[B: #13048@63] Received 0 messages
[B: #10520@64] GameActionException in RobotPlayer:
[B: #10520@64] battlecode.common.GameActionException: Target location is not on the map
[B: #10520@64] 	at battlecode.world.RobotControllerImpl.assertCanSenseLocation(RobotControllerImpl.java:217)
[B: #10520@64] 	at battlecode.world.RobotControllerImpl.senseMapInfo(RobotControllerImpl.java:646)
[B: #10520@64] 	at teacher08a.CatAttacker.runReportBack(CatAttacker.java:185)
[B: #10520@64] 	at teacher08a.CatAttacker.doAction(CatAttacker.java:37)
[B: #10520@64] 	at teacher08a.RobotPlayer.run(RobotPlayer.java:25)
[B: #10520@64] 	at java.base/jdk.internal.reflect.DirectMethodHandleAccessor.invoke(DirectMethodHandleAccessor.java:103)
[B: #10520@64] 	at java.base/java.lang.reflect.Method.invoke(Method.java:580)
[B: #10520@64] 	at battlecode.instrumenter.SandboxedRobotPlayer.loadAndRunPlayerJava(SandboxedRobotPlayer.java:306)
[B: #10520@64] 	at battlecode.instrumenter.SandboxedRobotPlayer.loadAndRunPlayer(SandboxedRobotPlayer.java:268)
[B: #10520@64] 	at battlecode.instrumenter.SandboxedRobotPlayer.lambda$new$2(SandboxedRobotPlayer.java:202)
[B: #10520@64] 	at java.base/java.lang.Thread.run(Thread.java:1583)
[B: #10552@64] Sensed 1 robots
[B: #10552@64] Found cat at [17, 10]
[B: #10552@64] Attacking cat at [17, 10]
[B: #13048@64] Sensed 5 robots
[B: #13048@64] Found cat at [17, 10]
[B: #10520@65] GameActionException in RobotPlayer:
[B: #10520@65] battlecode.common.GameActionException: Target location is not on the map
[B: #10520@65] 	at battlecode.world.RobotControllerImpl.assertCanSenseLocation(RobotControllerImpl.java:217)
[B: #10520@65] 	at battlecode.world.RobotControllerImpl.senseMapInfo(RobotControllerImpl.java:646)
[B: #10520@65] 	at teacher08a.CatAttacker.runReportBack(CatAttacker.java:185)
[B: #10520@65] 	at teacher08a.CatAttacker.doAction(CatAttacker.java:37)
[B: #10520@65] 	at teacher08a.RobotPlayer.run(RobotPlayer.java:25)
[B: #10520@65] 	at java.base/jdk.internal.reflect.DirectMethodHandleAccessor.invoke(DirectMethodHandleAccessor.java:103)
[B: #10520@65] 	at java.base/java.lang.reflect.Method.invoke(Method.java:580)
[B: #10520@65] 	at battlecode.instrumenter.SandboxedRobotPlayer.loadAndRunPlayerJava(SandboxedRobotPlayer.java:306)
[B: #10520@65] 	at battlecode.instrumenter.SandboxedRobotPlayer.loadAndRunPlayer(SandboxedRobotPlayer.java:268)
[B: #10520@65] 	at battlecode.instrumenter.SandboxedRobotPlayer.lambda$new$2(SandboxedRobotPlayer.java:202)
[B: #10520@65] 	at java.base/java.lang.Thread.run(Thread.java:1583)
[B: #10552@65] Sensed 1 robots
[B: #10552@65] Found cat at [17, 10]
[B: #10552@65] Attacking cat at [17, 10]
[B: #13048@65] Sensed 2 robots
[B: #13048@65] Found cat at [17, 10]
[B: #10520@66] GameActionException in RobotPlayer:
[B: #10520@66] battlecode.common.GameActionException: Target location is not on the map
[B: #10520@66] 	at battlecode.world.RobotControllerImpl.assertCanSenseLocation(RobotControllerImpl.java:217)
[B: #10520@66] 	at battlecode.world.RobotControllerImpl.senseMapInfo(RobotControllerImpl.java:646)
[B: #10520@66] 	at teacher08a.CatAttacker.runReportBack(CatAttacker.java:185)
[B: #10520@66] 	at teacher08a.CatAttacker.doAction(CatAttacker.java:37)
[B: #10520@66] 	at teacher08a.RobotPlayer.run(RobotPlayer.java:25)
[B: #10520@66] 	at java.base/jdk.internal.reflect.DirectMethodHandleAccessor.invoke(DirectMethodHandleAccessor.java:103)
[B: #10520@66] 	at java.base/java.lang.reflect.Method.invoke(Method.java:580)
[B: #10520@66] 	at battlecode.instrumenter.SandboxedRobotPlayer.loadAndRunPlayerJava(SandboxedRobotPlayer.java:306)
[B: #10520@66] 	at battlecode.instrumenter.SandboxedRobotPlayer.loadAndRunPlayer(SandboxedRobotPlayer.java:268)
[B: #10520@66] 	at battlecode.instrumenter.SandboxedRobotPlayer.lambda$new$2(SandboxedRobotPlayer.java:202)
[B: #10520@66] 	at java.base/java.lang.Thread.run(Thread.java:1583)
[B: #10552@66] Sensed 0 robots
[B: #10552@66] Found cat at [17, 10]
[B: #10552@66] Attacking cat at [17, 10]
[B: #13048@66] Sensed 2 robots
[B: #13048@66] Found cat at [17, 10]
[B: #10520@67] GameActionException in RobotPlayer:
[B: #10520@67] battlecode.common.GameActionException: Target location is not on the map
[B: #10520@67] 	at battlecode.world.RobotControllerImpl.assertCanSenseLocation(RobotControllerImpl.java:217)
[B: #10520@67] 	at battlecode.world.RobotControllerImpl.senseMapInfo(RobotControllerImpl.java:646)
[B: #10520@67] 	at teacher08a.CatAttacker.runReportBack(CatAttacker.java:185)
[B: #10520@67] 	at teacher08a.CatAttacker.doAction(CatAttacker.java:37)
[B: #10520@67] 	at teacher08a.RobotPlayer.run(RobotPlayer.java:25)
[B: #10520@67] 	at java.base/jdk.internal.reflect.DirectMethodHandleAccessor.invoke(DirectMethodHandleAccessor.java:103)
[B: #10520@67] 	at java.base/java.lang.reflect.Method.invoke(Method.java:580)
[B: #10520@67] 	at battlecode.instrumenter.SandboxedRobotPlayer.loadAndRunPlayerJava(SandboxedRobotPlayer.java:306)
[B: #10520@67] 	at battlecode.instrumenter.SandboxedRobotPlayer.loadAndRunPlayer(SandboxedRobotPlayer.java:268)
[B: #10520@67] 	at battlecode.instrumenter.SandboxedRobotPlayer.lambda$new$2(SandboxedRobotPlayer.java:202)
[B: #10520@67] 	at java.base/java.lang.Thread.run(Thread.java:1583)
[B: #10552@67] Sensed 2 robots
[B: #10552@67] Found cat at [17, 10]
[B: #10552@67] Attacking cat at [17, 10]
[B: #10552@67] Reporting back with dice 9
[B: #13048@67] Sensed 2 robots
[B: #13048@67] Found cat at [17, 10]
[B: #13048@67] Attacking cat at [17, 10]
[B: #10520@68] GameActionException in RobotPlayer:
[B: #10520@68] battlecode.common.GameActionException: Target location is not on the map
[B: #10520@68] 	at battlecode.world.RobotControllerImpl.assertCanSenseLocation(RobotControllerImpl.java:217)
[B: #10520@68] 	at battlecode.world.RobotControllerImpl.senseMapInfo(RobotControllerImpl.java:646)
[B: #10520@68] 	at teacher08a.CatAttacker.runReportBack(CatAttacker.java:185)
[B: #10520@68] 	at teacher08a.CatAttacker.doAction(CatAttacker.java:37)
[B: #10520@68] 	at teacher08a.RobotPlayer.run(RobotPlayer.java:25)
[B: #10520@68] 	at java.base/jdk.internal.reflect.DirectMethodHandleAccessor.invoke(DirectMethodHandleAccessor.java:103)
[B: #10520@68] 	at java.base/java.lang.reflect.Method.invoke(Method.java:580)
[B: #10520@68] 	at battlecode.instrumenter.SandboxedRobotPlayer.loadAndRunPlayerJava(SandboxedRobotPlayer.java:306)
[B: #10520@68] 	at battlecode.instrumenter.SandboxedRobotPlayer.loadAndRunPlayer(SandboxedRobotPlayer.java:268)
[B: #10520@68] 	at battlecode.instrumenter.SandboxedRobotPlayer.lambda$new$2(SandboxedRobotPlayer.java:202)
[B: #10520@68] 	at java.base/java.lang.Thread.run(Thread.java:1583)
[B: #10552@68] From [16, 10] Sent a squeak 17482 for cat at [17, 10]
[B: #13048@68] Sensed 1 robots
[B: #13048@68] Received 1 messages
[B: #13048@68] Found cat at [17, 10]
[B: #13048@68] Attacking cat at [17, 10]
[B: #10520@69] GameActionException in RobotPlayer:
[B: #10520@69] battlecode.common.GameActionException: Target location is not on the map
[B: #10520@69] 	at battlecode.world.RobotControllerImpl.assertCanSenseLocation(RobotControllerImpl.java:217)
[B: #10520@69] 	at battlecode.world.RobotControllerImpl.senseMapInfo(RobotControllerImpl.java:646)
[B: #10520@69] 	at teacher08a.CatAttacker.runReportBack(CatAttacker.java:185)
[B: #10520@69] 	at teacher08a.CatAttacker.doAction(CatAttacker.java:37)
[B: #10520@69] 	at teacher08a.RobotPlayer.run(RobotPlayer.java:25)
[B: #10520@69] 	at java.base/jdk.internal.reflect.DirectMethodHandleAccessor.invoke(DirectMethodHandleAccessor.java:103)
[B: #10520@69] 	at java.base/java.lang.reflect.Method.invoke(Method.java:580)
[B: #10520@69] 	at battlecode.instrumenter.SandboxedRobotPlayer.loadAndRunPlayerJava(SandboxedRobotPlayer.java:306)
[B: #10520@69] 	at battlecode.instrumenter.SandboxedRobotPlayer.loadAndRunPlayer(SandboxedRobotPlayer.java:268)
[B: #10520@69] 	at battlecode.instrumenter.SandboxedRobotPlayer.lambda$new$2(SandboxedRobotPlayer.java:202)
[B: #10520@69] 	at java.base/java.lang.Thread.run(Thread.java:1583)
[B: #13048@69] Sensed 1 robots
[B: #13048@69] Found cat at [15, 9]
[B: #10520@70] GameActionException in RobotPlayer:
[B: #10520@70] battlecode.common.GameActionException: Target location is not on the map
[B: #10520@70] 	at battlecode.world.RobotControllerImpl.assertCanSenseLocation(RobotControllerImpl.java:217)
[B: #10520@70] 	at battlecode.world.RobotControllerImpl.senseMapInfo(RobotControllerImpl.java:646)
[B: #10520@70] 	at teacher08a.CatAttacker.runReportBack(CatAttacker.java:185)
[B: #10520@70] 	at teacher08a.CatAttacker.doAction(CatAttacker.java:37)
[B: #10520@70] 	at teacher08a.RobotPlayer.run(RobotPlayer.java:25)
[B: #10520@70] 	at java.base/jdk.internal.reflect.DirectMethodHandleAccessor.invoke(DirectMethodHandleAccessor.java:103)
[B: #10520@70] 	at java.base/java.lang.reflect.Method.invoke(Method.java:580)
[B: #10520@70] 	at battlecode.instrumenter.SandboxedRobotPlayer.loadAndRunPlayerJava(SandboxedRobotPlayer.java:306)
[B: #10520@70] 	at battlecode.instrumenter.SandboxedRobotPlayer.loadAndRunPlayer(SandboxedRobotPlayer.java:268)
[B: #10520@70] 	at battlecode.instrumenter.SandboxedRobotPlayer.lambda$new$2(SandboxedRobotPlayer.java:202)
[B: #10520@70] 	at java.base/java.lang.Thread.run(Thread.java:1583)
[B: #13048@70] Sensed 1 robots
[B: #13048@70] Found cat at [15, 9]
[B: #10520@71] GameActionException in RobotPlayer:
[B: #10520@71] battlecode.common.GameActionException: Target location is not on the map
[B: #10520@71] 	at battlecode.world.RobotControllerImpl.assertCanSenseLocation(RobotControllerImpl.java:217)
[B: #10520@71] 	at battlecode.world.RobotControllerImpl.senseMapInfo(RobotControllerImpl.java:646)
[B: #10520@71] 	at teacher08a.CatAttacker.runReportBack(CatAttacker.java:185)
[B: #10520@71] 	at teacher08a.CatAttacker.doAction(CatAttacker.java:37)
[B: #10520@71] 	at teacher08a.RobotPlayer.run(RobotPlayer.java:25)
[B: #10520@71] 	at java.base/jdk.internal.reflect.DirectMethodHandleAccessor.invoke(DirectMethodHandleAccessor.java:103)
[B: #10520@71] 	at java.base/java.lang.reflect.Method.invoke(Method.java:580)
[B: #10520@71] 	at battlecode.instrumenter.SandboxedRobotPlayer.loadAndRunPlayerJava(SandboxedRobotPlayer.java:306)
[B: #10520@71] 	at battlecode.instrumenter.SandboxedRobotPlayer.loadAndRunPlayer(SandboxedRobotPlayer.java:268)
[B: #10520@71] 	at battlecode.instrumenter.SandboxedRobotPlayer.lambda$new$2(SandboxedRobotPlayer.java:202)
[B: #10520@71] 	at java.base/java.lang.Thread.run(Thread.java:1583)
[B: #13048@71] Sensed 1 robots
[B: #13048@71] Found cat at [15, 9]
[B: #10520@72] GameActionException in RobotPlayer:
[B: #10520@72] battlecode.common.GameActionException: Target location is not on the map
[B: #10520@72] 	at battlecode.world.RobotControllerImpl.assertCanSenseLocation(RobotControllerImpl.java:217)
[B: #10520@72] 	at battlecode.world.RobotControllerImpl.senseMapInfo(RobotControllerImpl.java:646)
[B: #10520@72] 	at teacher08a.CatAttacker.runReportBack(CatAttacker.java:185)
[B: #10520@72] 	at teacher08a.CatAttacker.doAction(CatAttacker.java:37)
[B: #10520@72] 	at teacher08a.RobotPlayer.run(RobotPlayer.java:25)
[B: #10520@72] 	at java.base/jdk.internal.reflect.DirectMethodHandleAccessor.invoke(DirectMethodHandleAccessor.java:103)
[B: #10520@72] 	at java.base/java.lang.reflect.Method.invoke(Method.java:580)
[B: #10520@72] 	at battlecode.instrumenter.SandboxedRobotPlayer.loadAndRunPlayerJava(SandboxedRobotPlayer.java:306)
[B: #10520@72] 	at battlecode.instrumenter.SandboxedRobotPlayer.loadAndRunPlayer(SandboxedRobotPlayer.java:268)
[B: #10520@72] 	at battlecode.instrumenter.SandboxedRobotPlayer.lambda$new$2(SandboxedRobotPlayer.java:202)
[B: #10520@72] 	at java.base/java.lang.Thread.run(Thread.java:1583)
[A: #13076@72] Found a new cheese mine at [17, 17]
[B: #13048@72] Sensed 1 robots
[B: #13048@72] Found cat at [15, 9]
[B: #14078@72] Sensed 2 robots
[B: #14078@72] Received 0 messages
[B: #14078@72] Received 0 messages
[B: #10520@73] GameActionException in RobotPlayer:
[B: #10520@73] battlecode.common.GameActionException: Target location is not on the map
[B: #10520@73] 	at battlecode.world.RobotControllerImpl.assertCanSenseLocation(RobotControllerImpl.java:217)
[B: #10520@73] 	at battlecode.world.RobotControllerImpl.senseMapInfo(RobotControllerImpl.java:646)
[B: #10520@73] 	at teacher08a.CatAttacker.runReportBack(CatAttacker.java:185)
[B: #10520@73] 	at teacher08a.CatAttacker.doAction(CatAttacker.java:37)
[B: #10520@73] 	at teacher08a.RobotPlayer.run(RobotPlayer.java:25)
[B: #10520@73] 	at java.base/jdk.internal.reflect.DirectMethodHandleAccessor.invoke(DirectMethodHandleAccessor.java:103)
[B: #10520@73] 	at java.base/java.lang.reflect.Method.invoke(Method.java:580)
[B: #10520@73] 	at battlecode.instrumenter.SandboxedRobotPlayer.loadAndRunPlayerJava(SandboxedRobotPlayer.java:306)
[B: #10520@73] 	at battlecode.instrumenter.SandboxedRobotPlayer.loadAndRunPlayer(SandboxedRobotPlayer.java:268)
[B: #10520@73] 	at battlecode.instrumenter.SandboxedRobotPlayer.lambda$new$2(SandboxedRobotPlayer.java:202)
[B: #10520@73] 	at java.base/java.lang.Thread.run(Thread.java:1583)
[B: #13048@73] Sensed 2 robots
[B: #13048@73] Found cat at [15, 9]
[B: #14078@73] Sensed 3 robots
[B: #14078@73] Received 0 messages
[B: #14078@73] Received 0 messages
[B: #14078@73] Found cat at [15, 9]
[B: #10520@74] GameActionException in RobotPlayer:
[B: #10520@74] battlecode.common.GameActionException: Target location is not on the map
[B: #10520@74] 	at battlecode.world.RobotControllerImpl.assertCanSenseLocation(RobotControllerImpl.java:217)
[B: #10520@74] 	at battlecode.world.RobotControllerImpl.senseMapInfo(RobotControllerImpl.java:646)
[B: #10520@74] 	at teacher08a.CatAttacker.runReportBack(CatAttacker.java:185)
[B: #10520@74] 	at teacher08a.CatAttacker.doAction(CatAttacker.java:37)
[B: #10520@74] 	at teacher08a.RobotPlayer.run(RobotPlayer.java:25)
[B: #10520@74] 	at java.base/jdk.internal.reflect.DirectMethodHandleAccessor.invoke(DirectMethodHandleAccessor.java:103)
[B: #10520@74] 	at java.base/java.lang.reflect.Method.invoke(Method.java:580)
[B: #10520@74] 	at battlecode.instrumenter.SandboxedRobotPlayer.loadAndRunPlayerJava(SandboxedRobotPlayer.java:306)
[B: #10520@74] 	at battlecode.instrumenter.SandboxedRobotPlayer.loadAndRunPlayer(SandboxedRobotPlayer.java:268)
[B: #10520@74] 	at battlecode.instrumenter.SandboxedRobotPlayer.lambda$new$2(SandboxedRobotPlayer.java:202)
[B: #10520@74] 	at java.base/java.lang.Thread.run(Thread.java:1583)
[A: #12490@74] Found a new cheese mine at [17, 17]
[B: #13048@74] Sensed 0 robots
[B: #13048@74] Found cat at [15, 9]
[B: #14078@74] Sensed 2 robots
[B: #14078@74] Found cat at [16, 10]
[B: #10520@75] GameActionException in RobotPlayer:
[B: #10520@75] battlecode.common.GameActionException: Target location is not on the map
[B: #10520@75] 	at battlecode.world.RobotControllerImpl.assertCanSenseLocation(RobotControllerImpl.java:217)
[B: #10520@75] 	at battlecode.world.RobotControllerImpl.senseMapInfo(RobotControllerImpl.java:646)
[B: #10520@75] 	at teacher08a.CatAttacker.runReportBack(CatAttacker.java:185)
[B: #10520@75] 	at teacher08a.CatAttacker.doAction(CatAttacker.java:37)
[B: #10520@75] 	at teacher08a.RobotPlayer.run(RobotPlayer.java:25)
[B: #10520@75] 	at java.base/jdk.internal.reflect.DirectMethodHandleAccessor.invoke(DirectMethodHandleAccessor.java:103)
[B: #10520@75] 	at java.base/java.lang.reflect.Method.invoke(Method.java:580)
[B: #10520@75] 	at battlecode.instrumenter.SandboxedRobotPlayer.loadAndRunPlayerJava(SandboxedRobotPlayer.java:306)
[B: #10520@75] 	at battlecode.instrumenter.SandboxedRobotPlayer.loadAndRunPlayer(SandboxedRobotPlayer.java:268)
[B: #10520@75] 	at battlecode.instrumenter.SandboxedRobotPlayer.lambda$new$2(SandboxedRobotPlayer.java:202)
[B: #10520@75] 	at java.base/java.lang.Thread.run(Thread.java:1583)
[B: #13048@75] Sensed 1 robots
[B: #13048@75] Received 0 messages
[B: #13048@75] Found cat at [15, 9]
[B: #14078@75] Sensed 2 robots
[B: #14078@75] Found cat at [16, 10]
[B: #10520@76] GameActionException in RobotPlayer:
[B: #10520@76] battlecode.common.GameActionException: Target location is not on the map
[B: #10520@76] 	at battlecode.world.RobotControllerImpl.assertCanSenseLocation(RobotControllerImpl.java:217)
[B: #10520@76] 	at battlecode.world.RobotControllerImpl.senseMapInfo(RobotControllerImpl.java:646)
[B: #10520@76] 	at teacher08a.CatAttacker.runReportBack(CatAttacker.java:185)
[B: #10520@76] 	at teacher08a.CatAttacker.doAction(CatAttacker.java:37)
[B: #10520@76] 	at teacher08a.RobotPlayer.run(RobotPlayer.java:25)
[B: #10520@76] 	at java.base/jdk.internal.reflect.DirectMethodHandleAccessor.invoke(DirectMethodHandleAccessor.java:103)
[B: #10520@76] 	at java.base/java.lang.reflect.Method.invoke(Method.java:580)
[B: #10520@76] 	at battlecode.instrumenter.SandboxedRobotPlayer.loadAndRunPlayerJava(SandboxedRobotPlayer.java:306)
[B: #10520@76] 	at battlecode.instrumenter.SandboxedRobotPlayer.loadAndRunPlayer(SandboxedRobotPlayer.java:268)
[B: #10520@76] 	at battlecode.instrumenter.SandboxedRobotPlayer.lambda$new$2(SandboxedRobotPlayer.java:202)
[B: #10520@76] 	at java.base/java.lang.Thread.run(Thread.java:1583)
[B: #13048@76] Sensed 2 robots
[B: #13048@76] Received 0 messages
[B: #13048@76] Received 0 messages
[B: #13048@76] Found cat at [15, 9]
[B: #14078@76] Sensed 1 robots
[B: #14078@76] Found cat at [17, 10]
[B: #10520@77] GameActionException in RobotPlayer:
[B: #10520@77] battlecode.common.GameActionException: Target location is not on the map
[B: #10520@77] 	at battlecode.world.RobotControllerImpl.assertCanSenseLocation(RobotControllerImpl.java:217)
[B: #10520@77] 	at battlecode.world.RobotControllerImpl.senseMapInfo(RobotControllerImpl.java:646)
[B: #10520@77] 	at teacher08a.CatAttacker.runReportBack(CatAttacker.java:185)
[B: #10520@77] 	at teacher08a.CatAttacker.doAction(CatAttacker.java:37)
[B: #10520@77] 	at teacher08a.RobotPlayer.run(RobotPlayer.java:25)
[B: #10520@77] 	at java.base/jdk.internal.reflect.DirectMethodHandleAccessor.invoke(DirectMethodHandleAccessor.java:103)
[B: #10520@77] 	at java.base/java.lang.reflect.Method.invoke(Method.java:580)
[B: #10520@77] 	at battlecode.instrumenter.SandboxedRobotPlayer.loadAndRunPlayerJava(SandboxedRobotPlayer.java:306)
[B: #10520@77] 	at battlecode.instrumenter.SandboxedRobotPlayer.loadAndRunPlayer(SandboxedRobotPlayer.java:268)
[B: #10520@77] 	at battlecode.instrumenter.SandboxedRobotPlayer.lambda$new$2(SandboxedRobotPlayer.java:202)
[B: #10520@77] 	at java.base/java.lang.Thread.run(Thread.java:1583)
[B: #13048@77] Sensed 3 robots
[B: #13048@77] Received 0 messages
[B: #13048@77] Received 0 messages
[B: #13048@77] Received 0 messages
[B: #13048@77] Found cat at [15, 9]
[B: #13048@77] Reporting back with dice 9
[B: #14078@77] Sensed 1 robots
[B: #14078@77] Found cat at [17, 10]
[B: #14078@77] Attacking cat at [17, 10]
[B: #10520@78] GameActionException in RobotPlayer:
[B: #10520@78] battlecode.common.GameActionException: Target location is not on the map
[B: #10520@78] 	at battlecode.world.RobotControllerImpl.assertCanSenseLocation(RobotControllerImpl.java:217)
[B: #10520@78] 	at battlecode.world.RobotControllerImpl.senseMapInfo(RobotControllerImpl.java:646)
[B: #10520@78] 	at teacher08a.CatAttacker.runReportBack(CatAttacker.java:185)
[B: #10520@78] 	at teacher08a.CatAttacker.doAction(CatAttacker.java:37)
[B: #10520@78] 	at teacher08a.RobotPlayer.run(RobotPlayer.java:25)
[B: #10520@78] 	at java.base/jdk.internal.reflect.DirectMethodHandleAccessor.invoke(DirectMethodHandleAccessor.java:103)
[B: #10520@78] 	at java.base/java.lang.reflect.Method.invoke(Method.java:580)
[B: #10520@78] 	at battlecode.instrumenter.SandboxedRobotPlayer.loadAndRunPlayerJava(SandboxedRobotPlayer.java:306)
[B: #10520@78] 	at battlecode.instrumenter.SandboxedRobotPlayer.loadAndRunPlayer(SandboxedRobotPlayer.java:268)
[B: #10520@78] 	at battlecode.instrumenter.SandboxedRobotPlayer.lambda$new$2(SandboxedRobotPlayer.java:202)
[B: #10520@78] 	at java.base/java.lang.Thread.run(Thread.java:1583)
[B: #12239@78] Can sense kingLoc [19, 4] ? false at distSquared 145
[B: #13048@78] From [14, 9] Sent a squeak 17353 for cat at [15, 9]
[B: #10520@79] GameActionException in RobotPlayer:
[B: #10520@79] battlecode.common.GameActionException: Target location is not on the map
[B: #10520@79] 	at battlecode.world.RobotControllerImpl.assertCanSenseLocation(RobotControllerImpl.java:217)
[B: #10520@79] 	at battlecode.world.RobotControllerImpl.senseMapInfo(RobotControllerImpl.java:646)
[B: #10520@79] 	at teacher08a.CatAttacker.runReportBack(CatAttacker.java:185)
[B: #10520@79] 	at teacher08a.CatAttacker.doAction(CatAttacker.java:37)
[B: #10520@79] 	at teacher08a.RobotPlayer.run(RobotPlayer.java:25)
[B: #10520@79] 	at java.base/jdk.internal.reflect.DirectMethodHandleAccessor.invoke(DirectMethodHandleAccessor.java:103)
[B: #10520@79] 	at java.base/java.lang.reflect.Method.invoke(Method.java:580)
[B: #10520@79] 	at battlecode.instrumenter.SandboxedRobotPlayer.loadAndRunPlayerJava(SandboxedRobotPlayer.java:306)
[B: #10520@79] 	at battlecode.instrumenter.SandboxedRobotPlayer.loadAndRunPlayer(SandboxedRobotPlayer.java:268)
[B: #10520@79] 	at battlecode.instrumenter.SandboxedRobotPlayer.lambda$new$2(SandboxedRobotPlayer.java:202)
[B: #10520@79] 	at java.base/java.lang.Thread.run(Thread.java:1583)
[B: #12239@79] Can sense kingLoc [19, 4] ? false at distSquared 122
[B: #13048@79] Sensed 3 robots
[B: #13048@79] Received 0 messages
[B: #13048@79] Received 0 messages
[B: #13048@79] Found cat at [16, 9]
[B: #13048@79] Attacking cat at [16, 9]
[B: #10520@80] GameActionException in RobotPlayer:
[B: #10520@80] battlecode.common.GameActionException: Target location is not on the map
[B: #10520@80] 	at battlecode.world.RobotControllerImpl.assertCanSenseLocation(RobotControllerImpl.java:217)
[B: #10520@80] 	at battlecode.world.RobotControllerImpl.senseMapInfo(RobotControllerImpl.java:646)
[B: #10520@80] 	at teacher08a.CatAttacker.runReportBack(CatAttacker.java:185)
[B: #10520@80] 	at teacher08a.CatAttacker.doAction(CatAttacker.java:37)
[B: #10520@80] 	at teacher08a.RobotPlayer.run(RobotPlayer.java:25)
[B: #10520@80] 	at java.base/jdk.internal.reflect.DirectMethodHandleAccessor.invoke(DirectMethodHandleAccessor.java:103)
[B: #10520@80] 	at java.base/java.lang.reflect.Method.invoke(Method.java:580)
[B: #10520@80] 	at battlecode.instrumenter.SandboxedRobotPlayer.loadAndRunPlayerJava(SandboxedRobotPlayer.java:306)
[B: #10520@80] 	at battlecode.instrumenter.SandboxedRobotPlayer.loadAndRunPlayer(SandboxedRobotPlayer.java:268)
[B: #10520@80] 	at battlecode.instrumenter.SandboxedRobotPlayer.lambda$new$2(SandboxedRobotPlayer.java:202)
[B: #10520@80] 	at java.base/java.lang.Thread.run(Thread.java:1583)
[B: #12239@80] Can sense kingLoc [19, 4] ? false at distSquared 101
[B: #10520@81] GameActionException in RobotPlayer:
[B: #10520@81] battlecode.common.GameActionException: Target location is not on the map
[B: #10520@81] 	at battlecode.world.RobotControllerImpl.assertCanSenseLocation(RobotControllerImpl.java:217)
[B: #10520@81] 	at battlecode.world.RobotControllerImpl.senseMapInfo(RobotControllerImpl.java:646)
[B: #10520@81] 	at teacher08a.CatAttacker.runReportBack(CatAttacker.java:185)
[B: #10520@81] 	at teacher08a.CatAttacker.doAction(CatAttacker.java:37)
[B: #10520@81] 	at teacher08a.RobotPlayer.run(RobotPlayer.java:25)
[B: #10520@81] 	at java.base/jdk.internal.reflect.DirectMethodHandleAccessor.invoke(DirectMethodHandleAccessor.java:103)
[B: #10520@81] 	at java.base/java.lang.reflect.Method.invoke(Method.java:580)
[B: #10520@81] 	at battlecode.instrumenter.SandboxedRobotPlayer.loadAndRunPlayerJava(SandboxedRobotPlayer.java:306)
[B: #10520@81] 	at battlecode.instrumenter.SandboxedRobotPlayer.loadAndRunPlayer(SandboxedRobotPlayer.java:268)
[B: #10520@81] 	at battlecode.instrumenter.SandboxedRobotPlayer.lambda$new$2(SandboxedRobotPlayer.java:202)
[B: #10520@81] 	at java.base/java.lang.Thread.run(Thread.java:1583)
[B: #12239@81] Can sense kingLoc [19, 4] ? false at distSquared 101
[B: #10520@82] GameActionException in RobotPlayer:
[B: #10520@82] battlecode.common.GameActionException: Target location is not on the map
[B: #10520@82] 	at battlecode.world.RobotControllerImpl.assertCanSenseLocation(RobotControllerImpl.java:217)
[B: #10520@82] 	at battlecode.world.RobotControllerImpl.senseMapInfo(RobotControllerImpl.java:646)
[B: #10520@82] 	at teacher08a.CatAttacker.runReportBack(CatAttacker.java:185)
[B: #10520@82] 	at teacher08a.CatAttacker.doAction(CatAttacker.java:37)
[B: #10520@82] 	at teacher08a.RobotPlayer.run(RobotPlayer.java:25)
[B: #10520@82] 	at java.base/jdk.internal.reflect.DirectMethodHandleAccessor.invoke(DirectMethodHandleAccessor.java:103)
[B: #10520@82] 	at java.base/java.lang.reflect.Method.invoke(Method.java:580)
[B: #10520@82] 	at battlecode.instrumenter.SandboxedRobotPlayer.loadAndRunPlayerJava(SandboxedRobotPlayer.java:306)
[B: #10520@82] 	at battlecode.instrumenter.SandboxedRobotPlayer.loadAndRunPlayer(SandboxedRobotPlayer.java:268)
[B: #10520@82] 	at battlecode.instrumenter.SandboxedRobotPlayer.lambda$new$2(SandboxedRobotPlayer.java:202)
[B: #10520@82] 	at java.base/java.lang.Thread.run(Thread.java:1583)
[B: #12239@82] Can sense kingLoc [19, 4] ? false at distSquared 101
[B: #10909@82] Sensed 2 robots
[B: #10909@82] Received 0 messages
[B: #10909@82] Received 0 messages
[B: #10520@83] GameActionException in RobotPlayer:
[B: #10520@83] battlecode.common.GameActionException: Target location is not on the map
[B: #10520@83] 	at battlecode.world.RobotControllerImpl.assertCanSenseLocation(RobotControllerImpl.java:217)
[B: #10520@83] 	at battlecode.world.RobotControllerImpl.senseMapInfo(RobotControllerImpl.java:646)
[B: #10520@83] 	at teacher08a.CatAttacker.runReportBack(CatAttacker.java:185)
[B: #10520@83] 	at teacher08a.CatAttacker.doAction(CatAttacker.java:37)
[B: #10520@83] 	at teacher08a.RobotPlayer.run(RobotPlayer.java:25)
[B: #10520@83] 	at java.base/jdk.internal.reflect.DirectMethodHandleAccessor.invoke(DirectMethodHandleAccessor.java:103)
[B: #10520@83] 	at java.base/java.lang.reflect.Method.invoke(Method.java:580)
[B: #10520@83] 	at battlecode.instrumenter.SandboxedRobotPlayer.loadAndRunPlayerJava(SandboxedRobotPlayer.java:306)
[B: #10520@83] 	at battlecode.instrumenter.SandboxedRobotPlayer.loadAndRunPlayer(SandboxedRobotPlayer.java:268)
[B: #10520@83] 	at battlecode.instrumenter.SandboxedRobotPlayer.lambda$new$2(SandboxedRobotPlayer.java:202)
[B: #10520@83] 	at java.base/java.lang.Thread.run(Thread.java:1583)
[B: #12239@83] Can sense kingLoc [19, 4] ? false at distSquared 82
[B: #10909@83] Sensed 3 robots
[B: #10909@83] Received 0 messages
[B: #10909@83] Received 0 messages
[B: #10909@83] Found cat at [14, 7]
[B: #10520@84] GameActionException in RobotPlayer:
[B: #10520@84] battlecode.common.GameActionException: Target location is not on the map
[B: #10520@84] 	at battlecode.world.RobotControllerImpl.assertCanSenseLocation(RobotControllerImpl.java:217)
[B: #10520@84] 	at battlecode.world.RobotControllerImpl.senseMapInfo(RobotControllerImpl.java:646)
[B: #10520@84] 	at teacher08a.CatAttacker.runReportBack(CatAttacker.java:185)
[B: #10520@84] 	at teacher08a.CatAttacker.doAction(CatAttacker.java:37)
[B: #10520@84] 	at teacher08a.RobotPlayer.run(RobotPlayer.java:25)
[B: #10520@84] 	at java.base/jdk.internal.reflect.DirectMethodHandleAccessor.invoke(DirectMethodHandleAccessor.java:103)
[B: #10520@84] 	at java.base/java.lang.reflect.Method.invoke(Method.java:580)
[B: #10520@84] 	at battlecode.instrumenter.SandboxedRobotPlayer.loadAndRunPlayerJava(SandboxedRobotPlayer.java:306)
[B: #10520@84] 	at battlecode.instrumenter.SandboxedRobotPlayer.loadAndRunPlayer(SandboxedRobotPlayer.java:268)
[B: #10520@84] 	at battlecode.instrumenter.SandboxedRobotPlayer.lambda$new$2(SandboxedRobotPlayer.java:202)
[B: #10520@84] 	at java.base/java.lang.Thread.run(Thread.java:1583)
[B: #12239@84] Can sense kingLoc [19, 4] ? false at distSquared 65
[B: #10909@84] Sensed 3 robots
[B: #10909@84] Received 0 messages
[B: #10909@84] Received 0 messages
[B: #10909@84] Found cat at [13, 6]
[B: #10520@85] GameActionException in RobotPlayer:
[B: #10520@85] battlecode.common.GameActionException: Target location is not on the map
[B: #10520@85] 	at battlecode.world.RobotControllerImpl.assertCanSenseLocation(RobotControllerImpl.java:217)
[B: #10520@85] 	at battlecode.world.RobotControllerImpl.senseMapInfo(RobotControllerImpl.java:646)
[B: #10520@85] 	at teacher08a.CatAttacker.runReportBack(CatAttacker.java:185)
[B: #10520@85] 	at teacher08a.CatAttacker.doAction(CatAttacker.java:37)
[B: #10520@85] 	at teacher08a.RobotPlayer.run(RobotPlayer.java:25)
[B: #10520@85] 	at java.base/jdk.internal.reflect.DirectMethodHandleAccessor.invoke(DirectMethodHandleAccessor.java:103)
[B: #10520@85] 	at java.base/java.lang.reflect.Method.invoke(Method.java:580)
[B: #10520@85] 	at battlecode.instrumenter.SandboxedRobotPlayer.loadAndRunPlayerJava(SandboxedRobotPlayer.java:306)
[B: #10520@85] 	at battlecode.instrumenter.SandboxedRobotPlayer.loadAndRunPlayer(SandboxedRobotPlayer.java:268)
[B: #10520@85] 	at battlecode.instrumenter.SandboxedRobotPlayer.lambda$new$2(SandboxedRobotPlayer.java:202)
[B: #10520@85] 	at java.base/java.lang.Thread.run(Thread.java:1583)
[B: #12239@85] Can sense kingLoc [19, 4] ? false at distSquared 50
[B: #10909@85] Sensed 3 robots
[B: #10909@85] Received 0 messages
[B: #10909@85] Found cat at [13, 6]
[B: #10520@86] GameActionException in RobotPlayer:
[B: #10520@86] battlecode.common.GameActionException: Target location is not on the map
[B: #10520@86] 	at battlecode.world.RobotControllerImpl.assertCanSenseLocation(RobotControllerImpl.java:217)
[B: #10520@86] 	at battlecode.world.RobotControllerImpl.senseMapInfo(RobotControllerImpl.java:646)
[B: #10520@86] 	at teacher08a.CatAttacker.runReportBack(CatAttacker.java:185)
[B: #10520@86] 	at teacher08a.CatAttacker.doAction(CatAttacker.java:37)
[B: #10520@86] 	at teacher08a.RobotPlayer.run(RobotPlayer.java:25)
[B: #10520@86] 	at java.base/jdk.internal.reflect.DirectMethodHandleAccessor.invoke(DirectMethodHandleAccessor.java:103)
[B: #10520@86] 	at java.base/java.lang.reflect.Method.invoke(Method.java:580)
[B: #10520@86] 	at battlecode.instrumenter.SandboxedRobotPlayer.loadAndRunPlayerJava(SandboxedRobotPlayer.java:306)
[B: #10520@86] 	at battlecode.instrumenter.SandboxedRobotPlayer.loadAndRunPlayer(SandboxedRobotPlayer.java:268)
[B: #10520@86] 	at battlecode.instrumenter.SandboxedRobotPlayer.lambda$new$2(SandboxedRobotPlayer.java:202)
[B: #10520@86] 	at java.base/java.lang.Thread.run(Thread.java:1583)
[B: #12239@86] Can sense kingLoc [19, 4] ? false at distSquared 37
[B: #10909@86] Sensed 2 robots
[B: #10909@86] Received 0 messages
[B: #10909@86] Found cat at [12, 6]
[B: #10520@87] GameActionException in RobotPlayer:
[B: #10520@87] battlecode.common.GameActionException: Target location is not on the map
[B: #10520@87] 	at battlecode.world.RobotControllerImpl.assertCanSenseLocation(RobotControllerImpl.java:217)
[B: #10520@87] 	at battlecode.world.RobotControllerImpl.senseMapInfo(RobotControllerImpl.java:646)
[B: #10520@87] 	at teacher08a.CatAttacker.runReportBack(CatAttacker.java:185)
[B: #10520@87] 	at teacher08a.CatAttacker.doAction(CatAttacker.java:37)
[B: #10520@87] 	at teacher08a.RobotPlayer.run(RobotPlayer.java:25)
[B: #10520@87] 	at java.base/jdk.internal.reflect.DirectMethodHandleAccessor.invoke(DirectMethodHandleAccessor.java:103)
[B: #10520@87] 	at java.base/java.lang.reflect.Method.invoke(Method.java:580)
[B: #10520@87] 	at battlecode.instrumenter.SandboxedRobotPlayer.loadAndRunPlayerJava(SandboxedRobotPlayer.java:306)
[B: #10520@87] 	at battlecode.instrumenter.SandboxedRobotPlayer.loadAndRunPlayer(SandboxedRobotPlayer.java:268)
[B: #10520@87] 	at battlecode.instrumenter.SandboxedRobotPlayer.lambda$new$2(SandboxedRobotPlayer.java:202)
[B: #10520@87] 	at java.base/java.lang.Thread.run(Thread.java:1583)
[B: #12239@87] Can sense kingLoc [19, 4] ? false at distSquared 37
[B: #10909@87] Sensed 4 robots
[B: #10909@87] Received 0 messages
[B: #10909@87] Found cat at [12, 6]
[B: #10520@88] GameActionException in RobotPlayer:
[B: #10520@88] battlecode.common.GameActionException: Target location is not on the map
[B: #10520@88] 	at battlecode.world.RobotControllerImpl.assertCanSenseLocation(RobotControllerImpl.java:217)
[B: #10520@88] 	at battlecode.world.RobotControllerImpl.senseMapInfo(RobotControllerImpl.java:646)
[B: #10520@88] 	at teacher08a.CatAttacker.runReportBack(CatAttacker.java:185)
[B: #10520@88] 	at teacher08a.CatAttacker.doAction(CatAttacker.java:37)
[B: #10520@88] 	at teacher08a.RobotPlayer.run(RobotPlayer.java:25)
[B: #10520@88] 	at java.base/jdk.internal.reflect.DirectMethodHandleAccessor.invoke(DirectMethodHandleAccessor.java:103)
[B: #10520@88] 	at java.base/java.lang.reflect.Method.invoke(Method.java:580)
[B: #10520@88] 	at battlecode.instrumenter.SandboxedRobotPlayer.loadAndRunPlayerJava(SandboxedRobotPlayer.java:306)
[B: #10520@88] 	at battlecode.instrumenter.SandboxedRobotPlayer.loadAndRunPlayer(SandboxedRobotPlayer.java:268)
[B: #10520@88] 	at battlecode.instrumenter.SandboxedRobotPlayer.lambda$new$2(SandboxedRobotPlayer.java:202)
[B: #10520@88] 	at java.base/java.lang.Thread.run(Thread.java:1583)
[B: #12239@88] Can sense kingLoc [19, 4] ? false at distSquared 26
[B: #10909@88] Sensed 2 robots
[B: #10909@88] Found cat at [12, 6]
[B: #10520@89] GameActionException in RobotPlayer:
[B: #10520@89] battlecode.common.GameActionException: Target location is not on the map
[B: #10520@89] 	at battlecode.world.RobotControllerImpl.assertCanSenseLocation(RobotControllerImpl.java:217)
[B: #10520@89] 	at battlecode.world.RobotControllerImpl.senseMapInfo(RobotControllerImpl.java:646)
[B: #10520@89] 	at teacher08a.CatAttacker.runReportBack(CatAttacker.java:185)
[B: #10520@89] 	at teacher08a.CatAttacker.doAction(CatAttacker.java:37)
[B: #10520@89] 	at teacher08a.RobotPlayer.run(RobotPlayer.java:25)
[B: #10520@89] 	at java.base/jdk.internal.reflect.DirectMethodHandleAccessor.invoke(DirectMethodHandleAccessor.java:103)
[B: #10520@89] 	at java.base/java.lang.reflect.Method.invoke(Method.java:580)
[B: #10520@89] 	at battlecode.instrumenter.SandboxedRobotPlayer.loadAndRunPlayerJava(SandboxedRobotPlayer.java:306)
[B: #10520@89] 	at battlecode.instrumenter.SandboxedRobotPlayer.loadAndRunPlayer(SandboxedRobotPlayer.java:268)
[B: #10520@89] 	at battlecode.instrumenter.SandboxedRobotPlayer.lambda$new$2(SandboxedRobotPlayer.java:202)
[B: #10520@89] 	at java.base/java.lang.Thread.run(Thread.java:1583)
[B: #12239@89] Can sense kingLoc [19, 4] ? true at distSquared 17
[B: #12239@89] Received 0 messages
[B: #10909@89] Sensed 1 robots
[B: #10909@89] Found cat at [10, 4]
[B: #10520@90] GameActionException in RobotPlayer:
[B: #10520@90] battlecode.common.GameActionException: Target location is not on the map
[B: #10520@90] 	at battlecode.world.RobotControllerImpl.assertCanSenseLocation(RobotControllerImpl.java:217)
[B: #10520@90] 	at battlecode.world.RobotControllerImpl.senseMapInfo(RobotControllerImpl.java:646)
[B: #10520@90] 	at teacher08a.CatAttacker.runReportBack(CatAttacker.java:185)
[B: #10520@90] 	at teacher08a.CatAttacker.doAction(CatAttacker.java:37)
[B: #10520@90] 	at teacher08a.RobotPlayer.run(RobotPlayer.java:25)
[B: #10520@90] 	at java.base/jdk.internal.reflect.DirectMethodHandleAccessor.invoke(DirectMethodHandleAccessor.java:103)
[B: #10520@90] 	at java.base/java.lang.reflect.Method.invoke(Method.java:580)
[B: #10520@90] 	at battlecode.instrumenter.SandboxedRobotPlayer.loadAndRunPlayerJava(SandboxedRobotPlayer.java:306)
[B: #10520@90] 	at battlecode.instrumenter.SandboxedRobotPlayer.loadAndRunPlayer(SandboxedRobotPlayer.java:268)
[B: #10520@90] 	at battlecode.instrumenter.SandboxedRobotPlayer.lambda$new$2(SandboxedRobotPlayer.java:202)
[B: #10520@90] 	at java.base/java.lang.Thread.run(Thread.java:1583)
[A: #10271@90] Found a new cheese mine at [2, 2]
[B: #10909@90] Sensed 1 robots
[B: #10909@90] Found cat at [10, 4]
[B: #10520@91] GameActionException in RobotPlayer:
[B: #10520@91] battlecode.common.GameActionException: Target location is not on the map
[B: #10520@91] 	at battlecode.world.RobotControllerImpl.assertCanSenseLocation(RobotControllerImpl.java:217)
[B: #10520@91] 	at battlecode.world.RobotControllerImpl.senseMapInfo(RobotControllerImpl.java:646)
[B: #10520@91] 	at teacher08a.CatAttacker.runReportBack(CatAttacker.java:185)
[B: #10520@91] 	at teacher08a.CatAttacker.doAction(CatAttacker.java:37)
[B: #10520@91] 	at teacher08a.RobotPlayer.run(RobotPlayer.java:25)
[B: #10520@91] 	at java.base/jdk.internal.reflect.DirectMethodHandleAccessor.invoke(DirectMethodHandleAccessor.java:103)
[B: #10520@91] 	at java.base/java.lang.reflect.Method.invoke(Method.java:580)
[B: #10520@91] 	at battlecode.instrumenter.SandboxedRobotPlayer.loadAndRunPlayerJava(SandboxedRobotPlayer.java:306)
[B: #10520@91] 	at battlecode.instrumenter.SandboxedRobotPlayer.loadAndRunPlayer(SandboxedRobotPlayer.java:268)
[B: #10520@91] 	at battlecode.instrumenter.SandboxedRobotPlayer.lambda$new$2(SandboxedRobotPlayer.java:202)
[B: #10520@91] 	at java.base/java.lang.Thread.run(Thread.java:1583)
[B: #10909@91] Sensed 1 robots
[B: #10909@91] Found cat at [10, 4]
[B: #10520@92] GameActionException in RobotPlayer:
[B: #10520@92] battlecode.common.GameActionException: Target location is not on the map
[B: #10520@92] 	at battlecode.world.RobotControllerImpl.assertCanSenseLocation(RobotControllerImpl.java:217)
[B: #10520@92] 	at battlecode.world.RobotControllerImpl.senseMapInfo(RobotControllerImpl.java:646)
[B: #10520@92] 	at teacher08a.CatAttacker.runReportBack(CatAttacker.java:185)
[B: #10520@92] 	at teacher08a.CatAttacker.doAction(CatAttacker.java:37)
[B: #10520@92] 	at teacher08a.RobotPlayer.run(RobotPlayer.java:25)
[B: #10520@92] 	at java.base/jdk.internal.reflect.DirectMethodHandleAccessor.invoke(DirectMethodHandleAccessor.java:103)
[B: #10520@92] 	at java.base/java.lang.reflect.Method.invoke(Method.java:580)
[B: #10520@92] 	at battlecode.instrumenter.SandboxedRobotPlayer.loadAndRunPlayerJava(SandboxedRobotPlayer.java:306)
[B: #10520@92] 	at battlecode.instrumenter.SandboxedRobotPlayer.loadAndRunPlayer(SandboxedRobotPlayer.java:268)
[B: #10520@92] 	at battlecode.instrumenter.SandboxedRobotPlayer.lambda$new$2(SandboxedRobotPlayer.java:202)
[B: #10520@92] 	at java.base/java.lang.Thread.run(Thread.java:1583)
[B: #10909@92] Sensed 2 robots
[B: #10909@92] Received 0 messages
[B: #10909@92] Found cat at [10, 4]
[B: #10403@92] Sensed 1 robots
[B: #10403@92] Received 0 messages
[B: #10520@93] GameActionException in RobotPlayer:
[B: #10520@93] battlecode.common.GameActionException: Target location is not on the map
[B: #10520@93] 	at battlecode.world.RobotControllerImpl.assertCanSenseLocation(RobotControllerImpl.java:217)
[B: #10520@93] 	at battlecode.world.RobotControllerImpl.senseMapInfo(RobotControllerImpl.java:646)
[B: #10520@93] 	at teacher08a.CatAttacker.runReportBack(CatAttacker.java:185)
[B: #10520@93] 	at teacher08a.CatAttacker.doAction(CatAttacker.java:37)
[B: #10520@93] 	at teacher08a.RobotPlayer.run(RobotPlayer.java:25)
[B: #10520@93] 	at java.base/jdk.internal.reflect.DirectMethodHandleAccessor.invoke(DirectMethodHandleAccessor.java:103)
[B: #10520@93] 	at java.base/java.lang.reflect.Method.invoke(Method.java:580)
[B: #10520@93] 	at battlecode.instrumenter.SandboxedRobotPlayer.loadAndRunPlayerJava(SandboxedRobotPlayer.java:306)
[B: #10520@93] 	at battlecode.instrumenter.SandboxedRobotPlayer.loadAndRunPlayer(SandboxedRobotPlayer.java:268)
[B: #10520@93] 	at battlecode.instrumenter.SandboxedRobotPlayer.lambda$new$2(SandboxedRobotPlayer.java:202)
[B: #10520@93] 	at java.base/java.lang.Thread.run(Thread.java:1583)
[B: #10909@93] Sensed 2 robots
[B: #10909@93] Found cat at [12, 1]
[B: #10403@93] Sensed 0 robots
[B: #10520@94] GameActionException in RobotPlayer:
[B: #10520@94] battlecode.common.GameActionException: Target location is not on the map
[B: #10520@94] 	at battlecode.world.RobotControllerImpl.assertCanSenseLocation(RobotControllerImpl.java:217)
[B: #10520@94] 	at battlecode.world.RobotControllerImpl.senseMapInfo(RobotControllerImpl.java:646)
[B: #10520@94] 	at teacher08a.CatAttacker.runReportBack(CatAttacker.java:185)
[B: #10520@94] 	at teacher08a.CatAttacker.doAction(CatAttacker.java:37)
[B: #10520@94] 	at teacher08a.RobotPlayer.run(RobotPlayer.java:25)
[B: #10520@94] 	at java.base/jdk.internal.reflect.DirectMethodHandleAccessor.invoke(DirectMethodHandleAccessor.java:103)
[B: #10520@94] 	at java.base/java.lang.reflect.Method.invoke(Method.java:580)
[B: #10520@94] 	at battlecode.instrumenter.SandboxedRobotPlayer.loadAndRunPlayerJava(SandboxedRobotPlayer.java:306)
[B: #10520@94] 	at battlecode.instrumenter.SandboxedRobotPlayer.loadAndRunPlayer(SandboxedRobotPlayer.java:268)
[B: #10520@94] 	at battlecode.instrumenter.SandboxedRobotPlayer.lambda$new$2(SandboxedRobotPlayer.java:202)
[B: #10520@94] 	at java.base/java.lang.Thread.run(Thread.java:1583)
[B: #10909@94] Sensed 2 robots
[B: #10909@94] Received 0 messages
[B: #10909@94] Found cat at [12, 1]
[B: #10403@94] Sensed 1 robots
[B: #10403@94] Received 0 messages
[B: #10520@95] GameActionException in RobotPlayer:
[B: #10520@95] battlecode.common.GameActionException: Target location is not on the map
[B: #10520@95] 	at battlecode.world.RobotControllerImpl.assertCanSenseLocation(RobotControllerImpl.java:217)
[B: #10520@95] 	at battlecode.world.RobotControllerImpl.senseMapInfo(RobotControllerImpl.java:646)
[B: #10520@95] 	at teacher08a.CatAttacker.runReportBack(CatAttacker.java:185)
[B: #10520@95] 	at teacher08a.CatAttacker.doAction(CatAttacker.java:37)
[B: #10520@95] 	at teacher08a.RobotPlayer.run(RobotPlayer.java:25)
[B: #10520@95] 	at java.base/jdk.internal.reflect.DirectMethodHandleAccessor.invoke(DirectMethodHandleAccessor.java:103)
[B: #10520@95] 	at java.base/java.lang.reflect.Method.invoke(Method.java:580)
[B: #10520@95] 	at battlecode.instrumenter.SandboxedRobotPlayer.loadAndRunPlayerJava(SandboxedRobotPlayer.java:306)
[B: #10520@95] 	at battlecode.instrumenter.SandboxedRobotPlayer.loadAndRunPlayer(SandboxedRobotPlayer.java:268)
[B: #10520@95] 	at battlecode.instrumenter.SandboxedRobotPlayer.lambda$new$2(SandboxedRobotPlayer.java:202)
[B: #10520@95] 	at java.base/java.lang.Thread.run(Thread.java:1583)
[B: #10909@95] Sensed 2 robots
[B: #10909@95] Received 0 messages
[B: #10909@95] Found cat at [12, 1]
[B: #10403@95] Sensed 1 robots
[B: #10403@95] Received 0 messages
[B: #10520@96] GameActionException in RobotPlayer:
[B: #10520@96] battlecode.common.GameActionException: Target location is not on the map
[B: #10520@96] 	at battlecode.world.RobotControllerImpl.assertCanSenseLocation(RobotControllerImpl.java:217)
[B: #10520@96] 	at battlecode.world.RobotControllerImpl.senseMapInfo(RobotControllerImpl.java:646)
[B: #10520@96] 	at teacher08a.CatAttacker.runReportBack(CatAttacker.java:185)
[B: #10520@96] 	at teacher08a.CatAttacker.doAction(CatAttacker.java:37)
[B: #10520@96] 	at teacher08a.RobotPlayer.run(RobotPlayer.java:25)
[B: #10520@96] 	at java.base/jdk.internal.reflect.DirectMethodHandleAccessor.invoke(DirectMethodHandleAccessor.java:103)
[B: #10520@96] 	at java.base/java.lang.reflect.Method.invoke(Method.java:580)
[B: #10520@96] 	at battlecode.instrumenter.SandboxedRobotPlayer.loadAndRunPlayerJava(SandboxedRobotPlayer.java:306)
[B: #10520@96] 	at battlecode.instrumenter.SandboxedRobotPlayer.loadAndRunPlayer(SandboxedRobotPlayer.java:268)
[B: #10520@96] 	at battlecode.instrumenter.SandboxedRobotPlayer.lambda$new$2(SandboxedRobotPlayer.java:202)
[B: #10520@96] 	at java.base/java.lang.Thread.run(Thread.java:1583)
[B: #10909@96] Sensed 0 robots
[B: #10909@96] Found cat at [12, 1]
[B: #10403@96] Sensed 1 robots
[B: #10403@96] Received 0 messages
[B: #10520@97] GameActionException in RobotPlayer:
[B: #10520@97] battlecode.common.GameActionException: Target location is not on the map
[B: #10520@97] 	at battlecode.world.RobotControllerImpl.assertCanSenseLocation(RobotControllerImpl.java:217)
[B: #10520@97] 	at battlecode.world.RobotControllerImpl.senseMapInfo(RobotControllerImpl.java:646)
[B: #10520@97] 	at teacher08a.CatAttacker.runReportBack(CatAttacker.java:185)
[B: #10520@97] 	at teacher08a.CatAttacker.doAction(CatAttacker.java:37)
[B: #10520@97] 	at teacher08a.RobotPlayer.run(RobotPlayer.java:25)
[B: #10520@97] 	at java.base/jdk.internal.reflect.DirectMethodHandleAccessor.invoke(DirectMethodHandleAccessor.java:103)
[B: #10520@97] 	at java.base/java.lang.reflect.Method.invoke(Method.java:580)
[B: #10520@97] 	at battlecode.instrumenter.SandboxedRobotPlayer.loadAndRunPlayerJava(SandboxedRobotPlayer.java:306)
[B: #10520@97] 	at battlecode.instrumenter.SandboxedRobotPlayer.loadAndRunPlayer(SandboxedRobotPlayer.java:268)
[B: #10520@97] 	at battlecode.instrumenter.SandboxedRobotPlayer.lambda$new$2(SandboxedRobotPlayer.java:202)
[B: #10520@97] 	at java.base/java.lang.Thread.run(Thread.java:1583)
[B: #10403@97] Sensed 2 robots
[B: #10403@97] Received 0 messages
[B: #10403@97] Received 0 messages
[B: #10520@98] GameActionException in RobotPlayer:
[B: #10520@98] battlecode.common.GameActionException: Target location is not on the map
[B: #10520@98] 	at battlecode.world.RobotControllerImpl.assertCanSenseLocation(RobotControllerImpl.java:217)
[B: #10520@98] 	at battlecode.world.RobotControllerImpl.senseMapInfo(RobotControllerImpl.java:646)
[B: #10520@98] 	at teacher08a.CatAttacker.runReportBack(CatAttacker.java:185)
[B: #10520@98] 	at teacher08a.CatAttacker.doAction(CatAttacker.java:37)
[B: #10520@98] 	at teacher08a.RobotPlayer.run(RobotPlayer.java:25)
[B: #10520@98] 	at java.base/jdk.internal.reflect.DirectMethodHandleAccessor.invoke(DirectMethodHandleAccessor.java:103)
[B: #10520@98] 	at java.base/java.lang.reflect.Method.invoke(Method.java:580)
[B: #10520@98] 	at battlecode.instrumenter.SandboxedRobotPlayer.loadAndRunPlayerJava(SandboxedRobotPlayer.java:306)
[B: #10520@98] 	at battlecode.instrumenter.SandboxedRobotPlayer.loadAndRunPlayer(SandboxedRobotPlayer.java:268)
[B: #10520@98] 	at battlecode.instrumenter.SandboxedRobotPlayer.lambda$new$2(SandboxedRobotPlayer.java:202)
[B: #10520@98] 	at java.base/java.lang.Thread.run(Thread.java:1583)
[B: #10403@98] Sensed 3 robots
[B: #10403@98] Received 0 messages
[B: #10403@98] Received 0 messages
[B: #10403@98] Received 0 messages
[B: #10520@99] GameActionException in RobotPlayer:
[B: #10520@99] battlecode.common.GameActionException: Target location is not on the map
[B: #10520@99] 	at battlecode.world.RobotControllerImpl.assertCanSenseLocation(RobotControllerImpl.java:217)
[B: #10520@99] 	at battlecode.world.RobotControllerImpl.senseMapInfo(RobotControllerImpl.java:646)
[B: #10520@99] 	at teacher08a.CatAttacker.runReportBack(CatAttacker.java:185)
[B: #10520@99] 	at teacher08a.CatAttacker.doAction(CatAttacker.java:37)
[B: #10520@99] 	at teacher08a.RobotPlayer.run(RobotPlayer.java:25)
[B: #10520@99] 	at java.base/jdk.internal.reflect.DirectMethodHandleAccessor.invoke(DirectMethodHandleAccessor.java:103)
[B: #10520@99] 	at java.base/java.lang.reflect.Method.invoke(Method.java:580)
[B: #10520@99] 	at battlecode.instrumenter.SandboxedRobotPlayer.loadAndRunPlayerJava(SandboxedRobotPlayer.java:306)
[B: #10520@99] 	at battlecode.instrumenter.SandboxedRobotPlayer.loadAndRunPlayer(SandboxedRobotPlayer.java:268)
[B: #10520@99] 	at battlecode.instrumenter.SandboxedRobotPlayer.lambda$new$2(SandboxedRobotPlayer.java:202)
[B: #10520@99] 	at java.base/java.lang.Thread.run(Thread.java:1583)
[B: #10403@99] Sensed 2 robots
[B: #10403@99] Received 0 messages
[B: #10403@99] Received 0 messages
[B: #10520@100] GameActionException in RobotPlayer:
[B: #10520@100] battlecode.common.GameActionException: Target location is not on the map
[B: #10520@100] 	at battlecode.world.RobotControllerImpl.assertCanSenseLocation(RobotControllerImpl.java:217)
[B: #10520@100] 	at battlecode.world.RobotControllerImpl.senseMapInfo(RobotControllerImpl.java:646)
[B: #10520@100] 	at teacher08a.CatAttacker.runReportBack(CatAttacker.java:185)
[B: #10520@100] 	at teacher08a.CatAttacker.doAction(CatAttacker.java:37)
[B: #10520@100] 	at teacher08a.RobotPlayer.run(RobotPlayer.java:25)
[B: #10520@100] 	at java.base/jdk.internal.reflect.DirectMethodHandleAccessor.invoke(DirectMethodHandleAccessor.java:103)
[B: #10520@100] 	at java.base/java.lang.reflect.Method.invoke(Method.java:580)
[B: #10520@100] 	at battlecode.instrumenter.SandboxedRobotPlayer.loadAndRunPlayerJava(SandboxedRobotPlayer.java:306)
[B: #10520@100] 	at battlecode.instrumenter.SandboxedRobotPlayer.loadAndRunPlayer(SandboxedRobotPlayer.java:268)
[B: #10520@100] 	at battlecode.instrumenter.SandboxedRobotPlayer.lambda$new$2(SandboxedRobotPlayer.java:202)
[B: #10520@100] 	at java.base/java.lang.Thread.run(Thread.java:1583)
[B: #10403@100] Sensed 1 robots
[B: #10403@100] Received 0 messages
[B: #10520@101] GameActionException in RobotPlayer:
[B: #10520@101] battlecode.common.GameActionException: Target location is not on the map
[B: #10520@101] 	at battlecode.world.RobotControllerImpl.assertCanSenseLocation(RobotControllerImpl.java:217)
[B: #10520@101] 	at battlecode.world.RobotControllerImpl.senseMapInfo(RobotControllerImpl.java:646)
[B: #10520@101] 	at teacher08a.CatAttacker.runReportBack(CatAttacker.java:185)
[B: #10520@101] 	at teacher08a.CatAttacker.doAction(CatAttacker.java:37)
[B: #10520@101] 	at teacher08a.RobotPlayer.run(RobotPlayer.java:25)
[B: #10520@101] 	at java.base/jdk.internal.reflect.DirectMethodHandleAccessor.invoke(DirectMethodHandleAccessor.java:103)
[B: #10520@101] 	at java.base/java.lang.reflect.Method.invoke(Method.java:580)
[B: #10520@101] 	at battlecode.instrumenter.SandboxedRobotPlayer.loadAndRunPlayerJava(SandboxedRobotPlayer.java:306)
[B: #10520@101] 	at battlecode.instrumenter.SandboxedRobotPlayer.loadAndRunPlayer(SandboxedRobotPlayer.java:268)
[B: #10520@101] 	at battlecode.instrumenter.SandboxedRobotPlayer.lambda$new$2(SandboxedRobotPlayer.java:202)
[B: #10520@101] 	at java.base/java.lang.Thread.run(Thread.java:1583)
[B: #12148@101] Found a cheese mine at [17, 17]
[B: #12148@101] Going straight to cheese mine at [17, 17]
[B: #10403@101] Sensed 3 robots
[B: #10403@101] Received 0 messages
[B: #10403@101] Found cat at [7, 16]
[B: #10520@102] GameActionException in RobotPlayer:
[B: #10520@102] battlecode.common.GameActionException: Target location is not on the map
[B: #10520@102] 	at battlecode.world.RobotControllerImpl.assertCanSenseLocation(RobotControllerImpl.java:217)
[B: #10520@102] 	at battlecode.world.RobotControllerImpl.senseMapInfo(RobotControllerImpl.java:646)
[B: #10520@102] 	at teacher08a.CatAttacker.runReportBack(CatAttacker.java:185)
[B: #10520@102] 	at teacher08a.CatAttacker.doAction(CatAttacker.java:37)
[B: #10520@102] 	at teacher08a.RobotPlayer.run(RobotPlayer.java:25)
[B: #10520@102] 	at java.base/jdk.internal.reflect.DirectMethodHandleAccessor.invoke(DirectMethodHandleAccessor.java:103)
[B: #10520@102] 	at java.base/java.lang.reflect.Method.invoke(Method.java:580)
[B: #10520@102] 	at battlecode.instrumenter.SandboxedRobotPlayer.loadAndRunPlayerJava(SandboxedRobotPlayer.java:306)
[B: #10520@102] 	at battlecode.instrumenter.SandboxedRobotPlayer.loadAndRunPlayer(SandboxedRobotPlayer.java:268)
[B: #10520@102] 	at battlecode.instrumenter.SandboxedRobotPlayer.lambda$new$2(SandboxedRobotPlayer.java:202)
[B: #10520@102] 	at java.base/java.lang.Thread.run(Thread.java:1583)
[B: #12148@102] Found a cheese mine at [17, 17]
[B: #12148@102] Going straight to cheese mine at [17, 17]
[B: #10403@102] Sensed 3 robots
[B: #10403@102] Found cat at [7, 16]
[B: #13004@102] Sensed 0 robots
[B: #10520@103] GameActionException in RobotPlayer:
[B: #10520@103] battlecode.common.GameActionException: Target location is not on the map
[B: #10520@103] 	at battlecode.world.RobotControllerImpl.assertCanSenseLocation(RobotControllerImpl.java:217)
[B: #10520@103] 	at battlecode.world.RobotControllerImpl.senseMapInfo(RobotControllerImpl.java:646)
[B: #10520@103] 	at teacher08a.CatAttacker.runReportBack(CatAttacker.java:185)
[B: #10520@103] 	at teacher08a.CatAttacker.doAction(CatAttacker.java:37)
[B: #10520@103] 	at teacher08a.RobotPlayer.run(RobotPlayer.java:25)
[B: #10520@103] 	at java.base/jdk.internal.reflect.DirectMethodHandleAccessor.invoke(DirectMethodHandleAccessor.java:103)
[B: #10520@103] 	at java.base/java.lang.reflect.Method.invoke(Method.java:580)
[B: #10520@103] 	at battlecode.instrumenter.SandboxedRobotPlayer.loadAndRunPlayerJava(SandboxedRobotPlayer.java:306)
[B: #10520@103] 	at battlecode.instrumenter.SandboxedRobotPlayer.loadAndRunPlayer(SandboxedRobotPlayer.java:268)
[B: #10520@103] 	at battlecode.instrumenter.SandboxedRobotPlayer.lambda$new$2(SandboxedRobotPlayer.java:202)
[B: #10520@103] 	at java.base/java.lang.Thread.run(Thread.java:1583)
[B: #12148@103] Found a cheese mine at [17, 17]
[B: #12148@103] Going straight to cheese mine at [17, 17]
[B: #10403@103] Sensed 4 robots
[B: #10403@103] Found cat at [7, 16]
[B: #13004@103] Sensed 0 robots
[B: #10520@104] GameActionException in RobotPlayer:
[B: #10520@104] battlecode.common.GameActionException: Target location is not on the map
[B: #10520@104] 	at battlecode.world.RobotControllerImpl.assertCanSenseLocation(RobotControllerImpl.java:217)
[B: #10520@104] 	at battlecode.world.RobotControllerImpl.senseMapInfo(RobotControllerImpl.java:646)
[B: #10520@104] 	at teacher08a.CatAttacker.runReportBack(CatAttacker.java:185)
[B: #10520@104] 	at teacher08a.CatAttacker.doAction(CatAttacker.java:37)
[B: #10520@104] 	at teacher08a.RobotPlayer.run(RobotPlayer.java:25)
[B: #10520@104] 	at java.base/jdk.internal.reflect.DirectMethodHandleAccessor.invoke(DirectMethodHandleAccessor.java:103)
[B: #10520@104] 	at java.base/java.lang.reflect.Method.invoke(Method.java:580)
[B: #10520@104] 	at battlecode.instrumenter.SandboxedRobotPlayer.loadAndRunPlayerJava(SandboxedRobotPlayer.java:306)
[B: #10520@104] 	at battlecode.instrumenter.SandboxedRobotPlayer.loadAndRunPlayer(SandboxedRobotPlayer.java:268)
[B: #10520@104] 	at battlecode.instrumenter.SandboxedRobotPlayer.lambda$new$2(SandboxedRobotPlayer.java:202)
[B: #10520@104] 	at java.base/java.lang.Thread.run(Thread.java:1583)
[B: #12148@104] Going straight to cheese mine at [17, 17]
[B: #10403@104] Sensed 4 robots
[B: #10403@104] Received 0 messages
[B: #10403@104] Received 0 messages
[B: #10403@104] Received 0 messages
[B: #10403@104] Received 0 messages
[B: #10403@104] Found cat at [7, 16]
[B: #13004@104] Sensed 1 robots
[B: #13004@104] Found cat at [12, 5]
[B: #10520@105] GameActionException in RobotPlayer:
[B: #10520@105] battlecode.common.GameActionException: Target location is not on the map
[B: #10520@105] 	at battlecode.world.RobotControllerImpl.assertCanSenseLocation(RobotControllerImpl.java:217)
[B: #10520@105] 	at battlecode.world.RobotControllerImpl.senseMapInfo(RobotControllerImpl.java:646)
[B: #10520@105] 	at teacher08a.CatAttacker.runReportBack(CatAttacker.java:185)
[B: #10520@105] 	at teacher08a.CatAttacker.doAction(CatAttacker.java:37)
[B: #10520@105] 	at teacher08a.RobotPlayer.run(RobotPlayer.java:25)
[B: #10520@105] 	at java.base/jdk.internal.reflect.DirectMethodHandleAccessor.invoke(DirectMethodHandleAccessor.java:103)
[B: #10520@105] 	at java.base/java.lang.reflect.Method.invoke(Method.java:580)
[B: #10520@105] 	at battlecode.instrumenter.SandboxedRobotPlayer.loadAndRunPlayerJava(SandboxedRobotPlayer.java:306)
[B: #10520@105] 	at battlecode.instrumenter.SandboxedRobotPlayer.loadAndRunPlayer(SandboxedRobotPlayer.java:268)
[B: #10520@105] 	at battlecode.instrumenter.SandboxedRobotPlayer.lambda$new$2(SandboxedRobotPlayer.java:202)
[B: #10520@105] 	at java.base/java.lang.Thread.run(Thread.java:1583)
[B: #10883@105] Found a cheese mine at [17, 17]
[B: #10883@105] Going straight to cheese mine at [17, 17]
[B: #12148@105] Found a cheese mine at [17, 17]
[B: #12148@105] Going straight to cheese mine at [17, 17]
[B: #10403@105] Sensed 3 robots
[B: #10403@105] Received 0 messages
[B: #10403@105] Received 0 messages
[B: #10403@105] Found cat at [7, 16]
[B: #13004@105] Sensed 2 robots
[B: #13004@105] Found cat at [12, 6]
[B: #10520@106] GameActionException in RobotPlayer:
[B: #10520@106] battlecode.common.GameActionException: Target location is not on the map
[B: #10520@106] 	at battlecode.world.RobotControllerImpl.assertCanSenseLocation(RobotControllerImpl.java:217)
[B: #10520@106] 	at battlecode.world.RobotControllerImpl.senseMapInfo(RobotControllerImpl.java:646)
[B: #10520@106] 	at teacher08a.CatAttacker.runReportBack(CatAttacker.java:185)
[B: #10520@106] 	at teacher08a.CatAttacker.doAction(CatAttacker.java:37)
[B: #10520@106] 	at teacher08a.RobotPlayer.run(RobotPlayer.java:25)
[B: #10520@106] 	at java.base/jdk.internal.reflect.DirectMethodHandleAccessor.invoke(DirectMethodHandleAccessor.java:103)
[B: #10520@106] 	at java.base/java.lang.reflect.Method.invoke(Method.java:580)
[B: #10520@106] 	at battlecode.instrumenter.SandboxedRobotPlayer.loadAndRunPlayerJava(SandboxedRobotPlayer.java:306)
[B: #10520@106] 	at battlecode.instrumenter.SandboxedRobotPlayer.loadAndRunPlayer(SandboxedRobotPlayer.java:268)
[B: #10520@106] 	at battlecode.instrumenter.SandboxedRobotPlayer.lambda$new$2(SandboxedRobotPlayer.java:202)
[B: #10520@106] 	at java.base/java.lang.Thread.run(Thread.java:1583)
[B: #10883@106] Found a cheese mine at [17, 17]
[B: #10883@106] Going straight to cheese mine at [17, 17]
[B: #12148@106] Going straight to cheese mine at [17, 17]
[B: #10403@106] Sensed 2 robots
[B: #10403@106] Received 0 messages
[B: #10403@106] Found cat at [7, 16]
[B: #13004@106] Sensed 4 robots
[B: #13004@106] Found cat at [12, 6]
[B: #10520@107] GameActionException in RobotPlayer:
[B: #10520@107] battlecode.common.GameActionException: Target location is not on the map
[B: #10520@107] 	at battlecode.world.RobotControllerImpl.assertCanSenseLocation(RobotControllerImpl.java:217)
[B: #10520@107] 	at battlecode.world.RobotControllerImpl.senseMapInfo(RobotControllerImpl.java:646)
[B: #10520@107] 	at teacher08a.CatAttacker.runReportBack(CatAttacker.java:185)
[B: #10520@107] 	at teacher08a.CatAttacker.doAction(CatAttacker.java:37)
[B: #10520@107] 	at teacher08a.RobotPlayer.run(RobotPlayer.java:25)
[B: #10520@107] 	at java.base/jdk.internal.reflect.DirectMethodHandleAccessor.invoke(DirectMethodHandleAccessor.java:103)
[B: #10520@107] 	at java.base/java.lang.reflect.Method.invoke(Method.java:580)
[B: #10520@107] 	at battlecode.instrumenter.SandboxedRobotPlayer.loadAndRunPlayerJava(SandboxedRobotPlayer.java:306)
[B: #10520@107] 	at battlecode.instrumenter.SandboxedRobotPlayer.loadAndRunPlayer(SandboxedRobotPlayer.java:268)
[B: #10520@107] 	at battlecode.instrumenter.SandboxedRobotPlayer.lambda$new$2(SandboxedRobotPlayer.java:202)
[B: #10520@107] 	at java.base/java.lang.Thread.run(Thread.java:1583)
[B: #10883@107] Found a cheese mine at [17, 17]
[B: #10883@107] Going straight to cheese mine at [17, 17]
[B: #12148@107] Found a cheese mine at [17, 17]
[B: #12148@107] Going straight to cheese mine at [17, 17]
[B: #10403@107] Sensed 5 robots
[B: #10403@107] Found cat at [10, 14]
[B: #13004@107] Sensed 2 robots
[B: #13004@107] Found cat at [11, 5]
[B: #10520@108] GameActionException in RobotPlayer:
[B: #10520@108] battlecode.common.GameActionException: Target location is not on the map
[B: #10520@108] 	at battlecode.world.RobotControllerImpl.assertCanSenseLocation(RobotControllerImpl.java:217)
[B: #10520@108] 	at battlecode.world.RobotControllerImpl.senseMapInfo(RobotControllerImpl.java:646)
[B: #10520@108] 	at teacher08a.CatAttacker.runReportBack(CatAttacker.java:185)
[B: #10520@108] 	at teacher08a.CatAttacker.doAction(CatAttacker.java:37)
[B: #10520@108] 	at teacher08a.RobotPlayer.run(RobotPlayer.java:25)
[B: #10520@108] 	at java.base/jdk.internal.reflect.DirectMethodHandleAccessor.invoke(DirectMethodHandleAccessor.java:103)
[B: #10520@108] 	at java.base/java.lang.reflect.Method.invoke(Method.java:580)
[B: #10520@108] 	at battlecode.instrumenter.SandboxedRobotPlayer.loadAndRunPlayerJava(SandboxedRobotPlayer.java:306)
[B: #10520@108] 	at battlecode.instrumenter.SandboxedRobotPlayer.loadAndRunPlayer(SandboxedRobotPlayer.java:268)
[B: #10520@108] 	at battlecode.instrumenter.SandboxedRobotPlayer.lambda$new$2(SandboxedRobotPlayer.java:202)
[B: #10520@108] 	at java.base/java.lang.Thread.run(Thread.java:1583)
[B: #10883@108] Found a cheese mine at [17, 17]
[B: #10883@108] Going straight to cheese mine at [17, 17]
[B: #12148@108] Going straight to cheese mine at [17, 17]
[B: #10403@108] Sensed 3 robots
[B: #10403@108] Found cat at [9, 13]
[B: #13004@108] Sensed 2 robots
[B: #13004@108] Found cat at [11, 5]
[B: #10520@109] GameActionException in RobotPlayer:
[B: #10520@109] battlecode.common.GameActionException: Target location is not on the map
[B: #10520@109] 	at battlecode.world.RobotControllerImpl.assertCanSenseLocation(RobotControllerImpl.java:217)
[B: #10520@109] 	at battlecode.world.RobotControllerImpl.senseMapInfo(RobotControllerImpl.java:646)
[B: #10520@109] 	at teacher08a.CatAttacker.runReportBack(CatAttacker.java:185)
[B: #10520@109] 	at teacher08a.CatAttacker.doAction(CatAttacker.java:37)
[B: #10520@109] 	at teacher08a.RobotPlayer.run(RobotPlayer.java:25)
[B: #10520@109] 	at java.base/jdk.internal.reflect.DirectMethodHandleAccessor.invoke(DirectMethodHandleAccessor.java:103)
[B: #10520@109] 	at java.base/java.lang.reflect.Method.invoke(Method.java:580)
[B: #10520@109] 	at battlecode.instrumenter.SandboxedRobotPlayer.loadAndRunPlayerJava(SandboxedRobotPlayer.java:306)
[B: #10520@109] 	at battlecode.instrumenter.SandboxedRobotPlayer.loadAndRunPlayer(SandboxedRobotPlayer.java:268)
[B: #10520@109] 	at battlecode.instrumenter.SandboxedRobotPlayer.lambda$new$2(SandboxedRobotPlayer.java:202)
[B: #10520@109] 	at java.base/java.lang.Thread.run(Thread.java:1583)
[A: #13729@109] Found a new cheese mine at [17, 17]
[B: #10883@109] Found a cheese mine at [17, 17]
[B: #10883@109] Going straight to cheese mine at [17, 17]
[B: #12148@109] Found a cheese mine at [17, 17]
[B: #12148@109] Going straight to cheese mine at [17, 17]
[B: #10403@109] Sensed 2 robots
[B: #10403@109] Found cat at [9, 13]
[B: #13004@109] Sensed 2 robots
[B: #13004@109] Received 0 messages
[B: #13004@109] Found cat at [10, 4]
[B: #10520@110] GameActionException in RobotPlayer:
[B: #10520@110] battlecode.common.GameActionException: Target location is not on the map
[B: #10520@110] 	at battlecode.world.RobotControllerImpl.assertCanSenseLocation(RobotControllerImpl.java:217)
[B: #10520@110] 	at battlecode.world.RobotControllerImpl.senseMapInfo(RobotControllerImpl.java:646)
[B: #10520@110] 	at teacher08a.CatAttacker.runReportBack(CatAttacker.java:185)
[B: #10520@110] 	at teacher08a.CatAttacker.doAction(CatAttacker.java:37)
[B: #10520@110] 	at teacher08a.RobotPlayer.run(RobotPlayer.java:25)
[B: #10520@110] 	at java.base/jdk.internal.reflect.DirectMethodHandleAccessor.invoke(DirectMethodHandleAccessor.java:103)
[B: #10520@110] 	at java.base/java.lang.reflect.Method.invoke(Method.java:580)
[B: #10520@110] 	at battlecode.instrumenter.SandboxedRobotPlayer.loadAndRunPlayerJava(SandboxedRobotPlayer.java:306)
[B: #10520@110] 	at battlecode.instrumenter.SandboxedRobotPlayer.loadAndRunPlayer(SandboxedRobotPlayer.java:268)
[B: #10520@110] 	at battlecode.instrumenter.SandboxedRobotPlayer.lambda$new$2(SandboxedRobotPlayer.java:202)
[B: #10520@110] 	at java.base/java.lang.Thread.run(Thread.java:1583)
[B: #10883@110] Found a cheese mine at [17, 17]
[B: #10883@110] Going straight to cheese mine at [17, 17]
[B: #12148@110] Found a cheese mine at [17, 17]
[B: #12148@110] Going straight to cheese mine at [17, 17]
[B: #10403@110] Sensed 1 robots
[B: #10403@110] Found cat at [8, 12]
[B: #13004@110] Sensed 1 robots
[B: #13004@110] Found cat at [10, 4]
[B: #10520@111] GameActionException in RobotPlayer:
[B: #10520@111] battlecode.common.GameActionException: Target location is not on the map
[B: #10520@111] 	at battlecode.world.RobotControllerImpl.assertCanSenseLocation(RobotControllerImpl.java:217)
[B: #10520@111] 	at battlecode.world.RobotControllerImpl.senseMapInfo(RobotControllerImpl.java:646)
[B: #10520@111] 	at teacher08a.CatAttacker.runReportBack(CatAttacker.java:185)
[B: #10520@111] 	at teacher08a.CatAttacker.doAction(CatAttacker.java:37)
[B: #10520@111] 	at teacher08a.RobotPlayer.run(RobotPlayer.java:25)
[B: #10520@111] 	at java.base/jdk.internal.reflect.DirectMethodHandleAccessor.invoke(DirectMethodHandleAccessor.java:103)
[B: #10520@111] 	at java.base/java.lang.reflect.Method.invoke(Method.java:580)
[B: #10520@111] 	at battlecode.instrumenter.SandboxedRobotPlayer.loadAndRunPlayerJava(SandboxedRobotPlayer.java:306)
[B: #10520@111] 	at battlecode.instrumenter.SandboxedRobotPlayer.loadAndRunPlayer(SandboxedRobotPlayer.java:268)
[B: #10520@111] 	at battlecode.instrumenter.SandboxedRobotPlayer.lambda$new$2(SandboxedRobotPlayer.java:202)
[B: #10520@111] 	at java.base/java.lang.Thread.run(Thread.java:1583)
[B: #10883@111] Found a cheese mine at [17, 17]
[B: #10883@111] Going straight to cheese mine at [17, 17]
[B: #12148@111] Going straight to cheese mine at [17, 17]
[B: #10403@111] Sensed 1 robots
[B: #10403@111] Found cat at [8, 12]
[B: #13004@111] Sensed 1 robots
[B: #13004@111] Found cat at [9, 3]
[B: #10520@112] GameActionException in RobotPlayer:
[B: #10520@112] battlecode.common.GameActionException: Target location is not on the map
[B: #10520@112] 	at battlecode.world.RobotControllerImpl.assertCanSenseLocation(RobotControllerImpl.java:217)
[B: #10520@112] 	at battlecode.world.RobotControllerImpl.senseMapInfo(RobotControllerImpl.java:646)
[B: #10520@112] 	at teacher08a.CatAttacker.runReportBack(CatAttacker.java:185)
[B: #10520@112] 	at teacher08a.CatAttacker.doAction(CatAttacker.java:37)
[B: #10520@112] 	at teacher08a.RobotPlayer.run(RobotPlayer.java:25)
[B: #10520@112] 	at java.base/jdk.internal.reflect.DirectMethodHandleAccessor.invoke(DirectMethodHandleAccessor.java:103)
[B: #10520@112] 	at java.base/java.lang.reflect.Method.invoke(Method.java:580)
[B: #10520@112] 	at battlecode.instrumenter.SandboxedRobotPlayer.loadAndRunPlayerJava(SandboxedRobotPlayer.java:306)
[B: #10520@112] 	at battlecode.instrumenter.SandboxedRobotPlayer.loadAndRunPlayer(SandboxedRobotPlayer.java:268)
[B: #10520@112] 	at battlecode.instrumenter.SandboxedRobotPlayer.lambda$new$2(SandboxedRobotPlayer.java:202)
[B: #10520@112] 	at java.base/java.lang.Thread.run(Thread.java:1583)
[B: #10883@112] Found a cheese mine at [17, 17]
[B: #10883@112] Going straight to cheese mine at [17, 17]
[B: #12148@112] Found a cheese mine at [17, 17]
[B: #12148@112] Going straight to cheese mine at [17, 17]
[B: #10403@112] Sensed 1 robots
[B: #10403@112] Found cat at [7, 12]
[B: #13004@112] Sensed 2 robots
[B: #13004@112] Received 0 messages
[B: #13004@112] Found cat at [9, 3]
[B: #10119@112] Sensed 0 robots
[B: #10520@113] GameActionException in RobotPlayer:
[B: #10520@113] battlecode.common.GameActionException: Target location is not on the map
[B: #10520@113] 	at battlecode.world.RobotControllerImpl.assertCanSenseLocation(RobotControllerImpl.java:217)
[B: #10520@113] 	at battlecode.world.RobotControllerImpl.senseMapInfo(RobotControllerImpl.java:646)
[B: #10520@113] 	at teacher08a.CatAttacker.runReportBack(CatAttacker.java:185)
[B: #10520@113] 	at teacher08a.CatAttacker.doAction(CatAttacker.java:37)
[B: #10520@113] 	at teacher08a.RobotPlayer.run(RobotPlayer.java:25)
[B: #10520@113] 	at java.base/jdk.internal.reflect.DirectMethodHandleAccessor.invoke(DirectMethodHandleAccessor.java:103)
[B: #10520@113] 	at java.base/java.lang.reflect.Method.invoke(Method.java:580)
[B: #10520@113] 	at battlecode.instrumenter.SandboxedRobotPlayer.loadAndRunPlayerJava(SandboxedRobotPlayer.java:306)
[B: #10520@113] 	at battlecode.instrumenter.SandboxedRobotPlayer.loadAndRunPlayer(SandboxedRobotPlayer.java:268)
[B: #10520@113] 	at battlecode.instrumenter.SandboxedRobotPlayer.lambda$new$2(SandboxedRobotPlayer.java:202)
[B: #10520@113] 	at java.base/java.lang.Thread.run(Thread.java:1583)
[B: #10883@113] Found a cheese mine at [17, 17]
[B: #10883@113] Going straight to cheese mine at [17, 17]
[B: #12148@113] Found a cheese mine at [17, 17]
[B: #12148@113] Going straight to cheese mine at [17, 17]
[B: #10403@113] Sensed 1 robots
[B: #10403@113] Found cat at [7, 12]
[B: #13004@113] Sensed 1 robots
[B: #13004@113] Received 0 messages
[B: #13004@113] Found cat at [9, 3]
[B: #10119@113] Sensed 0 robots
[B: #10520@114] GameActionException in RobotPlayer:
[B: #10520@114] battlecode.common.GameActionException: Target location is not on the map
[B: #10520@114] 	at battlecode.world.RobotControllerImpl.assertCanSenseLocation(RobotControllerImpl.java:217)
[B: #10520@114] 	at battlecode.world.RobotControllerImpl.senseMapInfo(RobotControllerImpl.java:646)
[B: #10520@114] 	at teacher08a.CatAttacker.runReportBack(CatAttacker.java:185)
[B: #10520@114] 	at teacher08a.CatAttacker.doAction(CatAttacker.java:37)
[B: #10520@114] 	at teacher08a.RobotPlayer.run(RobotPlayer.java:25)
[B: #10520@114] 	at java.base/jdk.internal.reflect.DirectMethodHandleAccessor.invoke(DirectMethodHandleAccessor.java:103)
[B: #10520@114] 	at java.base/java.lang.reflect.Method.invoke(Method.java:580)
[B: #10520@114] 	at battlecode.instrumenter.SandboxedRobotPlayer.loadAndRunPlayerJava(SandboxedRobotPlayer.java:306)
[B: #10520@114] 	at battlecode.instrumenter.SandboxedRobotPlayer.loadAndRunPlayer(SandboxedRobotPlayer.java:268)
[B: #10520@114] 	at battlecode.instrumenter.SandboxedRobotPlayer.lambda$new$2(SandboxedRobotPlayer.java:202)
[B: #10520@114] 	at java.base/java.lang.Thread.run(Thread.java:1583)
[B: #10883@114] Found a cheese mine at [17, 17]
[B: #10883@114] Going straight to cheese mine at [17, 17]
[B: #12148@114] Found a cheese mine at [17, 17]
[B: #12148@114] Going straight to cheese mine at [17, 17]
[B: #10403@114] Sensed 1 robots
[B: #10403@114] Found cat at [6, 12]
[B: #13004@114] Sensed 3 robots
[B: #13004@114] Found cat at [8, 2]
[B: #10119@114] Sensed 0 robots
[B: #10520@115] GameActionException in RobotPlayer:
[B: #10520@115] battlecode.common.GameActionException: Target location is not on the map
[B: #10520@115] 	at battlecode.world.RobotControllerImpl.assertCanSenseLocation(RobotControllerImpl.java:217)
[B: #10520@115] 	at battlecode.world.RobotControllerImpl.senseMapInfo(RobotControllerImpl.java:646)
[B: #10520@115] 	at teacher08a.CatAttacker.runReportBack(CatAttacker.java:185)
[B: #10520@115] 	at teacher08a.CatAttacker.doAction(CatAttacker.java:37)
[B: #10520@115] 	at teacher08a.RobotPlayer.run(RobotPlayer.java:25)
[B: #10520@115] 	at java.base/jdk.internal.reflect.DirectMethodHandleAccessor.invoke(DirectMethodHandleAccessor.java:103)
[B: #10520@115] 	at java.base/java.lang.reflect.Method.invoke(Method.java:580)
[B: #10520@115] 	at battlecode.instrumenter.SandboxedRobotPlayer.loadAndRunPlayerJava(SandboxedRobotPlayer.java:306)
[B: #10520@115] 	at battlecode.instrumenter.SandboxedRobotPlayer.loadAndRunPlayer(SandboxedRobotPlayer.java:268)
[B: #10520@115] 	at battlecode.instrumenter.SandboxedRobotPlayer.lambda$new$2(SandboxedRobotPlayer.java:202)
[B: #10520@115] 	at java.base/java.lang.Thread.run(Thread.java:1583)
[B: #10883@115] Found a cheese mine at [17, 17]
[B: #10883@115] Going straight to cheese mine at [17, 17]
[B: #12148@115] Found a cheese mine at [17, 17]
[B: #12148@115] Going straight to cheese mine at [17, 17]
[B: #10403@115] Sensed 1 robots
[B: #10403@115] Found cat at [6, 12]
[B: #13004@115] Sensed 3 robots
[B: #13004@115] Found cat at [7, 2]
[B: #10119@115] Sensed 1 robots
[B: #10119@115] Received 0 messages
[B: #10520@116] GameActionException in RobotPlayer:
[B: #10520@116] battlecode.common.GameActionException: Target location is not on the map
[B: #10520@116] 	at battlecode.world.RobotControllerImpl.assertCanSenseLocation(RobotControllerImpl.java:217)
[B: #10520@116] 	at battlecode.world.RobotControllerImpl.senseMapInfo(RobotControllerImpl.java:646)
[B: #10520@116] 	at teacher08a.CatAttacker.runReportBack(CatAttacker.java:185)
[B: #10520@116] 	at teacher08a.CatAttacker.doAction(CatAttacker.java:37)
[B: #10520@116] 	at teacher08a.RobotPlayer.run(RobotPlayer.java:25)
[B: #10520@116] 	at java.base/jdk.internal.reflect.DirectMethodHandleAccessor.invoke(DirectMethodHandleAccessor.java:103)
[B: #10520@116] 	at java.base/java.lang.reflect.Method.invoke(Method.java:580)
[B: #10520@116] 	at battlecode.instrumenter.SandboxedRobotPlayer.loadAndRunPlayerJava(SandboxedRobotPlayer.java:306)
[B: #10520@116] 	at battlecode.instrumenter.SandboxedRobotPlayer.loadAndRunPlayer(SandboxedRobotPlayer.java:268)
[B: #10520@116] 	at battlecode.instrumenter.SandboxedRobotPlayer.lambda$new$2(SandboxedRobotPlayer.java:202)
[B: #10520@116] 	at java.base/java.lang.Thread.run(Thread.java:1583)
[B: #10883@116] Found a cheese mine at [17, 17]
[B: #10883@116] Going straight to cheese mine at [17, 17]
[B: #12148@116] Found a cheese mine at [17, 17]
[B: #12148@116] Going straight to cheese mine at [17, 17]
[B: #13004@116] Sensed 1 robots
[B: #13004@116] Found cat at [7, 2]
[B: #10119@116] Sensed 2 robots
[B: #10119@116] Received 0 messages
[B: #10119@116] Received 0 messages
[B: #10520@117] GameActionException in RobotPlayer:
[B: #10520@117] battlecode.common.GameActionException: Target location is not on the map
[B: #10520@117] 	at battlecode.world.RobotControllerImpl.assertCanSenseLocation(RobotControllerImpl.java:217)
[B: #10520@117] 	at battlecode.world.RobotControllerImpl.senseMapInfo(RobotControllerImpl.java:646)
[B: #10520@117] 	at teacher08a.CatAttacker.runReportBack(CatAttacker.java:185)
[B: #10520@117] 	at teacher08a.CatAttacker.doAction(CatAttacker.java:37)
[B: #10520@117] 	at teacher08a.RobotPlayer.run(RobotPlayer.java:25)
[B: #10520@117] 	at java.base/jdk.internal.reflect.DirectMethodHandleAccessor.invoke(DirectMethodHandleAccessor.java:103)
[B: #10520@117] 	at java.base/java.lang.reflect.Method.invoke(Method.java:580)
[B: #10520@117] 	at battlecode.instrumenter.SandboxedRobotPlayer.loadAndRunPlayerJava(SandboxedRobotPlayer.java:306)
[B: #10520@117] 	at battlecode.instrumenter.SandboxedRobotPlayer.loadAndRunPlayer(SandboxedRobotPlayer.java:268)
[B: #10520@117] 	at battlecode.instrumenter.SandboxedRobotPlayer.lambda$new$2(SandboxedRobotPlayer.java:202)
[B: #10520@117] 	at java.base/java.lang.Thread.run(Thread.java:1583)
[B: #10883@117] Found a cheese mine at [17, 17]
[B: #10883@117] Going straight to cheese mine at [17, 17]
[B: #12148@117] Found a cheese mine at [17, 17]
[B: #12148@117] Going straight to cheese mine at [17, 17]
[B: #13004@117] Sensed 4 robots
[B: #13004@117] Received 0 messages
[B: #13004@117] Found cat at [7, 2]
[B: #10119@117] Sensed 3 robots
[B: #10119@117] Received 0 messages
[B: #10119@117] Received 0 messages
[B: #10119@117] Received 0 messages
[B: #10883@118] Found a cheese mine at [17, 17]
[B: #10883@118] Going straight to cheese mine at [17, 17]
[B: #12148@118] Found a cheese mine at [17, 17]
[B: #12148@118] Going straight to cheese mine at [17, 17]
[B: #13004@118] Sensed 3 robots
[B: #13004@118] Received 0 messages
[B: #13004@118] Received 0 messages
[B: #13004@118] Found cat at [7, 0]
[B: #13004@118] Reporting back with dice 9
[B: #10119@118] Sensed 0 robots
[B: #10883@119] Found a cheese mine at [17, 17]
[B: #10883@119] Going straight to cheese mine at [17, 17]
[B: #12148@119] Found a cheese mine at [17, 17]
[B: #12148@119] Going straight to cheese mine at [17, 17]
[B: #13004@119] From [9, 3] Sent a squeak 16832 for cat at [7, 0]
[B: #10119@119] Sensed 0 robots
[B: #10883@120] Found a cheese mine at [17, 17]
[B: #10883@120] Going straight to cheese mine at [17, 17]
[B: #12148@120] Found a cheese mine at [17, 17]
[B: #12148@120] Going straight to cheese mine at [17, 17]
[B: #13004@120] Sensed 1 robots
[B: #13004@120] Found cat at [7, 0]
[B: #10119@120] Sensed 0 robots
[B: #10883@121] Found a cheese mine at [17, 17]
[B: #10883@121] Going straight to cheese mine at [17, 17]
[B: #12148@121] Found a cheese mine at [17, 17]
[B: #12148@121] Going straight to cheese mine at [17, 17]
[B: #13004@121] Sensed 1 robots
[B: #13004@121] Received 0 messages
[B: #13004@121] Found cat at [7, 0]
[B: #10119@121] Sensed 1 robots
[B: #10119@121] Received 0 messages
[B: #10883@122] Found a cheese mine at [17, 17]
[B: #10883@122] Going straight to cheese mine at [17, 17]
[B: #12148@122] Found a cheese mine at [17, 17]
[B: #12148@122] Going straight to cheese mine at [17, 17]
[B: #10119@122] Sensed 1 robots
[B: #10119@122] Found cat at [8, 2]
[B: #11777@122] Sensed 0 robots
[B: #10883@123] Found a cheese mine at [17, 17]
[B: #10883@123] Going straight to cheese mine at [17, 17]
[B: #12148@123] Found a cheese mine at [17, 17]
[B: #12148@123] Going straight to cheese mine at [17, 17]
[B: #10119@123] Sensed 2 robots
[B: #10119@123] Found cat at [8, 2]
[B: #11777@123] Sensed 0 robots
[B: #10883@124] Found a cheese mine at [17, 17]
[B: #10883@124] Going straight to cheese mine at [17, 17]
[B: #12148@124] Found a cheese mine at [17, 17]
[B: #12148@124] Going straight to cheese mine at [17, 17]
[B: #10119@124] Sensed 1 robots
[B: #10119@124] Found cat at [8, 2]
[B: #11777@124] Sensed 1 robots
[B: #11777@124] Received 0 messages
[B: #10400@125] Can sense kingLoc [19, 4] ? false at distSquared 185
[B: #10883@125] Found a cheese mine at [17, 17]
[B: #10883@125] Going straight to cheese mine at [17, 17]
[B: #12148@125] Found a cheese mine at [17, 17]
[B: #12148@125] Going straight to cheese mine at [17, 17]
[B: #10119@125] Sensed 1 robots
[B: #10119@125] Found cat at [8, 2]
[B: #11777@125] Sensed 1 robots
[B: #11777@125] Received 0 messages
[B: #10400@126] Can sense kingLoc [19, 4] ? false at distSquared 160
[B: #10883@126] Found a cheese mine at [17, 17]
[B: #10883@126] Going straight to cheese mine at [17, 17]
[B: #12148@126] Found a cheese mine at [17, 17]
[B: #12148@126] Going straight to cheese mine at [17, 17]
[B: #10119@126] Sensed 2 robots
[B: #10119@126] Found cat at [7, 2]
[B: #11777@126] Sensed 0 robots
[B: #10400@127] Can sense kingLoc [19, 4] ? false at distSquared 137
[B: #10883@127] Found a cheese mine at [17, 17]
[B: #10883@127] Going straight to cheese mine at [17, 17]
[B: #12148@127] Found a cheese mine at [17, 17]
[B: #12148@127] Going straight to cheese mine at [17, 17]
[B: #10119@127] Sensed 2 robots
[B: #10119@127] Received 0 messages
[B: #10119@127] Found cat at [7, 2]
[B: #11777@127] Sensed 1 robots
[B: #11777@127] Received 0 messages
[B: #10400@128] Can sense kingLoc [19, 4] ? false at distSquared 116
[B: #10883@128] Found a cheese mine at [17, 17]
[B: #10883@128] Going straight to cheese mine at [17, 17]
[B: #12148@128] Found a cheese mine at [17, 17]
[B: #12148@128] Going straight to cheese mine at [17, 17]
[B: #11777@128] Sensed 1 robots
[B: #11777@128] Received 0 messages
[B: #10400@129] Can sense kingLoc [19, 4] ? false at distSquared 116
[B: #10883@129] Found a cheese mine at [17, 17]
[B: #10883@129] Going straight to cheese mine at [17, 17]
[B: #12148@129] Found a cheese mine at [17, 17]
[B: #12148@129] Going straight to cheese mine at [17, 17]
[B: #11777@129] Sensed 0 robots
[B: #10400@130] Can sense kingLoc [19, 4] ? false at distSquared 97
[B: #10883@130] Found a cheese mine at [17, 17]
[B: #10883@130] Going straight to cheese mine at [17, 17]
[B: #12148@130] Found a cheese mine at [17, 17]
[B: #12148@130] Going straight to cheese mine at [17, 17]
[B: #11777@130] Sensed 0 robots
[B: #10400@131] Can sense kingLoc [19, 4] ? false at distSquared 73
[B: #10883@131] Going straight to cheese mine at [17, 17]
[B: #12148@131] Found a cheese mine at [17, 17]
[B: #12148@131] Going straight to cheese mine at [17, 17]
[B: #11777@131] Sensed 0 robots
[B: #10400@132] Can sense kingLoc [19, 4] ? false at distSquared 58
[B: #10883@132] Found a cheese mine at [17, 17]
[B: #10883@132] Going straight to cheese mine at [17, 17]
[B: #12148@132] Going straight to cheese mine at [17, 17]
[B: #11777@132] Sensed 1 robots
[B: #11777@132] Received 0 messages
[B: #13183@132] Sensed 1 robots
[B: #13183@132] Received 0 messages
[B: #10400@133] Can sense kingLoc [19, 4] ? false at distSquared 40
[B: #11777@133] Sensed 0 robots
[B: #13183@133] Sensed 1 robots
[B: #13183@133] Received 0 messages
[B: #10400@134] Can sense kingLoc [19, 4] ? false at distSquared 40
[B: #11777@134] Sensed 2 robots
[B: #11777@134] Received 0 messages
[B: #13183@134] Sensed 0 robots
[B: #10400@135] Can sense kingLoc [19, 4] ? false at distSquared 29
[B: #11777@135] Sensed 3 robots
[B: #11777@135] Received 0 messages
[B: #11777@135] Received 0 messages
[B: #13183@135] Sensed 1 robots
[B: #13183@135] Found cat at [11, 6]
[B: #10400@136] Can sense kingLoc [19, 4] ? true at distSquared 20
[B: #11777@136] Sensed 2 robots
[B: #11777@136] Received 0 messages
[B: #13183@136] Sensed 1 robots
[B: #13183@136] Found cat at [12, 7]
[B: #11777@137] Sensed 1 robots
[B: #11777@137] Received 0 messages
[B: #13183@137] Sensed 2 robots
[B: #13183@137] Found cat at [12, 7]
[B: #11777@138] Sensed 2 robots
[B: #11777@138] Received 0 messages
[B: #13183@138] Sensed 1 robots
[B: #13183@138] Found cat at [13, 8]
[B: #13183@138] Attacking cat at [13, 8]
[B: #11777@139] Sensed 1 robots
[B: #11777@139] Received 0 messages
[B: #13183@139] Sensed 2 robots
[B: #13183@139] Found cat at [13, 8]
[B: #13183@139] Attacking cat at [13, 8]
[B: #11777@140] Sensed 1 robots
[B: #11777@140] Received 0 messages
[B: #13183@140] Sensed 2 robots
[B: #13183@140] Received 0 messages
[B: #13183@140] Found cat at [13, 8]
[B: #11777@141] Sensed 0 robots
[B: #13183@141] Sensed 1 robots
[B: #13183@141] Received 0 messages
[B: #13183@141] Found cat at [13, 8]
[B: #11777@142] Sensed 0 robots
[B: #13183@142] Sensed 1 robots
[B: #13183@142] Received 0 messages
[B: #13183@142] Found cat at [13, 8]
[B: #10168@142] Sensed 0 robots
[B: #12239@143] Can sense kingLoc [19, 4] ? false at distSquared 178
[B: #11777@143] Sensed 0 robots
[B: #12330@143] Found a cheese mine at [17, 17]
[B: #12330@143] Going straight to cheese mine at [17, 17]
[B: #13183@143] Sensed 1 robots
[B: #13183@143] Received 0 messages
[B: #13183@143] Found cat at [13, 8]
[B: #10168@143] Sensed 1 robots
[B: #10168@143] Received 0 messages
[B: #12239@144] Can sense kingLoc [19, 4] ? false at distSquared 153
[B: #11777@144] Sensed 1 robots
[B: #11777@144] Received 0 messages
[B: #12330@144] Found a cheese mine at [17, 17]
[B: #12330@144] Going straight to cheese mine at [17, 17]
[B: #13183@144] Sensed 2 robots
[B: #13183@144] Received 0 messages
[B: #13183@144] Found cat at [13, 8]
[B: #10168@144] Sensed 2 robots
[B: #10168@144] Found cat at [16, 10]
[B: #12239@145] Can sense kingLoc [19, 4] ? false at distSquared 153
[B: #11777@145] Sensed 1 robots
[B: #11777@145] Received 0 messages
[B: #12330@145] Found a cheese mine at [17, 17]
[B: #12330@145] Going straight to cheese mine at [17, 17]
[B: #13183@145] Sensed 1 robots
[B: #13183@145] Received 0 messages
[B: #13183@145] Found cat at [13, 8]
[B: #10168@145] Sensed 1 robots
[B: #10168@145] Found cat at [16, 10]
[B: #12239@146] Can sense kingLoc [19, 4] ? false at distSquared 130
[B: #11777@146] Sensed 2 robots
[B: #11777@146] Received 0 messages
[B: #11777@146] Received 0 messages
[B: #12330@146] Found a cheese mine at [17, 17]
[B: #12330@146] Going straight to cheese mine at [17, 17]
[B: #13183@146] Sensed 3 robots
[B: #13183@146] Received 0 messages
[B: #13183@146] Received 0 messages
[B: #13183@146] Received 0 messages
[B: #13183@146] Found cat at [13, 8]
[B: #10168@146] Sensed 1 robots
[B: #10168@146] Found cat at [17, 10]
[B: #12239@147] Can sense kingLoc [19, 4] ? false at distSquared 109
[B: #11871@147] Found a cheese mine at [2, 2]
[B: #11871@147] Going straight to cheese mine at [2, 2]
[B: #11777@147] Sensed 1 robots
[B: #11777@147] Received 0 messages
[B: #12330@147] Found a cheese mine at [17, 17]
[B: #12330@147] Going straight to cheese mine at [17, 17]
[B: #13183@147] Sensed 1 robots
[B: #13183@147] Received 0 messages
[B: #13183@147] Found cat at [13, 8]
[B: #10168@147] Sensed 1 robots
[B: #10168@147] Found cat at [17, 10]
[B: #10168@147] Attacking cat at [17, 10]
[B: #12239@148] Can sense kingLoc [19, 4] ? false at distSquared 109
[B: #11871@148] Found a cheese mine at [2, 2]
[B: #11871@148] Going straight to cheese mine at [2, 2]
[B: #11777@148] Sensed 3 robots
[B: #11777@148] Found cat at [17, 10]
[B: #12330@148] Going straight to cheese mine at [17, 17]
[B: #13183@148] Sensed 0 robots
[B: #13183@148] Found cat at [13, 8]
[B: #10168@148] Sensed 2 robots
[B: #10168@148] Received 0 messages
[B: #10168@148] Received 0 messages
[B: #10168@148] Found cat at [17, 10]
[B: #10168@148] Attacking cat at [17, 10]
[B: #12239@149] Can sense kingLoc [19, 4] ? false at distSquared 109
[B: #10400@149] Found a cheese mine at [2, 2]
[B: #10400@149] Going straight to cheese mine at [2, 2]
[B: #11871@149] Found a cheese mine at [2, 2]
[B: #11871@149] Going straight to cheese mine at [2, 2]
[B: #11777@149] Sensed 2 robots
[B: #11777@149] Found cat at [17, 10]
[B: #12330@149] Found a cheese mine at [17, 17]
[B: #12330@149] Going straight to cheese mine at [17, 17]
[B: #13183@149] Sensed 2 robots
[B: #13183@149] Received 0 messages
[B: #13183@149] Found cat at [13, 8]
[B: #10168@149] Sensed 2 robots
[B: #10168@149] Found cat at [17, 10]
[B: #10168@149] Attacking cat at [17, 10]
[B: #12239@150] Can sense kingLoc [19, 4] ? false at distSquared 90
[B: #10400@150] Found a cheese mine at [2, 2]
[B: #10400@150] Going straight to cheese mine at [2, 2]
[B: #11871@150] Found a cheese mine at [2, 2]
[B: #11871@150] Going straight to cheese mine at [2, 2]
[B: #11777@150] Sensed 2 robots
[B: #11777@150] Found cat at [16, 11]
[B: #11777@150] Attacking cat at [16, 11]
[B: #12330@150] Going straight to cheese mine at [17, 17]
[B: #13183@150] Sensed 1 robots
[B: #13183@150] Received 0 messages
[B: #13183@150] Found cat at [13, 8]
[B: #13183@150] Reporting back with dice 9
[B: #10168@150] Sensed 2 robots
[B: #10168@150] Received 0 messages
[B: #10168@150] Received 0 messages
[B: #10168@150] Found cat at [17, 10]
[B: #12239@151] Can sense kingLoc [19, 4] ? false at distSquared 90
[B: #10400@151] Found a cheese mine at [2, 2]
[B: #10400@151] Going straight to cheese mine at [2, 2]
[B: #11871@151] Found a cheese mine at [2, 2]
[B: #11871@151] Going straight to cheese mine at [2, 2]
[B: #11777@151] Sensed 3 robots
[B: #11777@151] Found cat at [16, 11]
[B: #11777@151] Attacking cat at [16, 11]
[B: #12330@151] Found a cheese mine at [17, 17]
[B: #12330@151] Going straight to cheese mine at [17, 17]
[B: #10168@151] Sensed 2 robots
[B: #10168@151] Found cat at [16, 11]
[B: #10168@151] Attacking cat at [16, 11]
[B: #10400@152] Found a cheese mine at [2, 2]
[B: #10400@152] Going straight to cheese mine at [2, 2]
[B: #11871@152] Found a cheese mine at [2, 2]
[B: #11871@152] Going straight to cheese mine at [2, 2]
[B: #11777@152] Sensed 1 robots
[B: #11777@152] Received 0 messages
[B: #11777@152] Found cat at [16, 11]
[B: #12330@152] Found a cheese mine at [17, 17]
[B: #12330@152] Going straight to cheese mine at [17, 17]
[B: #10168@152] Sensed 2 robots
[B: #10168@152] Found cat at [15, 13]
[B: #10192@152] Sensed 0 robots
[B: #10400@153] Found a cheese mine at [2, 2]
[B: #10400@153] Going straight to cheese mine at [2, 2]
[B: #11871@153] Found a cheese mine at [2, 2]
[B: #11871@153] Going straight to cheese mine at [2, 2]
[B: #11777@153] Sensed 1 robots
[B: #11777@153] Found cat at [15, 13]
[B: #12330@153] Going straight to cheese mine at [17, 17]
[B: #10168@153] Sensed 0 robots
[B: #10168@153] Found cat at [15, 13]
[B: #10192@153] Sensed 0 robots
[B: #10400@154] Found a cheese mine at [2, 2]
[B: #10400@154] Going straight to cheese mine at [2, 2]
[B: #11871@154] Found a cheese mine at [2, 2]
[B: #11871@154] Going straight to cheese mine at [2, 2]
[B: #11777@154] Sensed 1 robots
[B: #11777@154] Found cat at [15, 13]
[B: #11777@154] Attacking cat at [15, 13]
[B: #12330@154] Found a cheese mine at [17, 17]
[B: #12330@154] Going straight to cheese mine at [17, 17]
[B: #10168@154] Sensed 3 robots
[B: #10168@154] Found cat at [15, 13]
[B: #10192@154] Sensed 0 robots
[B: #10400@155] Found a cheese mine at [2, 2]
[B: #10400@155] Going straight to cheese mine at [2, 2]
[B: #11871@155] Found a cheese mine at [2, 2]
[B: #11871@155] Going straight to cheese mine at [2, 2]
[B: #11777@155] Sensed 1 robots
[B: #11777@155] Found cat at [15, 13]
[B: #11777@155] Attacking cat at [15, 13]
[B: #12330@155] Going straight to cheese mine at [17, 17]
[B: #10168@155] Sensed 2 robots
[B: #10168@155] Found cat at [15, 13]
[B: #10192@155] Sensed 1 robots
[B: #10192@155] Received 0 messages
[B: #10400@156] Found a cheese mine at [2, 2]
[B: #10400@156] Going straight to cheese mine at [2, 2]
[B: #11871@156] Found a cheese mine at [2, 2]
[B: #11871@156] Going straight to cheese mine at [2, 2]
[B: #11777@156] Sensed 2 robots
[B: #11777@156] Received 0 messages
[B: #11777@156] Received 0 messages
[B: #11777@156] Found cat at [15, 13]
[B: #11777@156] Attacking cat at [15, 13]
[B: #12330@156] Can sense kingLoc [19, 4] ? false at distSquared 212
[B: #10168@156] Sensed 2 robots
[B: #10168@156] Found cat at [15, 13]
[B: #10192@156] Sensed 1 robots
[B: #10192@156] Received 0 messages
[B: #10400@157] Found a cheese mine at [2, 2]
[B: #10400@157] Going straight to cheese mine at [2, 2]
[B: #11871@157] Found a cheese mine at [2, 2]
[B: #11871@157] Going straight to cheese mine at [2, 2]
[B: #11777@157] Sensed 1 robots
[B: #11777@157] Found cat at [15, 13]
[B: #11777@157] Attacking cat at [15, 13]
[B: #12330@157] Can sense kingLoc [19, 4] ? false at distSquared 185
[B: #13183@157] From [7, 14] Sent a squeak 17224 for cat at [13, 8]
[B: #10168@157] Sensed 2 robots
[B: #10168@157] Found cat at [15, 13]
[B: #10168@157] Reporting back with dice 9
[B: #10192@157] Sensed 1 robots
[B: #10192@157] Received 0 messages
[B: #10400@158] Found a cheese mine at [2, 2]
[B: #10400@158] Going straight to cheese mine at [2, 2]
[B: #11871@158] Found a cheese mine at [2, 2]
[B: #11871@158] Going straight to cheese mine at [2, 2]
[B: #11777@158] Sensed 1 robots
[B: #11777@158] Received 0 messages
[B: #11777@158] Found cat at [15, 13]
[B: #12330@158] Can sense kingLoc [19, 4] ? false at distSquared 185
[B: #13183@158] Sensed 1 robots
[B: #13183@158] Found cat at [13, 8]
[B: #10168@158] From [16, 11] Sent a squeak 17357 for cat at [15, 13]
[B: #10192@158] Sensed 1 robots
[B: #10192@158] Received 1 messages
[B: #10400@159] Found a cheese mine at [2, 2]
[B: #10400@159] Going straight to cheese mine at [2, 2]
[B: #11871@159] Found a cheese mine at [2, 2]
[B: #11871@159] Going straight to cheese mine at [2, 2]
[B: #11777@159] Sensed 1 robots
[B: #11777@159] Received 0 messages
[B: #11777@159] Found cat at [15, 13]
[B: #12330@159] Can sense kingLoc [19, 4] ? false at distSquared 160
[B: #13183@159] Sensed 0 robots
[B: #13183@159] Found cat at [13, 8]
[B: #10168@159] Sensed 2 robots
[B: #10168@159] Received 0 messages
[B: #10168@159] Received 0 messages
[B: #10168@159] Found cat at [15, 13]
[B: #10192@159] Sensed 1 robots
[B: #10192@159] Received 0 messages
[B: #10400@160] Found a cheese mine at [2, 2]
[B: #10400@160] Going straight to cheese mine at [2, 2]
[B: #11871@160] Found a cheese mine at [2, 2]
[B: #11871@160] Going straight to cheese mine at [2, 2]
[B: #11777@160] Sensed 2 robots
[B: #11777@160] Received 0 messages
[B: #11777@160] Received 0 messages
[B: #11777@160] Found cat at [15, 13]
[B: #11777@160] Reporting back with dice 9
[B: #12330@160] Can sense kingLoc [19, 4] ? false at distSquared 137
[B: #13183@160] Sensed 2 robots
[B: #13183@160] Received 0 messages
[B: #13183@160] Received 0 messages
[B: #13183@160] Found cat at [13, 8]
[B: #10168@160] Sensed 2 robots
[B: #10168@160] Received 0 messages
[B: #10168@160] Received 0 messages
[B: #10168@160] Found cat at [15, 13]
[B: #10192@160] Sensed 1 robots
[B: #10192@160] Received 0 messages
[B: #10400@161] Found a cheese mine at [2, 2]
[B: #10400@161] Going straight to cheese mine at [2, 2]
[B: #11871@161] Found a cheese mine at [2, 2]
[B: #11871@161] Going straight to cheese mine at [2, 2]
[B: #11777@161] From [15, 14] Sent a squeak 17357 for cat at [15, 13]
[B: #12330@161] Can sense kingLoc [19, 4] ? false at distSquared 137
[B: #13183@161] Sensed 1 robots
[B: #13183@161] Received 0 messages
[B: #13183@161] Found cat at [13, 8]
[B: #13183@161] Reporting back with dice 9
[B: #10168@161] Sensed 3 robots
[B: #10168@161] Received 1 messages
[B: #10168@161] Received 1 messages
[B: #10168@161] Received 1 messages
[B: #10168@161] Found cat at [15, 13]
[B: #10168@161] Reporting back with dice 9
[B: #10192@161] Sensed 0 robots
[B: #10400@162] Found a cheese mine at [2, 2]
[B: #10400@162] Going straight to cheese mine at [2, 2]
[B: #11871@162] Found a cheese mine at [2, 2]
[B: #11871@162] Going straight to cheese mine at [2, 2]
[B: #11777@162] Sensed 2 robots
[B: #11777@162] Found cat at [17, 10]
[B: #12330@162] Can sense kingLoc [19, 4] ? false at distSquared 137
[B: #10563@162] Found a cheese mine at [2, 2]
[B: #10563@162] Going straight to cheese mine at [2, 2]
[B: #10168@162] From [15, 13] Sent a squeak 17357 for cat at [15, 13]
[B: #10192@162] Sensed 0 robots
[B: #11609@162] Sensed 0 robots
[B: #10400@163] Found a cheese mine at [2, 2]
[B: #10400@163] Going straight to cheese mine at [2, 2]
[B: #11871@163] Found a cheese mine at [2, 2]
[B: #11871@163] Going straight to cheese mine at [2, 2]
[B: #11777@163] Sensed 1 robots
[B: #11777@163] Found cat at [17, 10]
[B: #12330@163] Can sense kingLoc [19, 4] ? false at distSquared 116
[B: #13183@163] From [10, 11] Sent a squeak 17224 for cat at [13, 8]
[B: #10563@163] Found a cheese mine at [2, 2]
[B: #10563@163] Going straight to cheese mine at [2, 2]
[B: #10168@163] Sensed 2 robots
[B: #10168@163] Received 0 messages
[B: #10168@163] Received 0 messages
[B: #10168@163] Found cat at [15, 13]
[B: #10168@163] GameActionException in RobotPlayer:
[B: #10168@163] battlecode.common.GameActionException: Cannot turn to CENTER direction!
[B: #10168@163] 	at battlecode.world.RobotControllerImpl.assertCanTurn(RobotControllerImpl.java:928)
[B: #10168@163] 	at battlecode.world.RobotControllerImpl.turn(RobotControllerImpl.java:954)
[B: #10168@163] 	at teacher08a.CatAttacker.runFindCat(CatAttacker.java:120)
[B: #10168@163] 	at teacher08a.CatAttacker.doAction(CatAttacker.java:34)
[B: #10168@163] 	at teacher08a.RobotPlayer.run(RobotPlayer.java:25)
[B: #10168@163] 	at java.base/jdk.internal.reflect.DirectMethodHandleAccessor.invoke(DirectMethodHandleAccessor.java:103)
[B: #10168@163] 	at java.base/java.lang.reflect.Method.invoke(Method.java:580)
[B: #10168@163] 	at battlecode.instrumenter.SandboxedRobotPlayer.loadAndRunPlayerJava(SandboxedRobotPlayer.java:306)
[B: #10168@163] 	at battlecode.instrumenter.SandboxedRobotPlayer.loadAndRunPlayer(SandboxedRobotPlayer.java:268)
[B: #10168@163] 	at battlecode.instrumenter.SandboxedRobotPlayer.lambda$new$2(SandboxedRobotPlayer.java:202)
[B: #10168@163] 	at java.base/java.lang.Thread.run(Thread.java:1583)
[B: #10192@163] Sensed 0 robots
[B: #11609@163] Sensed 0 robots
[B: #10400@164] Found a cheese mine at [2, 2]
[B: #10400@164] Going straight to cheese mine at [2, 2]
[B: #11871@164] Found a cheese mine at [2, 2]
[B: #11871@164] Going straight to cheese mine at [2, 2]
[B: #11777@164] Sensed 1 robots
[B: #11777@164] Found cat at [16, 9]
[B: #12330@164] Can sense kingLoc [19, 4] ? false at distSquared 116
[B: #13183@164] Sensed 0 robots
[B: #13183@164] Found cat at [13, 8]
[B: #10563@164] Found a cheese mine at [2, 2]
[B: #10563@164] Going straight to cheese mine at [2, 2]
[B: #10168@164] Sensed 2 robots
[B: #10168@164] Received 0 messages
[B: #10168@164] Received 0 messages
[B: #10168@164] Found cat at [15, 13]
[B: #10192@164] Sensed 3 robots
[B: #10192@164] Received 0 messages
[B: #10192@164] Received 0 messages
[B: #11609@164] Sensed 1 robots
[B: #11609@164] Found cat at [16, 9]
[B: #10400@165] Found a cheese mine at [2, 2]
[B: #10400@165] Going straight to cheese mine at [2, 2]
[B: #11871@165] Found a cheese mine at [2, 2]
[B: #11871@165] Going straight to cheese mine at [2, 2]
[B: #11777@165] Sensed 2 robots
[B: #11777@165] Found cat at [16, 9]
[B: #11777@165] Reporting back with dice 9
[B: #12330@165] Can sense kingLoc [19, 4] ? false at distSquared 116
[B: #13183@165] Sensed 1 robots
[B: #13183@165] Found cat at [16, 9]
[B: #10563@165] Found a cheese mine at [2, 2]
[B: #10563@165] Going straight to cheese mine at [2, 2]
[B: #10168@165] Sensed 2 robots
[B: #10168@165] Found cat at [16, 9]
[B: #10192@165] Sensed 4 robots
[B: #10192@165] Received 0 messages
[B: #10192@165] Received 0 messages
[B: #10192@165] Received 0 messages
[B: #11609@165] Sensed 2 robots
[B: #11609@165] Found cat at [16, 9]
[B: #10400@166] Found a cheese mine at [2, 2]
[B: #10400@166] Going straight to cheese mine at [2, 2]
[B: #11871@166] Found a cheese mine at [2, 2]
[B: #11871@166] Going straight to cheese mine at [2, 2]
[B: #12330@166] Can sense kingLoc [19, 4] ? false at distSquared 116
[B: #13183@166] Sensed 2 robots
[B: #13183@166] Received 0 messages
[B: #13183@166] Found cat at [15, 8]
[B: #10563@166] Found a cheese mine at [2, 2]
[B: #10563@166] Going straight to cheese mine at [2, 2]
[B: #10168@166] Sensed 3 robots
[B: #10168@166] Received 0 messages
[B: #10168@166] Found cat at [15, 8]
[B: #10192@166] Sensed 3 robots
[B: #10192@166] Received 0 messages
[B: #10192@166] Received 0 messages
[B: #10400@167] Found a cheese mine at [2, 2]
[B: #10400@167] Going straight to cheese mine at [2, 2]
[B: #11871@167] Found a cheese mine at [2, 2]
[B: #11871@167] Going straight to cheese mine at [2, 2]
[B: #11777@167] From [16, 10] Sent a squeak 17417 for cat at [16, 9]
[B: #12330@167] Can sense kingLoc [19, 4] ? false at distSquared 97
[B: #13183@167] Sensed 1 robots
[B: #13183@167] Found cat at [15, 8]
[B: #13183@167] Attacking cat at [15, 8]
[B: #10563@167] Found a cheese mine at [2, 2]
[B: #10563@167] Going straight to cheese mine at [2, 2]
[B: #10168@167] Sensed 3 robots
[B: #10168@167] Received 1 messages
[B: #10168@167] Found cat at [15, 8]
[B: #10192@167] Sensed 1 robots
[B: #10400@168] Found a cheese mine at [2, 2]
[B: #10400@168] Going straight to cheese mine at [2, 2]
[B: #11871@168] Found a cheese mine at [2, 2]
[B: #11871@168] Going straight to cheese mine at [2, 2]
[B: #11777@168] Sensed 1 robots
[B: #11777@168] Found cat at [14, 7]
[B: #12330@168] Can sense kingLoc [19, 4] ? false at distSquared 73
[B: #10563@168] Found a cheese mine at [2, 2]
[B: #10563@168] Going straight to cheese mine at [2, 2]
[B: #10168@168] Sensed 2 robots
[B: #10168@168] Received 0 messages
[B: #10168@168] Found cat at [14, 7]
[B: #10192@168] Sensed 1 robots
[B: #10400@169] Found a cheese mine at [2, 2]
[B: #10400@169] Going straight to cheese mine at [2, 2]
[B: #11871@169] Found a cheese mine at [2, 2]
[B: #11871@169] Going straight to cheese mine at [2, 2]
[B: #11777@169] Sensed 2 robots
[B: #11777@169] Found cat at [14, 7]
[B: #12330@169] Can sense kingLoc [19, 4] ? false at distSquared 58
[B: #10563@169] Found a cheese mine at [2, 2]
[B: #10563@169] Going straight to cheese mine at [2, 2]
[B: #10168@169] Sensed 3 robots
[B: #10168@169] Received 0 messages
[B: #10168@169] Received 0 messages
[B: #10168@169] Found cat at [14, 7]
[B: #10192@169] Sensed 2 robots
[B: #10192@169] Received 0 messages
[B: #10192@169] Received 0 messages
[B: #10400@170] Found a cheese mine at [2, 2]
[B: #10400@170] Going straight to cheese mine at [2, 2]
[B: #11871@170] Found a cheese mine at [2, 2]
[B: #11871@170] Going straight to cheese mine at [2, 2]
[B: #11777@170] Sensed 2 robots
[B: #11777@170] Found cat at [13, 6]
[B: #12330@170] Can sense kingLoc [19, 4] ? false at distSquared 58
[B: #10563@170] Found a cheese mine at [2, 2]
[B: #10563@170] Going straight to cheese mine at [2, 2]
[B: #10168@170] Sensed 1 robots
[B: #10168@170] Received 0 messages
[B: #10168@170] Found cat at [14, 7]
[B: #10192@170] Sensed 1 robots
[B: #10192@170] Received 0 messages
[B: #10400@171] Found a cheese mine at [2, 2]
[B: #10400@171] Going straight to cheese mine at [2, 2]
[B: #11871@171] Found a cheese mine at [2, 2]
[B: #11871@171] Going straight to cheese mine at [2, 2]
[B: #11777@171] Sensed 2 robots
[B: #11777@171] Found cat at [13, 6]
[B: #12330@171] Can sense kingLoc [19, 4] ? false at distSquared 40
[B: #10563@171] Found a cheese mine at [2, 2]
[B: #10563@171] Going straight to cheese mine at [2, 2]
[B: #10168@171] Sensed 3 robots
[B: #10168@171] Received 0 messages
[B: #10168@171] Received 0 messages
[B: #10168@171] Found cat at [13, 6]
[B: #10168@171] Reporting back with dice 9
[B: #10192@171] Sensed 1 robots
[B: #10192@171] Received 0 messages
[B: #10400@172] Found a cheese mine at [2, 2]
[B: #10400@172] Going straight to cheese mine at [2, 2]
[B: #11871@172] Found a cheese mine at [2, 2]
[B: #11871@172] Going straight to cheese mine at [2, 2]
[B: #11777@172] Sensed 0 robots
[B: #11777@172] Found cat at [13, 6]
[B: #12330@172] Can sense kingLoc [19, 4] ? false at distSquared 29
[B: #10563@172] Found a cheese mine at [2, 2]
[B: #10563@172] Going straight to cheese mine at [2, 2]
[B: #10168@172] From [15, 9] Sent a squeak 17222 for cat at [13, 6]
[B: #10168@172] From [15, 9] Sent a squeak 17222 for cat at [13, 6]
[B: #10192@172] Sensed 0 robots
[B: #11604@172] Sensed 0 robots
[B: #10400@173] Found a cheese mine at [2, 2]
[B: #10400@173] Going straight to cheese mine at [2, 2]
[B: #11871@173] Found a cheese mine at [2, 2]
[B: #11871@173] Going straight to cheese mine at [2, 2]
[B: #11777@173] Sensed 2 robots
[B: #11777@173] Found cat at [12, 6]
[B: #12330@173] Can sense kingLoc [19, 4] ? false at distSquared 29
[B: #10563@173] Found a cheese mine at [2, 2]
[B: #10563@173] Going straight to cheese mine at [2, 2]
[B: #10168@173] Sensed 3 robots
[B: #10168@173] Received 0 messages
[B: #10168@173] Found cat at [12, 6]
[B: #10192@173] Sensed 1 robots
[B: #10192@173] Received 0 messages
[B: #11604@173] Sensed 1 robots
[B: #11604@173] Received 0 messages
[B: #10400@174] Found a cheese mine at [2, 2]
[B: #10400@174] Going straight to cheese mine at [2, 2]
[B: #11871@174] Found a cheese mine at [2, 2]
[B: #11871@174] Going straight to cheese mine at [2, 2]
[B: #11777@174] Sensed 2 robots
[B: #11777@174] Found cat at [12, 6]
[B: #12330@174] Can sense kingLoc [19, 4] ? true at distSquared 20
[B: #12330@174] From [17, 8] Sent a squeak 13393 for mine at [17, 17]
[B: #10563@174] Found a cheese mine at [2, 2]
[B: #10563@174] Going straight to cheese mine at [2, 2]
[B: #10168@174] Sensed 3 robots
[B: #10168@174] Received 1 messages
[B: #10168@174] Found cat at [12, 6]
[B: #10192@174] Sensed 1 robots
[B: #10192@174] Received 0 messages
[B: #11604@174] Sensed 3 robots
[B: #11604@174] Received 1 messages
[B: #11604@174] Received 1 messages
[B: #11604@174] Found cat at [12, 6]
[B: #10400@175] Found a cheese mine at [2, 2]
[B: #10400@175] Going straight to cheese mine at [2, 2]
[B: #11871@175] Found a cheese mine at [2, 2]
[B: #11871@175] Going straight to cheese mine at [2, 2]
[B: #11777@175] Sensed 1 robots
[B: #11777@175] Found cat at [12, 8]
[B: #12330@175] Going straight to cheese mine at [17, 17]
[B: #10563@175] Found a cheese mine at [2, 2]
[B: #10563@175] Going straight to cheese mine at [2, 2]
[B: #10168@175] Sensed 2 robots
[B: #10168@175] Received 0 messages
[B: #10168@175] Found cat at [12, 8]
[B: #10192@175] Sensed 2 robots
[B: #10192@175] Received 0 messages
[B: #10192@175] Found cat at [12, 8]
[B: #11604@175] Sensed 2 robots
[B: #11604@175] Received 0 messages
[B: #11604@175] Found cat at [12, 8]
[B: #10400@176] Found a cheese mine at [2, 2]
[B: #10400@176] Going straight to cheese mine at [2, 2]
[B: #11871@176] Found a cheese mine at [2, 2]
[B: #11871@176] Going straight to cheese mine at [2, 2]
[B: #11777@176] Sensed 2 robots
[B: #11777@176] Found cat at [12, 8]
[B: #12330@176] Going straight to cheese mine at [17, 17]
[B: #10563@176] Found a cheese mine at [2, 2]
[B: #10563@176] Going straight to cheese mine at [2, 2]
[B: #10168@176] Sensed 2 robots
[B: #10168@176] Found cat at [12, 8]
[B: #10192@176] Sensed 3 robots
[B: #10192@176] Received 0 messages
[B: #10192@176] Received 0 messages
[B: #10192@176] Found cat at [12, 8]
[B: #11604@176] Sensed 3 robots
[B: #11604@176] Received 0 messages
[B: #11604@176] Received 0 messages
[B: #11604@176] Found cat at [12, 8]
[B: #10400@177] Found a cheese mine at [2, 2]
[B: #10400@177] Going straight to cheese mine at [2, 2]
[B: #11871@177] Found a cheese mine at [2, 2]
[B: #11871@177] Going straight to cheese mine at [2, 2]
[B: #11777@177] Sensed 2 robots
[B: #11777@177] Found cat at [12, 8]
[B: #12330@177] Going straight to cheese mine at [17, 17]
[B: #10563@177] Found a cheese mine at [2, 2]
[B: #10563@177] Going straight to cheese mine at [2, 2]
[B: #10168@177] Sensed 3 robots
[B: #10168@177] Received 0 messages
[B: #10168@177] Received 0 messages
[B: #10168@177] Found cat at [12, 8]
[B: #10192@177] Sensed 4 robots
[B: #10192@177] Received 0 messages
[B: #10192@177] Received 0 messages
[B: #10192@177] Received 0 messages
[B: #10192@177] Found cat at [12, 8]
[B: #11604@177] Sensed 2 robots
[B: #11604@177] Found cat at [12, 8]
[B: #10400@178] Going straight to cheese mine at [2, 2]
[B: #11871@178] Found a cheese mine at [2, 2]
[B: #11871@178] Going straight to cheese mine at [2, 2]
[B: #11777@178] Sensed 2 robots
[B: #11777@178] Received 0 messages
[B: #11777@178] Found cat at [12, 8]
[B: #12330@178] Going straight to cheese mine at [17, 17]
[B: #10563@178] Found a cheese mine at [2, 2]
[B: #10563@178] Going straight to cheese mine at [2, 2]
[B: #10168@178] Sensed 3 robots
[B: #10168@178] Received 0 messages
[B: #10168@178] Received 0 messages
[B: #10168@178] Found cat at [12, 8]
[B: #10192@178] Sensed 4 robots
[B: #10192@178] Received 0 messages
[B: #10192@178] Received 0 messages
[B: #10192@178] Received 0 messages
[B: #10192@178] Found cat at [12, 8]
[B: #11604@178] Sensed 4 robots
[B: #11604@178] Received 0 messages
[B: #11604@178] Received 0 messages
[B: #11604@178] Found cat at [12, 8]
[B: #10110@179] Can sense kingLoc [19, 4] ? false at distSquared 178
[B: #10400@179] Found a cheese mine at [2, 2]
[B: #10400@179] Going straight to cheese mine at [2, 2]
[B: #11871@179] Going straight to cheese mine at [2, 2]
[B: #11777@179] Sensed 1 robots
[B: #11777@179] Found cat at [10, 9]
[B: #12330@179] Going straight to cheese mine at [17, 17]
[B: #10563@179] Found a cheese mine at [2, 2]
[B: #10563@179] Going straight to cheese mine at [2, 2]
[B: #10168@179] Sensed 3 robots
[B: #10168@179] Received 0 messages
[B: #10168@179] Received 0 messages
[B: #10168@179] Found cat at [10, 9]
[B: #11604@179] Sensed 3 robots
[B: #11604@179] Received 0 messages
[B: #11604@179] Received 0 messages
[B: #11604@179] Found cat at [10, 9]
[B: #10110@180] Can sense kingLoc [19, 4] ? false at distSquared 153
[B: #10400@180] Found a cheese mine at [2, 2]
[B: #10400@180] Going straight to cheese mine at [2, 2]
[B: #11871@180] Found a cheese mine at [2, 2]
[B: #11871@180] Going straight to cheese mine at [2, 2]
[B: #11777@180] Sensed 1 robots
[B: #11777@180] Found cat at [10, 9]
[B: #12330@180] Going straight to cheese mine at [17, 17]
[B: #10563@180] Found a cheese mine at [2, 2]
[B: #10563@180] Going straight to cheese mine at [2, 2]
[B: #10168@180] Sensed 2 robots
[B: #10168@180] Received 0 messages
[B: #10168@180] Found cat at [10, 9]
[B: #11604@180] Sensed 0 robots
[B: #11604@180] Found cat at [10, 9]
[B: #10110@181] Can sense kingLoc [19, 4] ? false at distSquared 153
[B: #10400@181] Found a cheese mine at [2, 2]
[B: #10400@181] Going straight to cheese mine at [2, 2]
[B: #11871@181] Found a cheese mine at [2, 2]
[B: #11871@181] Going straight to cheese mine at [2, 2]
[B: #11777@181] Sensed 1 robots
[B: #11777@181] Found cat at [10, 9]
[B: #12330@181] Going straight to cheese mine at [17, 17]
[B: #10563@181] Going straight to cheese mine at [2, 2]
[B: #10168@181] Sensed 1 robots
[B: #10168@181] Found cat at [10, 9]
[B: #11604@181] Sensed 3 robots
[B: #11604@181] Received 0 messages
[B: #11604@181] Received 0 messages
[B: #11604@181] Found cat at [10, 9]
[B: #10110@182] Can sense kingLoc [19, 4] ? false at distSquared 130
[B: #10400@182] Going straight to cheese mine at [2, 2]
[B: #11871@182] Going straight to cheese mine at [2, 2]
[B: #11777@182] Sensed 2 robots
[B: #11777@182] Received 0 messages
[B: #11777@182] Found cat at [10, 9]
[B: #12330@182] Going straight to cheese mine at [17, 17]
[B: #10563@182] Going straight to cheese mine at [2, 2]
[B: #10168@182] Sensed 1 robots
[B: #10168@182] Found cat at [10, 9]
[B: #10168@182] Reporting back with dice 9
[B: #11604@182] Sensed 3 robots
[B: #11604@182] Received 0 messages
[B: #11604@182] Received 0 messages
[B: #11604@182] Found cat at [10, 9]
[B: #12638@182] Sensed 0 robots
[B: #10110@183] Can sense kingLoc [19, 4] ? false at distSquared 109
[B: #10400@183] Going straight to cheese mine at [2, 2]
[B: #11871@183] Going straight to cheese mine at [2, 2]
[B: #12330@183] Going straight to cheese mine at [17, 17]
[B: #10563@183] Going straight to cheese mine at [2, 2]
[B: #11604@183] Sensed 0 robots
[B: #11604@183] Found cat at [10, 9]
[B: #12638@183] Sensed 0 robots
[B: #10110@184] Can sense kingLoc [19, 4] ? false at distSquared 109
[B: #10400@184] Going straight to cheese mine at [2, 2]
[B: #11871@184] Going straight to cheese mine at [2, 2]
[B: #12330@184] Going straight to cheese mine at [17, 17]
[B: #10563@184] Found a cheese mine at [2, 2]
[B: #10563@184] Going straight to cheese mine at [2, 2]
[B: #11604@184] Sensed 1 robots
[B: #11604@184] Found cat at [11, 8]
[B: #12638@184] Sensed 1 robots
[B: #12638@184] Received 0 messages
[B: #10110@185] Can sense kingLoc [19, 4] ? false at distSquared 90
[B: #10400@185] Going straight to cheese mine at [2, 2]
[B: #11871@185] Can sense kingLoc [19, 4] ? false at distSquared 293
[B: #12330@185] Going straight to cheese mine at [17, 17]
[B: #10563@185] Found a cheese mine at [2, 2]
[B: #10563@185] Going straight to cheese mine at [2, 2]
[B: #12638@185] Sensed 1 robots
[B: #12638@185] Found cat at [12, 7]
[B: #10110@186] Can sense kingLoc [19, 4] ? false at distSquared 73
[B: #10400@186] Going straight to cheese mine at [2, 2]
[B: #11871@186] Can sense kingLoc [19, 4] ? false at distSquared 260
[B: #12330@186] Going straight to cheese mine at [17, 17]
[B: #10563@186] Found a cheese mine at [2, 2]
[B: #10563@186] Going straight to cheese mine at [2, 2]
[B: #12638@186] Sensed 1 robots
[B: #12638@186] Found cat at [12, 7]
[B: #10110@187] Can sense kingLoc [19, 4] ? false at distSquared 73
[B: #10400@187] Can sense kingLoc [17, 2] ? false at distSquared 145
[B: #11871@187] Can sense kingLoc [19, 4] ? false at distSquared 229
[B: #12330@187] Going straight to cheese mine at [17, 17]
[B: #10563@187] Found a cheese mine at [2, 2]
[B: #10563@187] Going straight to cheese mine at [2, 2]
[B: #10560@187] Found a cheese mine at [17, 17]
[B: #10560@187] Going straight to cheese mine at [17, 17]
[B: #12638@187] Sensed 1 robots
[B: #12638@187] Found cat at [12, 6]
[B: #10110@188] Can sense kingLoc [19, 4] ? false at distSquared 58
[B: #10400@188] Can sense kingLoc [17, 2] ? false at distSquared 122
[B: #11871@188] Can sense kingLoc [19, 4] ? false at distSquared 200
[B: #12330@188] Can sense kingLoc [19, 4] ? false at distSquared 148
[B: #10563@188] Found a cheese mine at [2, 2]
[B: #10563@188] Going straight to cheese mine at [2, 2]
[B: #10560@188] Found a cheese mine at [17, 17]
[B: #10560@188] Going straight to cheese mine at [17, 17]
[B: #12638@188] Sensed 1 robots
[B: #12638@188] Found cat at [12, 6]
[B: #10110@189] Can sense kingLoc [19, 4] ? false at distSquared 58
[B: #10400@189] Can sense kingLoc [17, 2] ? false at distSquared 101
[B: #11871@189] Can sense kingLoc [19, 4] ? false at distSquared 200
[B: #12330@189] Can sense kingLoc [19, 4] ? false at distSquared 125
[B: #10563@189] Going straight to cheese mine at [2, 2]
[B: #10560@189] Found a cheese mine at [17, 17]
[B: #10560@189] Going straight to cheese mine at [17, 17]
[B: #12638@189] Sensed 1 robots
[B: #12638@189] Found cat at [11, 5]
[B: #10110@190] Can sense kingLoc [19, 4] ? false at distSquared 40
[B: #10400@190] Can sense kingLoc [17, 2] ? false at distSquared 82
[B: #11871@190] Can sense kingLoc [19, 4] ? false at distSquared 173
[B: #12330@190] Can sense kingLoc [19, 4] ? false at distSquared 125
[B: #10563@190] Found a cheese mine at [2, 2]
[B: #10563@190] Going straight to cheese mine at [2, 2]
[B: #10560@190] Going straight to cheese mine at [17, 17]
[B: #12638@190] Sensed 1 robots
[B: #12638@190] Found cat at [11, 5]
[B: #10110@191] Can sense kingLoc [19, 4] ? false at distSquared 29
[B: #10400@191] Can sense kingLoc [17, 2] ? false at distSquared 82
[B: #11871@191] Can sense kingLoc [19, 4] ? false at distSquared 148
[B: #12330@191] Can sense kingLoc [19, 4] ? false at distSquared 104
[B: #10563@191] Found a cheese mine at [2, 2]
[B: #10563@191] Going straight to cheese mine at [2, 2]
[B: #10560@191] Found a cheese mine at [17, 17]
[B: #10560@191] Going straight to cheese mine at [17, 17]
[B: #12638@191] Sensed 1 robots
[B: #12638@191] Found cat at [10, 4]
[B: #10110@192] Can sense kingLoc [19, 4] ? false at distSquared 29
[B: #10400@192] Can sense kingLoc [17, 2] ? false at distSquared 65
[B: #11871@192] Can sense kingLoc [19, 4] ? false at distSquared 148
[B: #12330@192] Can sense kingLoc [19, 4] ? false at distSquared 85
[B: #10563@192] Found a cheese mine at [2, 2]
[B: #10563@192] Going straight to cheese mine at [2, 2]
[B: #10560@192] Going straight to cheese mine at [17, 17]
[B: #12638@192] Sensed 2 robots
[B: #12638@192] Found cat at [10, 4]
[B: #11556@192] Sensed 1 robots
[B: #11556@192] Received 0 messages
[B: #10110@193] Can sense kingLoc [19, 4] ? true at distSquared 20
[B: #11871@193] Can sense kingLoc [19, 4] ? false at distSquared 125
[B: #12330@193] Can sense kingLoc [19, 4] ? false at distSquared 85
[B: #10563@193] Found a cheese mine at [2, 2]
[B: #10563@193] Going straight to cheese mine at [2, 2]
[B: #10560@193] Going straight to cheese mine at [17, 17]
[B: #12638@193] Sensed 2 robots
[B: #12638@193] Found cat at [9, 3]
[B: #11556@193] Sensed 1 robots
[B: #11556@193] Received 0 messages
[B: #11871@194] Can sense kingLoc [19, 4] ? false at distSquared 104
[B: #12330@194] Can sense kingLoc [19, 4] ? false at distSquared 68
[B: #10563@194] Found a cheese mine at [2, 2]
[B: #10563@194] Going straight to cheese mine at [2, 2]
[B: #10560@194] Found a cheese mine at [17, 17]
[B: #10560@194] Going straight to cheese mine at [17, 17]
[B: #12638@194] Sensed 2 robots
[B: #12638@194] Found cat at [9, 3]
[B: #11556@194] Sensed 0 robots
[B: #11871@195] Can sense kingLoc [19, 4] ? false at distSquared 85
[B: #12330@195] Can sense kingLoc [19, 4] ? false at distSquared 68
[B: #10563@195] Found a cheese mine at [2, 2]
[B: #10563@195] Going straight to cheese mine at [2, 2]
[B: #10560@195] Found a cheese mine at [17, 17]
[B: #10560@195] Going straight to cheese mine at [17, 17]
[B: #12638@195] Sensed 0 robots
[B: #12638@195] Found cat at [9, 3]
[B: #11556@195] Sensed 0 robots
[B: #11871@196] Can sense kingLoc [19, 4] ? false at distSquared 85
[B: #12330@196] Can sense kingLoc [19, 4] ? false at distSquared 53
[B: #10563@196] Found a cheese mine at [2, 2]
[B: #10563@196] Going straight to cheese mine at [2, 2]
[B: #10560@196] Going straight to cheese mine at [17, 17]
[B: #12638@196] Sensed 1 robots
[B: #12638@196] Found cat at [8, 2]
[B: #11556@196] Sensed 0 robots
[B: #11871@197] Can sense kingLoc [19, 4] ? false at distSquared 68
[B: #12330@197] Can sense kingLoc [19, 4] ? false at distSquared 53
[B: #10563@197] Found a cheese mine at [2, 2]
[B: #10563@197] Going straight to cheese mine at [2, 2]
[B: #10560@197] Found a cheese mine at [17, 17]
[B: #10560@197] Going straight to cheese mine at [17, 17]
[B: #12638@197] Sensed 1 robots
[B: #12638@197] Found cat at [7, 2]
[B: #11556@197] Sensed 0 robots
[B: #11871@198] Can sense kingLoc [19, 4] ? false at distSquared 53
[B: #12330@198] Can sense kingLoc [19, 4] ? false at distSquared 40
[B: #10563@198] Going straight to cheese mine at [2, 2]
[B: #10560@198] Going straight to cheese mine at [17, 17]
[B: #12638@198] Sensed 1 robots
[B: #12638@198] Found cat at [7, 2]
[B: #11556@198] Sensed 0 robots
[B: #11871@199] Can sense kingLoc [19, 4] ? false at distSquared 53
[B: #12330@199] Can sense kingLoc [19, 4] ? false at distSquared 29
[B: #10563@199] Found a cheese mine at [2, 2]
[B: #10563@199] Going straight to cheese mine at [2, 2]
[B: #10560@199] Going straight to cheese mine at [17, 17]
[B: #12638@199] Sensed 1 robots
[B: #12638@199] Found cat at [7, 2]
[B: #11556@199] Sensed 0 robots
[B: #11871@200] Can sense kingLoc [19, 4] ? false at distSquared 40
[B: #12330@200] Can sense kingLoc [19, 4] ? false at distSquared 29
[B: #10563@200] Going straight to cheese mine at [2, 2]
[B: #10560@200] Can sense kingLoc [19, 4] ? false at distSquared 173
[B: #12638@200] Sensed 1 robots
[B: #12638@200] Found cat at [7, 2]
[B: #11556@200] Sensed 0 robots
[B: #11871@201] Can sense kingLoc [19, 4] ? false at distSquared 29
[B: #12330@201] Can sense kingLoc [19, 4] ? true at distSquared 20
[B: #10563@201] Found a cheese mine at [2, 2]
[B: #10563@201] Going straight to cheese mine at [2, 2]
[B: #10560@201] Can sense kingLoc [19, 4] ? false at distSquared 148
[B: #12638@201] Sensed 0 robots
[B: #12638@201] Found cat at [7, 2]
[B: #12638@201] Reporting back with dice 9
[B: #11556@201] Sensed 0 robots
[B: #11871@202] Can sense kingLoc [19, 4] ? true at distSquared 20
[B: #12330@202] Going straight to cheese mine at [17, 17]
[B: #10563@202] Going straight to cheese mine at [2, 2]
[B: #10560@202] Can sense kingLoc [19, 4] ? false at distSquared 125
[B: #11556@202] Sensed 0 robots
[B: #11010@202] Sensed 0 robots
[B: #11871@203] Going straight to cheese mine at [2, 2]
[B: #12330@203] Going straight to cheese mine at [17, 17]
[B: #10563@203] Found a cheese mine at [2, 2]
[B: #10563@203] Going straight to cheese mine at [2, 2]
[B: #10560@203] Can sense kingLoc [19, 4] ? false at distSquared 125
[B: #11556@203] Sensed 1 robots
[B: #11556@203] Received 0 messages
[B: #11010@203] Sensed 0 robots
[B: #11871@204] Going straight to cheese mine at [2, 2]
[B: #12330@204] Going straight to cheese mine at [17, 17]
[B: #10563@204] Going straight to cheese mine at [2, 2]
[B: #10560@204] Can sense kingLoc [19, 4] ? false at distSquared 104
[B: #11556@204] Sensed 2 robots
[B: #11556@204] Received 0 messages
[B: #11010@204] Sensed 1 robots
[B: #11010@204] Received 0 messages
[B: #11871@205] Going straight to cheese mine at [2, 2]
[B: #12330@205] Going straight to cheese mine at [17, 17]
[B: #10563@205] Found a cheese mine at [2, 2]
[B: #10563@205] Going straight to cheese mine at [2, 2]
[B: #10560@205] Can sense kingLoc [19, 4] ? false at distSquared 85
[B: #11556@205] Sensed 3 robots
[B: #11556@205] Received 0 messages
[B: #11556@205] Received 0 messages
[B: #11010@205] Sensed 0 robots
[B: #10110@206] Can sense kingLoc [19, 4] ? false at distSquared 64
[B: #11871@206] Going straight to cheese mine at [2, 2]
[B: #12330@206] Going straight to cheese mine at [17, 17]
[B: #10563@206] Going straight to cheese mine at [2, 2]
[B: #10560@206] Can sense kingLoc [19, 4] ? false at distSquared 68
[B: #11556@206] Sensed 2 robots
[B: #11556@206] Received 0 messages
[B: #11010@206] Sensed 0 robots
[B: #10110@207] Can sense kingLoc [19, 4] ? false at distSquared 49
[B: #11871@207] Going straight to cheese mine at [2, 2]
[B: #12330@207] Going straight to cheese mine at [17, 17]
[B: #10563@207] Found a cheese mine at [2, 2]
[B: #10563@207] Going straight to cheese mine at [2, 2]
[B: #10560@207] Can sense kingLoc [19, 4] ? false at distSquared 68
[B: #11556@207] Sensed 1 robots
[B: #11556@207] Received 0 messages
[B: #11010@207] Sensed 0 robots
[B: #10110@208] Can sense kingLoc [19, 4] ? false at distSquared 49
[B: #11871@208] Going straight to cheese mine at [2, 2]
[B: #12330@208] Going straight to cheese mine at [17, 17]
[B: #10563@208] Going straight to cheese mine at [2, 2]
[B: #10560@208] Can sense kingLoc [19, 4] ? false at distSquared 68
[B: #11556@208] Sensed 2 robots
[B: #11556@208] Received 0 messages
[B: #11010@208] Sensed 0 robots
[B: #10110@209] Can sense kingLoc [19, 4] ? false at distSquared 36
[B: #11871@209] Going straight to cheese mine at [2, 2]
[B: #12330@209] Going straight to cheese mine at [17, 17]
[B: #10563@209] Found a cheese mine at [2, 2]
[B: #10563@209] Going straight to cheese mine at [2, 2]
[B: #10560@209] Can sense kingLoc [19, 4] ? false at distSquared 68
[B: #11556@209] Sensed 0 robots
[B: #11010@209] Sensed 1 robots
[B: #11010@209] Found cat at [8, 14]
[B: #10110@210] Can sense kingLoc [19, 4] ? false at distSquared 36
[B: #11871@210] Going straight to cheese mine at [2, 2]
[B: #12330@210] Going straight to cheese mine at [17, 17]
[B: #10563@210] Going straight to cheese mine at [2, 2]
[B: #10560@210] Can sense kingLoc [19, 4] ? false at distSquared 68
[B: #11556@210] Sensed 1 robots
[B: #11556@210] Found cat at [9, 15]
[B: #11010@210] Sensed 1 robots
[B: #11010@210] Found cat at [9, 15]
[B: #10110@211] Can sense kingLoc [19, 4] ? false at distSquared 25
[B: #11871@211] Going straight to cheese mine at [2, 2]
[B: #12330@211] Going straight to cheese mine at [17, 17]
[B: #10563@211] Found a cheese mine at [2, 2]
[B: #10563@211] Going straight to cheese mine at [2, 2]
[B: #10560@211] Can sense kingLoc [19, 4] ? false at distSquared 68
[B: #11556@211] Sensed 1 robots
[B: #11556@211] Found cat at [9, 15]
[B: #11010@211] Sensed 2 robots
[B: #11010@211] Found cat at [9, 15]
[B: #11871@212] Going straight to cheese mine at [2, 2]
[B: #12330@212] Going straight to cheese mine at [17, 17]
[B: #10563@212] Going straight to cheese mine at [2, 2]
[B: #10560@212] Can sense kingLoc [19, 4] ? false at distSquared 68
[B: #11556@212] Sensed 2 robots
[B: #11556@212] Found cat at [10, 16]
[B: #11010@212] Sensed 1 robots
[B: #11010@212] Received 0 messages
[B: #11010@212] Found cat at [9, 15]
[B: #11330@212] Sensed 1 robots
[B: #11330@212] Received 0 messages
[B: #11871@213] Going straight to cheese mine at [2, 2]
[B: #12330@213] Going straight to cheese mine at [17, 17]
[B: #10563@213] Found a cheese mine at [2, 2]
[B: #10563@213] Going straight to cheese mine at [2, 2]
[B: #10560@213] Can sense kingLoc [19, 4] ? false at distSquared 68
[B: #10453@213] Found a cheese mine at [17, 17]
[B: #10453@213] Going straight to cheese mine at [17, 17]
[B: #11556@213] Sensed 3 robots
[B: #11556@213] Received 0 messages
[B: #11556@213] Found cat at [10, 16]
[B: #11010@213] Sensed 2 robots
[B: #11010@213] Found cat at [10, 16]
[B: #11010@213] Attacking cat at [10, 16]
[B: #11330@213] Sensed 0 robots
[B: #11871@214] Going straight to cheese mine at [2, 2]
[B: #12330@214] Going straight to cheese mine at [17, 17]
[B: #10563@214] Going straight to cheese mine at [2, 2]
[B: #10560@214] Can sense kingLoc [19, 4] ? false at distSquared 68
[B: #10453@214] Going straight to cheese mine at [17, 17]
[B: #11556@214] Sensed 1 robots
[B: #11556@214] Found cat at [11, 16]
[B: #11010@214] Sensed 2 robots
[B: #11010@214] Found cat at [11, 16]
[B: #11330@214] Sensed 1 robots
[B: #11330@214] Received 0 messages
[B: #11871@215] Found a cheese mine at [2, 2]
[B: #11871@215] Going straight to cheese mine at [2, 2]
[B: #12330@215] Going straight to cheese mine at [17, 17]
[B: #10563@215] Found a cheese mine at [2, 2]
[B: #10563@215] Going straight to cheese mine at [2, 2]
[B: #10560@215] Can sense kingLoc [19, 4] ? false at distSquared 68
[B: #10453@215] Going straight to cheese mine at [17, 17]
[B: #11556@215] Sensed 1 robots
[B: #11556@215] Found cat at [11, 16]
[B: #11556@215] Attacking cat at [11, 16]
[B: #11010@215] Sensed 2 robots
[B: #11010@215] Found cat at [11, 16]
[B: #11330@215] Sensed 1 robots
[B: #11330@215] Received 0 messages
[B: #11871@216] Found a cheese mine at [2, 2]
[B: #11871@216] Going straight to cheese mine at [2, 2]
[B: #12330@216] Going straight to cheese mine at [17, 17]
[B: #10563@216] Found a cheese mine at [2, 2]
[B: #10563@216] Going straight to cheese mine at [2, 2]
[B: #10560@216] Can sense kingLoc [19, 4] ? false at distSquared 68
[B: #10453@216] Can sense kingLoc [19, 4] ? false at distSquared 109
[B: #11556@216] Sensed 1 robots
[B: #11556@216] Found cat at [11, 16]
[B: #11556@216] Attacking cat at [11, 16]
[B: #11010@216] Sensed 0 robots
[B: #11010@216] Found cat at [11, 16]
[B: #11330@216] Sensed 0 robots
[B: #11871@217] Found a cheese mine at [2, 2]
[B: #11871@217] Going straight to cheese mine at [2, 2]
[B: #12330@217] Going straight to cheese mine at [17, 17]
[B: #10563@217] Found a cheese mine at [2, 2]
[B: #10563@217] Going straight to cheese mine at [2, 2]
[B: #10560@217] Can sense kingLoc [19, 4] ? false at distSquared 68
[B: #10453@217] Can sense kingLoc [19, 4] ? false at distSquared 90
[B: #11556@217] Sensed 1 robots
[B: #11556@217] Found cat at [11, 16]
[B: #11556@217] Attacking cat at [11, 16]
[B: #11010@217] Sensed 2 robots
[B: #11010@217] Found cat at [11, 16]
[B: #11330@217] Sensed 0 robots
[B: #11871@218] Going straight to cheese mine at [2, 2]
[B: #12330@218] Going straight to cheese mine at [17, 17]
[B: #10563@218] Going straight to cheese mine at [2, 2]
[B: #10560@218] Can sense kingLoc [19, 4] ? false at distSquared 68
[B: #10453@218] Can sense kingLoc [19, 4] ? false at distSquared 90
[B: #11556@218] Sensed 1 robots
[B: #11556@218] Found cat at [11, 16]
[B: #11556@218] Attacking cat at [11, 16]
[B: #11010@218] Sensed 0 robots
[B: #11010@218] Found cat at [11, 16]
[B: #11330@218] Sensed 0 robots
[B: #11871@219] Found a cheese mine at [2, 2]
[B: #11871@219] Going straight to cheese mine at [2, 2]
[B: #12330@219] Going straight to cheese mine at [17, 17]
[B: #10563@219] Found a cheese mine at [2, 2]
[B: #10563@219] Going straight to cheese mine at [2, 2]
[B: #10560@219] Can sense kingLoc [19, 4] ? false at distSquared 68
[B: #10453@219] Can sense kingLoc [19, 4] ? false at distSquared 73
[B: #11330@219] Sensed 1 robots
[B: #11330@219] Found cat at [9, 15]
[B: #11871@220] Found a cheese mine at [2, 2]
[B: #11871@220] Going straight to cheese mine at [2, 2]
[B: #12330@220] Going straight to cheese mine at [17, 17]
[B: #10563@220] Going straight to cheese mine at [2, 2]
[B: #10560@220] Can sense kingLoc [19, 4] ? false at distSquared 68
[B: #10453@220] Can sense kingLoc [19, 4] ? false at distSquared 58
[B: #13262@220] Found a cheese mine at [2, 2]
[B: #13262@220] Going straight to cheese mine at [2, 2]
[B: #11330@220] Sensed 1 robots
[B: #11330@220] Found cat at [9, 15]
[B: #11871@221] Found a cheese mine at [2, 2]
[B: #11871@221] Going straight to cheese mine at [2, 2]
[B: #12330@221] Going straight to cheese mine at [17, 17]
[B: #10563@221] Found a cheese mine at [2, 2]
[B: #10563@221] Going straight to cheese mine at [2, 2]
[B: #10560@221] Can sense kingLoc [19, 4] ? false at distSquared 68
[B: #10453@221] Can sense kingLoc [19, 4] ? false at distSquared 58
[B: #13262@221] Found a cheese mine at [2, 2]
[B: #13262@221] Going straight to cheese mine at [2, 2]
[B: #11330@221] Sensed 1 robots
[B: #11330@221] Found cat at [9, 15]
[B: #11871@222] Going straight to cheese mine at [2, 2]
[B: #12330@222] Going straight to cheese mine at [17, 17]
[B: #10563@222] Found a cheese mine at [2, 2]
[B: #10563@222] Going straight to cheese mine at [2, 2]
[B: #10560@222] Can sense kingLoc [19, 4] ? false at distSquared 68
[B: #10453@222] Can sense kingLoc [19, 4] ? false at distSquared 40
[B: #13262@222] Found a cheese mine at [2, 2]
[B: #13262@222] Going straight to cheese mine at [2, 2]
[B: #11330@222] Sensed 1 robots
[B: #11330@222] Found cat at [9, 15]
[B: #11330@222] Attacking cat at [9, 15]
[B: #11818@222] Sensed 1 robots
[B: #11818@222] Received 0 messages
[B: #11871@223] Found a cheese mine at [2, 2]
[B: #11871@223] Going straight to cheese mine at [2, 2]
[B: #12330@223] Going straight to cheese mine at [17, 17]
[B: #10563@223] Going straight to cheese mine at [2, 2]
[B: #10560@223] Can sense kingLoc [19, 4] ? false at distSquared 68
[B: #10453@223] Can sense kingLoc [19, 4] ? false at distSquared 29
[B: #13262@223] Found a cheese mine at [2, 2]
[B: #13262@223] Going straight to cheese mine at [2, 2]
[B: #11330@223] Sensed 1 robots
[B: #11330@223] Found cat at [10, 14]
[B: #11330@223] Attacking cat at [10, 14]
[B: #11818@223] Sensed 3 robots
[B: #11818@223] Received 0 messages
[B: #11818@223] Received 0 messages
[B: #11818@223] Received 0 messages
[B: #11871@224] Found a cheese mine at [2, 2]
[B: #11871@224] Going straight to cheese mine at [2, 2]
[B: #12330@224] Going straight to cheese mine at [17, 17]
[B: #10563@224] Found a cheese mine at [2, 2]
[B: #10563@224] Going straight to cheese mine at [2, 2]
[B: #10560@224] Can sense kingLoc [19, 4] ? false at distSquared 68
[B: #10453@224] Can sense kingLoc [19, 4] ? false at distSquared 29
[B: #13262@224] Found a cheese mine at [2, 2]
[B: #13262@224] Going straight to cheese mine at [2, 2]
[B: #11330@224] Sensed 1 robots
[B: #11330@224] Found cat at [10, 14]
[B: #11330@224] Attacking cat at [10, 14]
[B: #11818@224] Sensed 2 robots
[B: #11818@224] Received 0 messages
[B: #11818@224] Found cat at [14, 9]
[B: #11871@225] Going straight to cheese mine at [2, 2]
[B: #12330@225] Going straight to cheese mine at [17, 17]
[B: #10563@225] Found a cheese mine at [2, 2]
[B: #10563@225] Going straight to cheese mine at [2, 2]
[B: #10560@225] Can sense kingLoc [19, 4] ? false at distSquared 68
[B: #10453@225] Can sense kingLoc [19, 4] ? true at distSquared 20
[B: #10453@225] From [17, 8] Sent a squeak 13393 for mine at [17, 17]
[B: #13262@225] Found a cheese mine at [2, 2]
[B: #13262@225] Going straight to cheese mine at [2, 2]
[B: #11330@225] Sensed 1 robots
[B: #11330@225] Received 0 messages
[B: #11330@225] Found cat at [10, 14]
[B: #11818@225] Sensed 1 robots
[B: #11818@225] Found cat at [14, 9]
[B: #11871@226] Found a cheese mine at [2, 2]
[B: #11871@226] Going straight to cheese mine at [2, 2]
[B: #12330@226] Going straight to cheese mine at [17, 17]
[B: #10563@226] Going straight to cheese mine at [2, 2]
[B: #10560@226] Can sense kingLoc [19, 4] ? false at distSquared 68
[B: #10453@226] Going straight to cheese mine at [17, 17]
[B: #13262@226] Found a cheese mine at [2, 2]
[B: #13262@226] Going straight to cheese mine at [2, 2]
[B: #11330@226] Sensed 1 robots
[B: #11330@226] Found cat at [11, 15]
[B: #11330@226] Attacking cat at [11, 15]
[B: #11818@226] Sensed 1 robots
[B: #11818@226] Found cat at [15, 10]
[B: #11871@227] Found a cheese mine at [2, 2]
[B: #11871@227] Going straight to cheese mine at [2, 2]
[B: #12330@227] Going straight to cheese mine at [17, 17]
[B: #10563@227] Found a cheese mine at [2, 2]
[B: #10563@227] Going straight to cheese mine at [2, 2]
[B: #10560@227] Can sense kingLoc [19, 4] ? false at distSquared 68
[B: #10453@227] Going straight to cheese mine at [17, 17]
[B: #13262@227] Going straight to cheese mine at [2, 2]
[B: #11330@227] Sensed 1 robots
[B: #11330@227] Found cat at [11, 16]
[B: #11818@227] Sensed 3 robots
[B: #11818@227] Received 0 messages
[B: #11818@227] Received 0 messages
[B: #11818@227] Found cat at [15, 10]
[B: #11818@227] Attacking cat at [15, 10]
[B: #11871@228] Found a cheese mine at [2, 2]
[B: #11871@228] Going straight to cheese mine at [2, 2]
[B: #10563@228] Found a cheese mine at [2, 2]
[B: #10563@228] Going straight to cheese mine at [2, 2]
[B: #10560@228] Can sense kingLoc [19, 4] ? false at distSquared 68
[B: #13262@228] Found a cheese mine at [2, 2]
[B: #13262@228] Going straight to cheese mine at [2, 2]
[B: #11330@228] Sensed 1 robots
[B: #11330@228] Found cat at [11, 16]
[B: #11330@228] Attacking cat at [11, 16]
[B: #11818@228] Sensed 0 robots
[B: #11818@228] Found cat at [15, 10]
[B: #11871@229] Going straight to cheese mine at [2, 2]
[B: #10563@229] Found a cheese mine at [2, 2]
[B: #10563@229] Going straight to cheese mine at [2, 2]
[B: #10560@229] Can sense kingLoc [19, 4] ? false at distSquared 68
[B: #13262@229] Found a cheese mine at [2, 2]
[B: #13262@229] Going straight to cheese mine at [2, 2]
[B: #11818@229] Sensed 2 robots
[B: #11818@229] Received 0 messages
[B: #11818@229] Found cat at [16, 10]
[B: #11818@229] Attacking cat at [16, 10]
[B: #11871@230] Found a cheese mine at [2, 2]
[B: #11871@230] Going straight to cheese mine at [2, 2]
[B: #10563@230] Going straight to cheese mine at [2, 2]
[B: #10560@230] Can sense kingLoc [19, 4] ? false at distSquared 68
[B: #13262@230] Found a cheese mine at [2, 2]
[B: #13262@230] Going straight to cheese mine at [2, 2]
[B: #11818@230] Sensed 3 robots
[B: #11818@230] Found cat at [17, 10]
[B: #11871@231] Found a cheese mine at [2, 2]
[B: #11871@231] Going straight to cheese mine at [2, 2]
[B: #10563@231] Found a cheese mine at [2, 2]
[B: #10563@231] Going straight to cheese mine at [2, 2]
[B: #10560@231] Can sense kingLoc [19, 4] ? false at distSquared 68
[B: #13262@231] Going straight to cheese mine at [2, 2]
[B: #11818@231] Sensed 2 robots
[B: #11818@231] Found cat at [17, 10]
[B: #11818@231] Attacking cat at [17, 10]
[B: #11871@232] Found a cheese mine at [2, 2]
[B: #11871@232] Going straight to cheese mine at [2, 2]
[B: #10563@232] Found a cheese mine at [2, 2]
[B: #10563@232] Going straight to cheese mine at [2, 2]
[B: #10560@232] Can sense kingLoc [19, 4] ? false at distSquared 68
[B: #13262@232] Found a cheese mine at [2, 2]
[B: #13262@232] Going straight to cheese mine at [2, 2]
[B: #11818@232] Sensed 3 robots
[B: #11818@232] Found cat at [17, 10]
[B: #11818@232] Attacking cat at [17, 10]
[B: #10668@232] Sensed 0 robots
[B: #11871@233] Going straight to cheese mine at [2, 2]
[B: #10563@233] Found a cheese mine at [2, 2]
[B: #10563@233] Going straight to cheese mine at [2, 2]
[B: #10560@233] Can sense kingLoc [19, 4] ? false at distSquared 68
[B: #13262@233] Found a cheese mine at [2, 2]
[B: #13262@233] Going straight to cheese mine at [2, 2]
[B: #11818@233] Sensed 2 robots
[B: #11818@233] Found cat at [17, 8]
[B: #10668@233] Sensed 1 robots
[B: #10668@233] Found cat at [17, 8]
[B: #11871@234] Found a cheese mine at [2, 2]
[B: #11871@234] Going straight to cheese mine at [2, 2]
[B: #10563@234] Going straight to cheese mine at [2, 2]
[B: #10560@234] Can sense kingLoc [19, 4] ? false at distSquared 53
[B: #13262@234] Found a cheese mine at [2, 2]
[B: #13262@234] Going straight to cheese mine at [2, 2]
[B: #11818@234] Sensed 3 robots
[B: #11818@234] Found cat at [17, 8]
[B: #10668@234] Sensed 3 robots
[B: #10668@234] Found cat at [17, 8]
[B: #11871@235] Found a cheese mine at [2, 2]
[B: #11871@235] Going straight to cheese mine at [2, 2]
[B: #10563@235] Found a cheese mine at [2, 2]
[B: #10563@235] Going straight to cheese mine at [2, 2]
[B: #10560@235] Can sense kingLoc [19, 4] ? false at distSquared 40
[B: #13262@235] Going straight to cheese mine at [2, 2]
[B: #11818@235] Sensed 3 robots
[B: #11818@235] Found cat at [17, 8]
[B: #10668@235] Sensed 3 robots
[B: #10668@235] Found cat at [17, 8]
[B: #10668@235] Attacking cat at [17, 8]
[B: #11871@236] Found a cheese mine at [2, 2]
[B: #11871@236] Going straight to cheese mine at [2, 2]
[B: #10563@236] Found a cheese mine at [2, 2]
[B: #10563@236] Going straight to cheese mine at [2, 2]
[B: #10560@236] Can sense kingLoc [19, 4] ? false at distSquared 40
[B: #13262@236] Found a cheese mine at [2, 2]
[B: #13262@236] Going straight to cheese mine at [2, 2]
[B: #11818@236] Sensed 0 robots
[B: #11818@236] Found cat at [17, 8]
[B: #10668@236] Sensed 3 robots
[B: #10668@236] Found cat at [17, 8]
[B: #10668@236] Attacking cat at [17, 8]
[B: #11871@237] Found a cheese mine at [2, 2]
[B: #11871@237] Going straight to cheese mine at [2, 2]
[B: #10563@237] Found a cheese mine at [2, 2]
[B: #10563@237] Going straight to cheese mine at [2, 2]
[B: #10560@237] Can sense kingLoc [19, 4] ? false at distSquared 40
[B: #13262@237] Found a cheese mine at [2, 2]
[B: #13262@237] Going straight to cheese mine at [2, 2]
[B: #13717@237] Found a cheese mine at [2, 2]
[B: #13717@237] Going straight to cheese mine at [2, 2]
[B: #11818@237] Sensed 3 robots
[B: #11818@237] Found cat at [17, 5]
[B: #11818@237] Reporting back with dice 9
[B: #10668@237] Sensed 2 robots
[B: #10668@237] Received 0 messages
[B: #10668@237] Received 0 messages
[B: #10668@237] Found cat at [17, 8]
[B: #11871@238] Found a cheese mine at [2, 2]
[B: #11871@238] Going straight to cheese mine at [2, 2]
[B: #10563@238] Found a cheese mine at [2, 2]
[B: #10563@238] Going straight to cheese mine at [2, 2]
[B: #10560@238] Can sense kingLoc [19, 4] ? false at distSquared 29
[B: #13262@238] Found a cheese mine at [2, 2]
[B: #13262@238] Going straight to cheese mine at [2, 2]
[B: #13717@238] Found a cheese mine at [2, 2]
[B: #13717@238] Going straight to cheese mine at [2, 2]
[B: #11818@238] From [16, 10] Sent a squeak 17477 for cat at [17, 5]
[B: #11818@238] From [16, 10] Sent a squeak 17477 for cat at [17, 5]
[B: #10668@238] Sensed 2 robots
[B: #10668@238] Received 1 messages
[B: #10668@238] Received 1 messages
[B: #10668@238] Found cat at [17, 8]
[B: #11871@239] Found a cheese mine at [2, 2]
[B: #11871@239] Going straight to cheese mine at [2, 2]
[B: #10563@239] Found a cheese mine at [2, 2]
[B: #10563@239] Going straight to cheese mine at [2, 2]
[B: #10560@239] Can sense kingLoc [19, 4] ? false at distSquared 29
[B: #13262@239] Found a cheese mine at [2, 2]
[B: #13262@239] Going straight to cheese mine at [2, 2]
[B: #13717@239] Found a cheese mine at [2, 2]
[B: #13717@239] Going straight to cheese mine at [2, 2]
[B: #11818@239] Sensed 2 robots
[B: #11818@239] Found cat at [17, 5]
[B: #10668@239] Sensed 2 robots
[B: #10668@239] Found cat at [17, 5]
[B: #11871@240] Found a cheese mine at [2, 2]
[B: #11871@240] Going straight to cheese mine at [2, 2]
[B: #10563@240] Found a cheese mine at [2, 2]
[B: #10563@240] Going straight to cheese mine at [2, 2]
[B: #10560@240] Can sense kingLoc [19, 4] ? false at distSquared 29
[B: #11003@240] Found a cheese mine at [2, 2]
[B: #11003@240] Going straight to cheese mine at [2, 2]
[B: #13262@240] Found a cheese mine at [2, 2]
[B: #13262@240] Going straight to cheese mine at [2, 2]
[B: #13717@240] Found a cheese mine at [2, 2]
[B: #13717@240] Going straight to cheese mine at [2, 2]
[B: #11818@240] Sensed 2 robots
[B: #11818@240] Found cat at [17, 5]
[B: #10668@240] Sensed 3 robots
[B: #10668@240] Received 0 messages
[B: #10668@240] Found cat at [17, 5]
[B: #11871@241] Found a cheese mine at [2, 2]
[B: #11871@241] Going straight to cheese mine at [2, 2]
[B: #10563@241] Found a cheese mine at [2, 2]
[B: #10563@241] Going straight to cheese mine at [2, 2]
[B: #10560@241] Can sense kingLoc [19, 4] ? true at distSquared 20
[B: #11003@241] Found a cheese mine at [2, 2]
[B: #11003@241] Going straight to cheese mine at [2, 2]
[B: #13262@241] Found a cheese mine at [2, 2]
[B: #13262@241] Going straight to cheese mine at [2, 2]
[B: #13717@241] Found a cheese mine at [2, 2]
[B: #13717@241] Going straight to cheese mine at [2, 2]
[B: #11818@241] Sensed 4 robots
[B: #11818@241] Received 0 messages
[B: #11818@241] Found cat at [17, 6]
[B: #11818@241] Attacking cat at [17, 6]
[B: #11871@242] Found a cheese mine at [2, 2]
[B: #11871@242] Going straight to cheese mine at [2, 2]
[B: #10563@242] Found a cheese mine at [2, 2]
[B: #10563@242] Going straight to cheese mine at [2, 2]
[B: #10560@242] Going straight to cheese mine at [17, 17]
[B: #11003@242] Found a cheese mine at [2, 2]
[B: #11003@242] Going straight to cheese mine at [2, 2]
[B: #13262@242] Found a cheese mine at [2, 2]
[B: #13262@242] Going straight to cheese mine at [2, 2]
[B: #13717@242] Found a cheese mine at [2, 2]
[B: #13717@242] Going straight to cheese mine at [2, 2]
[B: #11818@242] Sensed 4 robots
[B: #11818@242] Received 0 messages
[B: #11818@242] Found cat at [17, 6]
[B: #11818@242] Attacking cat at [17, 6]
[B: #10438@242] Sensed 3 robots
[B: #10438@242] Found cat at [17, 6]
[B: #11871@243] Found a cheese mine at [2, 2]
[B: #11871@243] Going straight to cheese mine at [2, 2]
[B: #10563@243] Found a cheese mine at [2, 2]
[B: #10563@243] Going straight to cheese mine at [2, 2]
[B: #10560@243] Going straight to cheese mine at [17, 17]
[B: #11003@243] Found a cheese mine at [2, 2]
[B: #11003@243] Going straight to cheese mine at [2, 2]
[B: #13262@243] Found a cheese mine at [2, 2]
[B: #13262@243] Going straight to cheese mine at [2, 2]
[B: #13717@243] Found a cheese mine at [2, 2]
[B: #13717@243] Going straight to cheese mine at [2, 2]
[B: #11818@243] Sensed 4 robots
[B: #11818@243] Found cat at [17, 7]
[B: #11818@243] Attacking cat at [17, 7]
[B: #10438@243] Sensed 2 robots
[B: #10438@243] Found cat at [17, 7]
[B: #11871@244] Going straight to cheese mine at [2, 2]
[B: #10563@244] Going straight to cheese mine at [2, 2]
[B: #10560@244] Going straight to cheese mine at [17, 17]
[B: #11003@244] Found a cheese mine at [2, 2]
[B: #11003@244] Going straight to cheese mine at [2, 2]
[B: #13262@244] Found a cheese mine at [2, 2]
[B: #13262@244] Going straight to cheese mine at [2, 2]
[B: #13717@244] Found a cheese mine at [2, 2]
[B: #13717@244] Going straight to cheese mine at [2, 2]
[B: #11818@244] Sensed 2 robots
[B: #11818@244] Found cat at [17, 7]
[B: #11818@244] Attacking cat at [17, 7]
[B: #10438@244] Sensed 2 robots
[B: #10438@244] Found cat at [17, 7]
[B: #10438@244] Attacking cat at [17, 7]
[B: #11871@245] Found a cheese mine at [2, 2]
[B: #11871@245] Going straight to cheese mine at [2, 2]
[B: #10563@245] Going straight to cheese mine at [2, 2]
[B: #10560@245] Going straight to cheese mine at [17, 17]
[B: #11003@245] Found a cheese mine at [2, 2]
[B: #11003@245] Going straight to cheese mine at [2, 2]
[B: #13262@245] Found a cheese mine at [2, 2]
[B: #13262@245] Going straight to cheese mine at [2, 2]
[B: #13717@245] Found a cheese mine at [2, 2]
[B: #13717@245] Going straight to cheese mine at [2, 2]
[B: #11818@245] Sensed 2 robots
[B: #11818@245] Found cat at [17, 8]
[B: #11818@245] Attacking cat at [17, 8]
[B: #10438@245] Sensed 2 robots
[B: #10438@245] Found cat at [17, 8]
[B: #11871@246] Found a cheese mine at [2, 2]
[B: #11871@246] Going straight to cheese mine at [2, 2]
[B: #10563@246] Going straight to cheese mine at [2, 2]
[B: #10560@246] Going straight to cheese mine at [17, 17]
[B: #11003@246] Found a cheese mine at [2, 2]
[B: #11003@246] Going straight to cheese mine at [2, 2]
[B: #13262@246] Found a cheese mine at [2, 2]
[B: #13262@246] Going straight to cheese mine at [2, 2]
[B: #13717@246] Found a cheese mine at [2, 2]
[B: #13717@246] Going straight to cheese mine at [2, 2]
[B: #11818@246] Sensed 2 robots
[B: #11818@246] Found cat at [17, 8]
[B: #11818@246] Attacking cat at [17, 8]
[B: #10438@246] Sensed 1 robots
[B: #10438@246] Found cat at [17, 8]
[B: #10438@246] Attacking cat at [17, 8]
[B: #11871@247] Found a cheese mine at [2, 2]
[B: #11871@247] Going straight to cheese mine at [2, 2]
[B: #10563@247] Going straight to cheese mine at [2, 2]
[B: #10560@247] Going straight to cheese mine at [17, 17]
[B: #11003@247] Going straight to cheese mine at [2, 2]
[B: #13262@247] Found a cheese mine at [2, 2]
[B: #13262@247] Going straight to cheese mine at [2, 2]
[B: #13717@247] Found a cheese mine at [2, 2]
[B: #13717@247] Going straight to cheese mine at [2, 2]
[B: #11818@247] Sensed 2 robots
[B: #11818@247] Found cat at [17, 9]
[B: #10438@247] Sensed 2 robots
[B: #10438@247] Found cat at [17, 9]
[B: #11871@248] Found a cheese mine at [2, 2]
[B: #11871@248] Going straight to cheese mine at [2, 2]
[B: #10563@248] Found a cheese mine at [2, 2]
[B: #10563@248] Going straight to cheese mine at [2, 2]
[B: #10560@248] Going straight to cheese mine at [17, 17]
[B: #11003@248] Found a cheese mine at [2, 2]
[B: #11003@248] Going straight to cheese mine at [2, 2]
[B: #13262@248] Found a cheese mine at [2, 2]
[B: #13262@248] Going straight to cheese mine at [2, 2]
[B: #13717@248] Found a cheese mine at [2, 2]
[B: #13717@248] Going straight to cheese mine at [2, 2]
[B: #11818@248] Sensed 1 robots
[B: #11818@248] Found cat at [17, 9]
[B: #11818@248] Attacking cat at [17, 9]
[B: #10438@248] Sensed 1 robots
[B: #10438@248] Found cat at [17, 9]
[B: #11871@249] Found a cheese mine at [2, 2]
[B: #11871@249] Going straight to cheese mine at [2, 2]
[B: #10563@249] Found a cheese mine at [2, 2]
[B: #10563@249] Going straight to cheese mine at [2, 2]
[B: #10560@249] Going straight to cheese mine at [17, 17]
[B: #11003@249] Found a cheese mine at [2, 2]
[B: #11003@249] Going straight to cheese mine at [2, 2]
[B: #13262@249] Going straight to cheese mine at [2, 2]
[B: #13717@249] Found a cheese mine at [2, 2]
[B: #13717@249] Going straight to cheese mine at [2, 2]
[B: #11818@249] Sensed 1 robots
[B: #11818@249] Found cat at [17, 10]
[B: #11818@249] Reporting back with dice 9
[B: #10438@249] Sensed 2 robots
[B: #10438@249] Found cat at [17, 10]
[B: #11871@250] Found a cheese mine at [2, 2]
[B: #11871@250] Going straight to cheese mine at [2, 2]
[B: #10563@250] Found a cheese mine at [2, 2]
[B: #10563@250] Going straight to cheese mine at [2, 2]
[B: #10560@250] Going straight to cheese mine at [17, 17]
[B: #11003@250] Found a cheese mine at [2, 2]
[B: #11003@250] Going straight to cheese mine at [2, 2]
[B: #13262@250] Found a cheese mine at [2, 2]
[B: #13262@250] Going straight to cheese mine at [2, 2]
[B: #13717@250] Going straight to cheese mine at [2, 2]
[B: #10438@250] Sensed 2 robots
[B: #10438@250] Found cat at [17, 10]
[B: #11871@251] Found a cheese mine at [2, 2]
[B: #11871@251] Going straight to cheese mine at [2, 2]
[B: #10563@251] Found a cheese mine at [2, 2]
[B: #10563@251] Going straight to cheese mine at [2, 2]
[B: #10560@251] Can sense kingLoc [19, 4] ? false at distSquared 122
[B: #11003@251] Found a cheese mine at [2, 2]
[B: #11003@251] Going straight to cheese mine at [2, 2]
[B: #13262@251] Found a cheese mine at [2, 2]
[B: #13262@251] Going straight to cheese mine at [2, 2]
[B: #13717@251] Found a cheese mine at [2, 2]
[B: #13717@251] Going straight to cheese mine at [2, 2]
[B: #10438@251] Sensed 1 robots
[B: #10438@251] Found cat at [16, 9]
[B: #10438@251] Attacking cat at [16, 9]
[B: #11871@252] Found a cheese mine at [2, 2]
[B: #11871@252] Going straight to cheese mine at [2, 2]
[B: #10563@252] Found a cheese mine at [2, 2]
[B: #10563@252] Going straight to cheese mine at [2, 2]
[B: #10560@252] Can sense kingLoc [19, 4] ? false at distSquared 101
[B: #11003@252] Found a cheese mine at [2, 2]
[B: #11003@252] Going straight to cheese mine at [2, 2]
[B: #13262@252] Found a cheese mine at [2, 2]
[B: #13262@252] Going straight to cheese mine at [2, 2]
[B: #13717@252] Found a cheese mine at [2, 2]
[B: #13717@252] Going straight to cheese mine at [2, 2]
[B: #10438@252] Sensed 1 robots
[B: #10438@252] Found cat at [16, 9]
[B: #10438@252] Attacking cat at [16, 9]
[B: #11871@253] Going straight to cheese mine at [2, 2]
[B: #10563@253] Found a cheese mine at [2, 2]
[B: #10563@253] Going straight to cheese mine at [2, 2]
[B: #10560@253] Can sense kingLoc [19, 4] ? false at distSquared 101
[B: #11003@253] Found a cheese mine at [2, 2]
[B: #11003@253] Going straight to cheese mine at [2, 2]
[B: #13262@253] Found a cheese mine at [2, 2]
[B: #13262@253] Going straight to cheese mine at [2, 2]
[B: #13717@253] Found a cheese mine at [2, 2]
[B: #13717@253] Going straight to cheese mine at [2, 2]
[B: #11511@253] Found a cheese mine at [2, 2]
[B: #11511@253] Going straight to cheese mine at [2, 2]
[B: #10438@253] Sensed 1 robots
[B: #10438@253] Found cat at [15, 8]
[B: #11871@254] Found a cheese mine at [2, 2]
[B: #11871@254] Going straight to cheese mine at [2, 2]
[B: #10563@254] Found a cheese mine at [2, 2]
[B: #10563@254] Going straight to cheese mine at [2, 2]
[B: #10560@254] Can sense kingLoc [19, 4] ? false at distSquared 82
[B: #11003@254] Going straight to cheese mine at [2, 2]
[B: #13262@254] Found a cheese mine at [2, 2]
[B: #13262@254] Going straight to cheese mine at [2, 2]
[B: #13717@254] Found a cheese mine at [2, 2]
[B: #13717@254] Going straight to cheese mine at [2, 2]
[B: #11511@254] Found a cheese mine at [2, 2]
[B: #11511@254] Going straight to cheese mine at [2, 2]
[B: #10438@254] Sensed 1 robots
[B: #10438@254] Found cat at [15, 8]
[B: #11871@255] Found a cheese mine at [2, 2]
[B: #11871@255] Going straight to cheese mine at [2, 2]
[B: #10563@255] Found a cheese mine at [2, 2]
[B: #10563@255] Going straight to cheese mine at [2, 2]
[B: #10560@255] Can sense kingLoc [19, 4] ? false at distSquared 82
[B: #11003@255] Found a cheese mine at [2, 2]
[B: #11003@255] Going straight to cheese mine at [2, 2]
[B: #13262@255] Going straight to cheese mine at [2, 2]
[B: #13717@255] Found a cheese mine at [2, 2]
[B: #13717@255] Going straight to cheese mine at [2, 2]
[B: #11511@255] Found a cheese mine at [2, 2]
[B: #11511@255] Going straight to cheese mine at [2, 2]
[B: #10438@255] Sensed 0 robots
[B: #10438@255] Found cat at [15, 8]
[B: #11871@256] Going straight to cheese mine at [2, 2]
[B: #10563@256] Going straight to cheese mine at [2, 2]
[B: #10560@256] Can sense kingLoc [19, 4] ? false at distSquared 65
[B: #11003@256] Going straight to cheese mine at [2, 2]
[B: #13262@256] Going straight to cheese mine at [2, 2]
[B: #13717@256] Found a cheese mine at [2, 2]
[B: #13717@256] Going straight to cheese mine at [2, 2]
[B: #11511@256] Going straight to cheese mine at [2, 2]
[B: #10438@256] Sensed 2 robots
[B: #10438@256] Found cat at [14, 7]
[B: #11871@257] Going straight to cheese mine at [2, 2]
[B: #10563@257] Found a cheese mine at [2, 2]
[B: #10563@257] Going straight to cheese mine at [2, 2]
[B: #10560@257] Can sense kingLoc [19, 4] ? false at distSquared 50
[B: #11003@257] Found a cheese mine at [2, 2]
[B: #11003@257] Going straight to cheese mine at [2, 2]
[B: #13262@257] Found a cheese mine at [2, 2]
[B: #13262@257] Going straight to cheese mine at [2, 2]
[B: #13717@257] Going straight to cheese mine at [2, 2]
[B: #11511@257] Found a cheese mine at [2, 2]
[B: #11511@257] Going straight to cheese mine at [2, 2]
[B: #10438@257] Sensed 2 robots
[B: #10438@257] Found cat at [13, 6]
[B: #11871@258] Found a cheese mine at [2, 2]
[B: #11871@258] Going straight to cheese mine at [2, 2]
[B: #10563@258] Found a cheese mine at [2, 2]
[B: #10563@258] Going straight to cheese mine at [2, 2]
[B: #10560@258] Can sense kingLoc [19, 4] ? false at distSquared 50
[B: #11003@258] Found a cheese mine at [2, 2]
[B: #11003@258] Going straight to cheese mine at [2, 2]
[B: #13262@258] Found a cheese mine at [2, 2]
[B: #13262@258] Going straight to cheese mine at [2, 2]
[B: #13717@258] Found a cheese mine at [2, 2]
[B: #13717@258] Going straight to cheese mine at [2, 2]
[B: #11511@258] Found a cheese mine at [2, 2]
[B: #11511@258] Going straight to cheese mine at [2, 2]
[B: #10438@258] Sensed 1 robots
[B: #10438@258] Found cat at [13, 6]
[B: #10438@258] Reporting back with dice 9
[B: #11871@259] Going straight to cheese mine at [2, 2]
[B: #10563@259] Found a cheese mine at [2, 2]
[B: #10563@259] Going straight to cheese mine at [2, 2]
[B: #10560@259] Can sense kingLoc [19, 4] ? false at distSquared 37
[B: #11003@259] Found a cheese mine at [2, 2]
[B: #11003@259] Going straight to cheese mine at [2, 2]
[B: #13262@259] Found a cheese mine at [2, 2]
[B: #13262@259] Going straight to cheese mine at [2, 2]
[B: #13717@259] Found a cheese mine at [2, 2]
[B: #13717@259] Going straight to cheese mine at [2, 2]
[B: #11511@259] Found a cheese mine at [2, 2]
[B: #11511@259] Going straight to cheese mine at [2, 2]
[B: #11871@260] Found a cheese mine at [2, 2]
[B: #11871@260] Going straight to cheese mine at [2, 2]
[B: #10563@260] Found a cheese mine at [2, 2]
[B: #10563@260] Going straight to cheese mine at [2, 2]
[B: #10560@260] Can sense kingLoc [19, 4] ? false at distSquared 26
[B: #11003@260] Found a cheese mine at [2, 2]
[B: #11003@260] Going straight to cheese mine at [2, 2]
[B: #13262@260] Found a cheese mine at [2, 2]
[B: #13262@260] Going straight to cheese mine at [2, 2]
[B: #13717@260] Found a cheese mine at [2, 2]
[B: #13717@260] Going straight to cheese mine at [2, 2]
[B: #11511@260] Found a cheese mine at [2, 2]
[B: #11511@260] Going straight to cheese mine at [2, 2]
[B: #11871@261] Found a cheese mine at [2, 2]
[B: #11871@261] Going straight to cheese mine at [2, 2]
[B: #10563@261] Going straight to cheese mine at [2, 2]
[B: #10560@261] Can sense kingLoc [19, 4] ? false at distSquared 26
[B: #11003@261] Found a cheese mine at [2, 2]
[B: #11003@261] Going straight to cheese mine at [2, 2]
[B: #13262@261] Found a cheese mine at [2, 2]
[B: #13262@261] Going straight to cheese mine at [2, 2]
[B: #13717@261] Found a cheese mine at [2, 2]
[B: #13717@261] Going straight to cheese mine at [2, 2]
[B: #11511@261] Found a cheese mine at [2, 2]
[B: #11511@261] Going straight to cheese mine at [2, 2]
[B: #11871@262] Found a cheese mine at [2, 2]
[B: #11871@262] Going straight to cheese mine at [2, 2]
[B: #10563@262] Found a cheese mine at [2, 2]
[B: #10563@262] Going straight to cheese mine at [2, 2]
[B: #10560@262] Can sense kingLoc [19, 4] ? true at distSquared 17
[B: #11003@262] Found a cheese mine at [2, 2]
[B: #11003@262] Going straight to cheese mine at [2, 2]
[B: #13262@262] Found a cheese mine at [2, 2]
[B: #13262@262] Going straight to cheese mine at [2, 2]
[B: #13717@262] Found a cheese mine at [2, 2]
[B: #13717@262] Going straight to cheese mine at [2, 2]
[B: #11511@262] Found a cheese mine at [2, 2]
[B: #11511@262] Going straight to cheese mine at [2, 2]
[B: #11871@263] Found a cheese mine at [2, 2]
[B: #11871@263] Going straight to cheese mine at [2, 2]
[B: #10563@263] Found a cheese mine at [2, 2]
[B: #10563@263] Going straight to cheese mine at [2, 2]
[B: #10560@263] Going straight to cheese mine at [17, 17]
[B: #11003@263] Found a cheese mine at [2, 2]
[B: #11003@263] Going straight to cheese mine at [2, 2]
[B: #13262@263] Found a cheese mine at [2, 2]
[B: #13262@263] Going straight to cheese mine at [2, 2]
[B: #13717@263] Found a cheese mine at [2, 2]
[B: #13717@263] Going straight to cheese mine at [2, 2]
[B: #11511@263] Found a cheese mine at [2, 2]
[B: #11511@263] Going straight to cheese mine at [2, 2]
[B: #11871@264] Found a cheese mine at [2, 2]
[B: #11871@264] Going straight to cheese mine at [2, 2]
[B: #10563@264] Found a cheese mine at [2, 2]
[B: #10563@264] Going straight to cheese mine at [2, 2]
[B: #10560@264] Going straight to cheese mine at [17, 17]
[B: #11003@264] Going straight to cheese mine at [2, 2]
[B: #13262@264] Found a cheese mine at [2, 2]
[B: #13262@264] Going straight to cheese mine at [2, 2]
[B: #13717@264] Found a cheese mine at [2, 2]
[B: #13717@264] Going straight to cheese mine at [2, 2]
[B: #11511@264] Found a cheese mine at [2, 2]
[B: #11511@264] Going straight to cheese mine at [2, 2]
[B: #11871@265] Found a cheese mine at [2, 2]
[B: #11871@265] Going straight to cheese mine at [2, 2]
[B: #10563@265] Found a cheese mine at [2, 2]
[B: #10563@265] Going straight to cheese mine at [2, 2]
[B: #10560@265] Going straight to cheese mine at [17, 17]
[B: #11003@265] Found a cheese mine at [2, 2]
[B: #11003@265] Going straight to cheese mine at [2, 2]
[B: #13262@265] Found a cheese mine at [2, 2]
[B: #13262@265] Going straight to cheese mine at [2, 2]
[B: #13717@265] Found a cheese mine at [2, 2]
[B: #13717@265] Going straight to cheese mine at [2, 2]
[B: #11511@265] Found a cheese mine at [2, 2]
[B: #11511@265] Going straight to cheese mine at [2, 2]
[B: #11871@266] Going straight to cheese mine at [2, 2]
[B: #10563@266] Going straight to cheese mine at [2, 2]
[B: #10560@266] Going straight to cheese mine at [17, 17]
[B: #11003@266] Going straight to cheese mine at [2, 2]
[B: #13262@266] Going straight to cheese mine at [2, 2]
[B: #13717@266] Found a cheese mine at [2, 2]
[B: #13717@266] Going straight to cheese mine at [2, 2]
[B: #11511@266] Going straight to cheese mine at [2, 2]
[B: #11871@267] Found a cheese mine at [2, 2]
[B: #11871@267] Going straight to cheese mine at [2, 2]
[B: #10563@267] Found a cheese mine at [2, 2]
[B: #10563@267] Going straight to cheese mine at [2, 2]
[B: #10560@267] Going straight to cheese mine at [17, 17]
[B: #11003@267] Found a cheese mine at [2, 2]
[B: #11003@267] Going straight to cheese mine at [2, 2]
[B: #13262@267] Found a cheese mine at [2, 2]
[B: #13262@267] Going straight to cheese mine at [2, 2]
[B: #13717@267] Going straight to cheese mine at [2, 2]
[B: #11511@267] Found a cheese mine at [2, 2]
[B: #11511@267] Going straight to cheese mine at [2, 2]
[B: #11871@268] Found a cheese mine at [2, 2]
[B: #11871@268] Going straight to cheese mine at [2, 2]
[B: #10563@268] Found a cheese mine at [2, 2]
[B: #10563@268] Going straight to cheese mine at [2, 2]
[B: #10560@268] Going straight to cheese mine at [17, 17]
[B: #11003@268] Found a cheese mine at [2, 2]
[B: #11003@268] Going straight to cheese mine at [2, 2]
[B: #13262@268] Found a cheese mine at [2, 2]
[B: #13262@268] Going straight to cheese mine at [2, 2]
[B: #13717@268] Found a cheese mine at [2, 2]
[B: #13717@268] Going straight to cheese mine at [2, 2]
[B: #11511@268] Found a cheese mine at [2, 2]
[B: #11511@268] Going straight to cheese mine at [2, 2]
[B: #11871@269] Found a cheese mine at [2, 2]
[B: #11871@269] Going straight to cheese mine at [2, 2]
[B: #10563@269] Found a cheese mine at [2, 2]
[B: #10563@269] Going straight to cheese mine at [2, 2]
[B: #10560@269] Going straight to cheese mine at [17, 17]
[B: #11003@269] Found a cheese mine at [2, 2]
[B: #11003@269] Going straight to cheese mine at [2, 2]
[B: #13262@269] Found a cheese mine at [2, 2]
[B: #13262@269] Going straight to cheese mine at [2, 2]
[B: #13717@269] Found a cheese mine at [2, 2]
[B: #13717@269] Going straight to cheese mine at [2, 2]
[B: #11511@269] Found a cheese mine at [2, 2]
[B: #11511@269] Going straight to cheese mine at [2, 2]
[A: #12651@269] Found a new cheese mine at [2, 2]
[B: #11871@270] Found a cheese mine at [2, 2]
[B: #11871@270] Going straight to cheese mine at [2, 2]
[B: #10563@270] Found a cheese mine at [2, 2]
[B: #10563@270] Going straight to cheese mine at [2, 2]
[B: #10560@270] Going straight to cheese mine at [17, 17]
[B: #11003@270] Found a cheese mine at [2, 2]
[B: #11003@270] Going straight to cheese mine at [2, 2]
[B: #13262@270] Found a cheese mine at [2, 2]
[B: #13262@270] Going straight to cheese mine at [2, 2]
[B: #13717@270] Found a cheese mine at [2, 2]
[B: #13717@270] Going straight to cheese mine at [2, 2]
[B: #11511@270] Going straight to cheese mine at [2, 2]
[B: #10438@270] GameActionException in RobotPlayer:
[B: #10438@270] battlecode.common.GameActionException: Target location is not on the map
[B: #10438@270] 	at battlecode.world.RobotControllerImpl.assertCanSenseLocation(RobotControllerImpl.java:217)
[B: #10438@270] 	at battlecode.world.RobotControllerImpl.senseMapInfo(RobotControllerImpl.java:646)
[B: #10438@270] 	at teacher08a.CatAttacker.runReportBack(CatAttacker.java:185)
[B: #10438@270] 	at teacher08a.CatAttacker.doAction(CatAttacker.java:37)
[B: #10438@270] 	at teacher08a.RobotPlayer.run(RobotPlayer.java:25)
[B: #10438@270] 	at java.base/jdk.internal.reflect.DirectMethodHandleAccessor.invoke(DirectMethodHandleAccessor.java:103)
[B: #10438@270] 	at java.base/java.lang.reflect.Method.invoke(Method.java:580)
[B: #10438@270] 	at battlecode.instrumenter.SandboxedRobotPlayer.loadAndRunPlayerJava(SandboxedRobotPlayer.java:306)
[B: #10438@270] 	at battlecode.instrumenter.SandboxedRobotPlayer.loadAndRunPlayer(SandboxedRobotPlayer.java:268)
[B: #10438@270] 	at battlecode.instrumenter.SandboxedRobotPlayer.lambda$new$2(SandboxedRobotPlayer.java:202)
[B: #10438@270] 	at java.base/java.lang.Thread.run(Thread.java:1583)
[B: #11871@271] Found a cheese mine at [2, 2]
[B: #11871@271] Going straight to cheese mine at [2, 2]
[B: #10563@271] Found a cheese mine at [2, 2]
[B: #10563@271] Going straight to cheese mine at [2, 2]
[B: #10560@271] Going straight to cheese mine at [17, 17]
[B: #11003@271] Found a cheese mine at [2, 2]
[B: #11003@271] Going straight to cheese mine at [2, 2]
[B: #13262@271] Found a cheese mine at [2, 2]
[B: #13262@271] Going straight to cheese mine at [2, 2]
[B: #13717@271] Found a cheese mine at [2, 2]
[B: #13717@271] Going straight to cheese mine at [2, 2]
[B: #11511@271] Found a cheese mine at [2, 2]
[B: #11511@271] Going straight to cheese mine at [2, 2]
[B: #10438@271] GameActionException in RobotPlayer:
[B: #10438@271] battlecode.common.GameActionException: Target location is not on the map
[B: #10438@271] 	at battlecode.world.RobotControllerImpl.assertCanSenseLocation(RobotControllerImpl.java:217)
[B: #10438@271] 	at battlecode.world.RobotControllerImpl.senseMapInfo(RobotControllerImpl.java:646)
[B: #10438@271] 	at teacher08a.CatAttacker.runReportBack(CatAttacker.java:185)
[B: #10438@271] 	at teacher08a.CatAttacker.doAction(CatAttacker.java:37)
[B: #10438@271] 	at teacher08a.RobotPlayer.run(RobotPlayer.java:25)
[B: #10438@271] 	at java.base/jdk.internal.reflect.DirectMethodHandleAccessor.invoke(DirectMethodHandleAccessor.java:103)
[B: #10438@271] 	at java.base/java.lang.reflect.Method.invoke(Method.java:580)
[B: #10438@271] 	at battlecode.instrumenter.SandboxedRobotPlayer.loadAndRunPlayerJava(SandboxedRobotPlayer.java:306)
[B: #10438@271] 	at battlecode.instrumenter.SandboxedRobotPlayer.loadAndRunPlayer(SandboxedRobotPlayer.java:268)
[B: #10438@271] 	at battlecode.instrumenter.SandboxedRobotPlayer.lambda$new$2(SandboxedRobotPlayer.java:202)
[B: #10438@271] 	at java.base/java.lang.Thread.run(Thread.java:1583)
[B: #11871@272] Found a cheese mine at [2, 2]
[B: #11871@272] Going straight to cheese mine at [2, 2]
[B: #10563@272] Found a cheese mine at [2, 2]
[B: #10563@272] Going straight to cheese mine at [2, 2]
[B: #10560@272] Going straight to cheese mine at [17, 17]
[B: #11003@272] Found a cheese mine at [2, 2]
[B: #11003@272] Going straight to cheese mine at [2, 2]
[B: #13262@272] Found a cheese mine at [2, 2]
[B: #13262@272] Going straight to cheese mine at [2, 2]
[B: #13717@272] Found a cheese mine at [2, 2]
[B: #13717@272] Going straight to cheese mine at [2, 2]
[B: #11511@272] Found a cheese mine at [2, 2]
[B: #11511@272] Going straight to cheese mine at [2, 2]
[B: #10438@272] GameActionException in RobotPlayer:
[B: #10438@272] battlecode.common.GameActionException: Target location is not on the map
[B: #10438@272] 	at battlecode.world.RobotControllerImpl.assertCanSenseLocation(RobotControllerImpl.java:217)
[B: #10438@272] 	at battlecode.world.RobotControllerImpl.senseMapInfo(RobotControllerImpl.java:646)
[B: #10438@272] 	at teacher08a.CatAttacker.runReportBack(CatAttacker.java:185)
[B: #10438@272] 	at teacher08a.CatAttacker.doAction(CatAttacker.java:37)
[B: #10438@272] 	at teacher08a.RobotPlayer.run(RobotPlayer.java:25)
[B: #10438@272] 	at java.base/jdk.internal.reflect.DirectMethodHandleAccessor.invoke(DirectMethodHandleAccessor.java:103)
[B: #10438@272] 	at java.base/java.lang.reflect.Method.invoke(Method.java:580)
[B: #10438@272] 	at battlecode.instrumenter.SandboxedRobotPlayer.loadAndRunPlayerJava(SandboxedRobotPlayer.java:306)
[B: #10438@272] 	at battlecode.instrumenter.SandboxedRobotPlayer.loadAndRunPlayer(SandboxedRobotPlayer.java:268)
[B: #10438@272] 	at battlecode.instrumenter.SandboxedRobotPlayer.lambda$new$2(SandboxedRobotPlayer.java:202)
[B: #10438@272] 	at java.base/java.lang.Thread.run(Thread.java:1583)
[B: #11871@273] Going straight to cheese mine at [2, 2]
[B: #10563@273] Going straight to cheese mine at [2, 2]
[B: #10560@273] Going straight to cheese mine at [17, 17]
[B: #11003@273] Found a cheese mine at [2, 2]
[B: #11003@273] Going straight to cheese mine at [2, 2]
[B: #13262@273] Found a cheese mine at [2, 2]
[B: #13262@273] Going straight to cheese mine at [2, 2]
[B: #13717@273] Found a cheese mine at [2, 2]
[B: #13717@273] Going straight to cheese mine at [2, 2]
[B: #11511@273] Found a cheese mine at [2, 2]
[B: #11511@273] Going straight to cheese mine at [2, 2]
[B: #10438@273] GameActionException in RobotPlayer:
[B: #10438@273] battlecode.common.GameActionException: Target location is not on the map
[B: #10438@273] 	at battlecode.world.RobotControllerImpl.assertCanSenseLocation(RobotControllerImpl.java:217)
[B: #10438@273] 	at battlecode.world.RobotControllerImpl.senseMapInfo(RobotControllerImpl.java:646)
[B: #10438@273] 	at teacher08a.CatAttacker.runReportBack(CatAttacker.java:185)
[B: #10438@273] 	at teacher08a.CatAttacker.doAction(CatAttacker.java:37)
[B: #10438@273] 	at teacher08a.RobotPlayer.run(RobotPlayer.java:25)
[B: #10438@273] 	at java.base/jdk.internal.reflect.DirectMethodHandleAccessor.invoke(DirectMethodHandleAccessor.java:103)
[B: #10438@273] 	at java.base/java.lang.reflect.Method.invoke(Method.java:580)
[B: #10438@273] 	at battlecode.instrumenter.SandboxedRobotPlayer.loadAndRunPlayerJava(SandboxedRobotPlayer.java:306)
[B: #10438@273] 	at battlecode.instrumenter.SandboxedRobotPlayer.loadAndRunPlayer(SandboxedRobotPlayer.java:268)
[B: #10438@273] 	at battlecode.instrumenter.SandboxedRobotPlayer.lambda$new$2(SandboxedRobotPlayer.java:202)
[B: #10438@273] 	at java.base/java.lang.Thread.run(Thread.java:1583)
[B: #11871@274] Found a cheese mine at [2, 2]
[B: #11871@274] Going straight to cheese mine at [2, 2]
[B: #10563@274] Going straight to cheese mine at [2, 2]
[B: #10560@274] Going straight to cheese mine at [17, 17]
[B: #11003@274] Found a cheese mine at [2, 2]
[B: #11003@274] Going straight to cheese mine at [2, 2]
[B: #13262@274] Found a cheese mine at [2, 2]
[B: #13262@274] Going straight to cheese mine at [2, 2]
[B: #13717@274] Found a cheese mine at [2, 2]
[B: #13717@274] Going straight to cheese mine at [2, 2]
[B: #11511@274] Found a cheese mine at [2, 2]
[B: #11511@274] Going straight to cheese mine at [2, 2]
[B: #10438@274] GameActionException in RobotPlayer:
[B: #10438@274] battlecode.common.GameActionException: Target location is not on the map
[B: #10438@274] 	at battlecode.world.RobotControllerImpl.assertCanSenseLocation(RobotControllerImpl.java:217)
[B: #10438@274] 	at battlecode.world.RobotControllerImpl.senseMapInfo(RobotControllerImpl.java:646)
[B: #10438@274] 	at teacher08a.CatAttacker.runReportBack(CatAttacker.java:185)
[B: #10438@274] 	at teacher08a.CatAttacker.doAction(CatAttacker.java:37)
[B: #10438@274] 	at teacher08a.RobotPlayer.run(RobotPlayer.java:25)
[B: #10438@274] 	at java.base/jdk.internal.reflect.DirectMethodHandleAccessor.invoke(DirectMethodHandleAccessor.java:103)
[B: #10438@274] 	at java.base/java.lang.reflect.Method.invoke(Method.java:580)
[B: #10438@274] 	at battlecode.instrumenter.SandboxedRobotPlayer.loadAndRunPlayerJava(SandboxedRobotPlayer.java:306)
[B: #10438@274] 	at battlecode.instrumenter.SandboxedRobotPlayer.loadAndRunPlayer(SandboxedRobotPlayer.java:268)
[B: #10438@274] 	at battlecode.instrumenter.SandboxedRobotPlayer.lambda$new$2(SandboxedRobotPlayer.java:202)
[B: #10438@274] 	at java.base/java.lang.Thread.run(Thread.java:1583)
[B: #11871@275] Found a cheese mine at [2, 2]
[B: #11871@275] Going straight to cheese mine at [2, 2]
[B: #10563@275] Going straight to cheese mine at [2, 2]
[B: #10560@275] Can sense kingLoc [19, 4] ? false at distSquared 148
[B: #11003@275] Found a cheese mine at [2, 2]
[B: #11003@275] Going straight to cheese mine at [2, 2]
[B: #13262@275] Found a cheese mine at [2, 2]
[B: #13262@275] Going straight to cheese mine at [2, 2]
[B: #13717@275] Found a cheese mine at [2, 2]
[B: #13717@275] Going straight to cheese mine at [2, 2]
[B: #11511@275] Found a cheese mine at [2, 2]
[B: #11511@275] Going straight to cheese mine at [2, 2]
[B: #10438@275] GameActionException in RobotPlayer:
[B: #10438@275] battlecode.common.GameActionException: Target location is not on the map
[B: #10438@275] 	at battlecode.world.RobotControllerImpl.assertCanSenseLocation(RobotControllerImpl.java:217)
[B: #10438@275] 	at battlecode.world.RobotControllerImpl.senseMapInfo(RobotControllerImpl.java:646)
[B: #10438@275] 	at teacher08a.CatAttacker.runReportBack(CatAttacker.java:185)
[B: #10438@275] 	at teacher08a.CatAttacker.doAction(CatAttacker.java:37)
[B: #10438@275] 	at teacher08a.RobotPlayer.run(RobotPlayer.java:25)
[B: #10438@275] 	at java.base/jdk.internal.reflect.DirectMethodHandleAccessor.invoke(DirectMethodHandleAccessor.java:103)
[B: #10438@275] 	at java.base/java.lang.reflect.Method.invoke(Method.java:580)
[B: #10438@275] 	at battlecode.instrumenter.SandboxedRobotPlayer.loadAndRunPlayerJava(SandboxedRobotPlayer.java:306)
[B: #10438@275] 	at battlecode.instrumenter.SandboxedRobotPlayer.loadAndRunPlayer(SandboxedRobotPlayer.java:268)
[B: #10438@275] 	at battlecode.instrumenter.SandboxedRobotPlayer.lambda$new$2(SandboxedRobotPlayer.java:202)
[B: #10438@275] 	at java.base/java.lang.Thread.run(Thread.java:1583)
[B: #11871@276] Found a cheese mine at [2, 2]
[B: #11871@276] Going straight to cheese mine at [2, 2]
[B: #10563@276] Going straight to cheese mine at [2, 2]
[B: #10560@276] Can sense kingLoc [19, 4] ? false at distSquared 125
[B: #11003@276] Found a cheese mine at [2, 2]
[B: #11003@276] Going straight to cheese mine at [2, 2]
[B: #13262@276] Found a cheese mine at [2, 2]
[B: #13262@276] Going straight to cheese mine at [2, 2]
[B: #13717@276] Found a cheese mine at [2, 2]
[B: #13717@276] Going straight to cheese mine at [2, 2]
[B: #11511@276] Found a cheese mine at [2, 2]
[B: #11511@276] Going straight to cheese mine at [2, 2]
[B: #10438@276] GameActionException in RobotPlayer:
[B: #10438@276] battlecode.common.GameActionException: Target location is not on the map
[B: #10438@276] 	at battlecode.world.RobotControllerImpl.assertCanSenseLocation(RobotControllerImpl.java:217)
[B: #10438@276] 	at battlecode.world.RobotControllerImpl.senseMapInfo(RobotControllerImpl.java:646)
[B: #10438@276] 	at teacher08a.CatAttacker.runReportBack(CatAttacker.java:185)
[B: #10438@276] 	at teacher08a.CatAttacker.doAction(CatAttacker.java:37)
[B: #10438@276] 	at teacher08a.RobotPlayer.run(RobotPlayer.java:25)
[B: #10438@276] 	at java.base/jdk.internal.reflect.DirectMethodHandleAccessor.invoke(DirectMethodHandleAccessor.java:103)
[B: #10438@276] 	at java.base/java.lang.reflect.Method.invoke(Method.java:580)
[B: #10438@276] 	at battlecode.instrumenter.SandboxedRobotPlayer.loadAndRunPlayerJava(SandboxedRobotPlayer.java:306)
[B: #10438@276] 	at battlecode.instrumenter.SandboxedRobotPlayer.loadAndRunPlayer(SandboxedRobotPlayer.java:268)
[B: #10438@276] 	at battlecode.instrumenter.SandboxedRobotPlayer.lambda$new$2(SandboxedRobotPlayer.java:202)
[B: #10438@276] 	at java.base/java.lang.Thread.run(Thread.java:1583)
[B: #11871@277] Found a cheese mine at [2, 2]
[B: #11871@277] Going straight to cheese mine at [2, 2]
[B: #10563@277] Going straight to cheese mine at [2, 2]
[B: #10560@277] Can sense kingLoc [19, 4] ? false at distSquared 125
[B: #11003@277] Found a cheese mine at [2, 2]
[B: #11003@277] Going straight to cheese mine at [2, 2]
[B: #13262@277] Found a cheese mine at [2, 2]
[B: #13262@277] Going straight to cheese mine at [2, 2]
[B: #13717@277] Found a cheese mine at [2, 2]
[B: #13717@277] Going straight to cheese mine at [2, 2]
[B: #11511@277] Found a cheese mine at [2, 2]
[B: #11511@277] Going straight to cheese mine at [2, 2]
[B: #10438@277] GameActionException in RobotPlayer:
[B: #10438@277] battlecode.common.GameActionException: Target location is not on the map
[B: #10438@277] 	at battlecode.world.RobotControllerImpl.assertCanSenseLocation(RobotControllerImpl.java:217)
[B: #10438@277] 	at battlecode.world.RobotControllerImpl.senseMapInfo(RobotControllerImpl.java:646)
[B: #10438@277] 	at teacher08a.CatAttacker.runReportBack(CatAttacker.java:185)
[B: #10438@277] 	at teacher08a.CatAttacker.doAction(CatAttacker.java:37)
[B: #10438@277] 	at teacher08a.RobotPlayer.run(RobotPlayer.java:25)
[B: #10438@277] 	at java.base/jdk.internal.reflect.DirectMethodHandleAccessor.invoke(DirectMethodHandleAccessor.java:103)
[B: #10438@277] 	at java.base/java.lang.reflect.Method.invoke(Method.java:580)
[B: #10438@277] 	at battlecode.instrumenter.SandboxedRobotPlayer.loadAndRunPlayerJava(SandboxedRobotPlayer.java:306)
[B: #10438@277] 	at battlecode.instrumenter.SandboxedRobotPlayer.loadAndRunPlayer(SandboxedRobotPlayer.java:268)
[B: #10438@277] 	at battlecode.instrumenter.SandboxedRobotPlayer.lambda$new$2(SandboxedRobotPlayer.java:202)
[B: #10438@277] 	at java.base/java.lang.Thread.run(Thread.java:1583)
[B: #11871@278] Found a cheese mine at [2, 2]
[B: #11871@278] Going straight to cheese mine at [2, 2]
[B: #10563@278] Going straight to cheese mine at [2, 2]
[B: #10560@278] Can sense kingLoc [19, 4] ? false at distSquared 104
[B: #11003@278] Found a cheese mine at [2, 2]
[B: #11003@278] Going straight to cheese mine at [2, 2]
[B: #13262@278] Found a cheese mine at [2, 2]
[B: #13262@278] Going straight to cheese mine at [2, 2]
[B: #13717@278] Found a cheese mine at [2, 2]
[B: #13717@278] Going straight to cheese mine at [2, 2]
[B: #11511@278] Found a cheese mine at [2, 2]
[B: #11511@278] Going straight to cheese mine at [2, 2]
[B: #10438@278] GameActionException in RobotPlayer:
[B: #10438@278] battlecode.common.GameActionException: Target location is not on the map
[B: #10438@278] 	at battlecode.world.RobotControllerImpl.assertCanSenseLocation(RobotControllerImpl.java:217)
[B: #10438@278] 	at battlecode.world.RobotControllerImpl.senseMapInfo(RobotControllerImpl.java:646)
[B: #10438@278] 	at teacher08a.CatAttacker.runReportBack(CatAttacker.java:185)
[B: #10438@278] 	at teacher08a.CatAttacker.doAction(CatAttacker.java:37)
[B: #10438@278] 	at teacher08a.RobotPlayer.run(RobotPlayer.java:25)
[B: #10438@278] 	at java.base/jdk.internal.reflect.DirectMethodHandleAccessor.invoke(DirectMethodHandleAccessor.java:103)
[B: #10438@278] 	at java.base/java.lang.reflect.Method.invoke(Method.java:580)
[B: #10438@278] 	at battlecode.instrumenter.SandboxedRobotPlayer.loadAndRunPlayerJava(SandboxedRobotPlayer.java:306)
[B: #10438@278] 	at battlecode.instrumenter.SandboxedRobotPlayer.loadAndRunPlayer(SandboxedRobotPlayer.java:268)
[B: #10438@278] 	at battlecode.instrumenter.SandboxedRobotPlayer.lambda$new$2(SandboxedRobotPlayer.java:202)
[B: #10438@278] 	at java.base/java.lang.Thread.run(Thread.java:1583)
[B: #11871@279] Found a cheese mine at [2, 2]
[B: #11871@279] Going straight to cheese mine at [2, 2]
[B: #10563@279] Going straight to cheese mine at [2, 2]
[B: #10560@279] Can sense kingLoc [19, 4] ? false at distSquared 104
[B: #11003@279] Found a cheese mine at [2, 2]
[B: #11003@279] Going straight to cheese mine at [2, 2]
[B: #13262@279] Found a cheese mine at [2, 2]
[B: #13262@279] Going straight to cheese mine at [2, 2]
[B: #13717@279] Found a cheese mine at [2, 2]
[B: #13717@279] Going straight to cheese mine at [2, 2]
[B: #11511@279] Found a cheese mine at [2, 2]
[B: #11511@279] Going straight to cheese mine at [2, 2]
[B: #10438@279] GameActionException in RobotPlayer:
[B: #10438@279] battlecode.common.GameActionException: Target location is not on the map
[B: #10438@279] 	at battlecode.world.RobotControllerImpl.assertCanSenseLocation(RobotControllerImpl.java:217)
[B: #10438@279] 	at battlecode.world.RobotControllerImpl.senseMapInfo(RobotControllerImpl.java:646)
[B: #10438@279] 	at teacher08a.CatAttacker.runReportBack(CatAttacker.java:185)
[B: #10438@279] 	at teacher08a.CatAttacker.doAction(CatAttacker.java:37)
[B: #10438@279] 	at teacher08a.RobotPlayer.run(RobotPlayer.java:25)
[B: #10438@279] 	at java.base/jdk.internal.reflect.DirectMethodHandleAccessor.invoke(DirectMethodHandleAccessor.java:103)
[B: #10438@279] 	at java.base/java.lang.reflect.Method.invoke(Method.java:580)
[B: #10438@279] 	at battlecode.instrumenter.SandboxedRobotPlayer.loadAndRunPlayerJava(SandboxedRobotPlayer.java:306)
[B: #10438@279] 	at battlecode.instrumenter.SandboxedRobotPlayer.loadAndRunPlayer(SandboxedRobotPlayer.java:268)
[B: #10438@279] 	at battlecode.instrumenter.SandboxedRobotPlayer.lambda$new$2(SandboxedRobotPlayer.java:202)
[B: #10438@279] 	at java.base/java.lang.Thread.run(Thread.java:1583)
[B: #11871@280] Found a cheese mine at [2, 2]
[B: #11871@280] Going straight to cheese mine at [2, 2]
[B: #10563@280] Going straight to cheese mine at [2, 2]
[B: #10560@280] Can sense kingLoc [19, 4] ? false at distSquared 85
[B: #11003@280] Found a cheese mine at [2, 2]
[B: #11003@280] Going straight to cheese mine at [2, 2]
[B: #13262@280] Found a cheese mine at [2, 2]
[B: #13262@280] Going straight to cheese mine at [2, 2]
[B: #13717@280] Found a cheese mine at [2, 2]
[B: #13717@280] Going straight to cheese mine at [2, 2]
[B: #11511@280] Found a cheese mine at [2, 2]
[B: #11511@280] Going straight to cheese mine at [2, 2]
[B: #10438@280] GameActionException in RobotPlayer:
[B: #10438@280] battlecode.common.GameActionException: Target location is not on the map
[B: #10438@280] 	at battlecode.world.RobotControllerImpl.assertCanSenseLocation(RobotControllerImpl.java:217)
[B: #10438@280] 	at battlecode.world.RobotControllerImpl.senseMapInfo(RobotControllerImpl.java:646)
[B: #10438@280] 	at teacher08a.CatAttacker.runReportBack(CatAttacker.java:185)
[B: #10438@280] 	at teacher08a.CatAttacker.doAction(CatAttacker.java:37)
[B: #10438@280] 	at teacher08a.RobotPlayer.run(RobotPlayer.java:25)
[B: #10438@280] 	at java.base/jdk.internal.reflect.DirectMethodHandleAccessor.invoke(DirectMethodHandleAccessor.java:103)
[B: #10438@280] 	at java.base/java.lang.reflect.Method.invoke(Method.java:580)
[B: #10438@280] 	at battlecode.instrumenter.SandboxedRobotPlayer.loadAndRunPlayerJava(SandboxedRobotPlayer.java:306)
[B: #10438@280] 	at battlecode.instrumenter.SandboxedRobotPlayer.loadAndRunPlayer(SandboxedRobotPlayer.java:268)
[B: #10438@280] 	at battlecode.instrumenter.SandboxedRobotPlayer.lambda$new$2(SandboxedRobotPlayer.java:202)
[B: #10438@280] 	at java.base/java.lang.Thread.run(Thread.java:1583)
[B: #11871@281] Found a cheese mine at [2, 2]
[B: #11871@281] Going straight to cheese mine at [2, 2]
[B: #10563@281] Going straight to cheese mine at [2, 2]
[B: #10560@281] Can sense kingLoc [19, 4] ? false at distSquared 85
[B: #11003@281] Going straight to cheese mine at [2, 2]
[B: #13262@281] Going straight to cheese mine at [2, 2]
[B: #13717@281] Found a cheese mine at [2, 2]
[B: #13717@281] Going straight to cheese mine at [2, 2]
[B: #11511@281] Found a cheese mine at [2, 2]
[B: #11511@281] Going straight to cheese mine at [2, 2]
[B: #10438@281] GameActionException in RobotPlayer:
[B: #10438@281] battlecode.common.GameActionException: Target location is not on the map
[B: #10438@281] 	at battlecode.world.RobotControllerImpl.assertCanSenseLocation(RobotControllerImpl.java:217)
[B: #10438@281] 	at battlecode.world.RobotControllerImpl.senseMapInfo(RobotControllerImpl.java:646)
[B: #10438@281] 	at teacher08a.CatAttacker.runReportBack(CatAttacker.java:185)
[B: #10438@281] 	at teacher08a.CatAttacker.doAction(CatAttacker.java:37)
[B: #10438@281] 	at teacher08a.RobotPlayer.run(RobotPlayer.java:25)
[B: #10438@281] 	at java.base/jdk.internal.reflect.DirectMethodHandleAccessor.invoke(DirectMethodHandleAccessor.java:103)
[B: #10438@281] 	at java.base/java.lang.reflect.Method.invoke(Method.java:580)
[B: #10438@281] 	at battlecode.instrumenter.SandboxedRobotPlayer.loadAndRunPlayerJava(SandboxedRobotPlayer.java:306)
[B: #10438@281] 	at battlecode.instrumenter.SandboxedRobotPlayer.loadAndRunPlayer(SandboxedRobotPlayer.java:268)
[B: #10438@281] 	at battlecode.instrumenter.SandboxedRobotPlayer.lambda$new$2(SandboxedRobotPlayer.java:202)
[B: #10438@281] 	at java.base/java.lang.Thread.run(Thread.java:1583)
[B: #11871@282] Found a cheese mine at [2, 2]
[B: #11871@282] Going straight to cheese mine at [2, 2]
[B: #10563@282] Going straight to cheese mine at [2, 2]
[B: #10560@282] Can sense kingLoc [19, 4] ? false at distSquared 68
[B: #11003@282] Going straight to cheese mine at [2, 2]
[B: #13262@282] Going straight to cheese mine at [2, 2]
[B: #13717@282] Found a cheese mine at [2, 2]
[B: #13717@282] Going straight to cheese mine at [2, 2]
[B: #11511@282] Found a cheese mine at [2, 2]
[B: #11511@282] Going straight to cheese mine at [2, 2]
[B: #10438@282] GameActionException in RobotPlayer:
[B: #10438@282] battlecode.common.GameActionException: Target location is not on the map
[B: #10438@282] 	at battlecode.world.RobotControllerImpl.assertCanSenseLocation(RobotControllerImpl.java:217)
[B: #10438@282] 	at battlecode.world.RobotControllerImpl.senseMapInfo(RobotControllerImpl.java:646)
[B: #10438@282] 	at teacher08a.CatAttacker.runReportBack(CatAttacker.java:185)
[B: #10438@282] 	at teacher08a.CatAttacker.doAction(CatAttacker.java:37)
[B: #10438@282] 	at teacher08a.RobotPlayer.run(RobotPlayer.java:25)
[B: #10438@282] 	at java.base/jdk.internal.reflect.DirectMethodHandleAccessor.invoke(DirectMethodHandleAccessor.java:103)
[B: #10438@282] 	at java.base/java.lang.reflect.Method.invoke(Method.java:580)
[B: #10438@282] 	at battlecode.instrumenter.SandboxedRobotPlayer.loadAndRunPlayerJava(SandboxedRobotPlayer.java:306)
[B: #10438@282] 	at battlecode.instrumenter.SandboxedRobotPlayer.loadAndRunPlayer(SandboxedRobotPlayer.java:268)
[B: #10438@282] 	at battlecode.instrumenter.SandboxedRobotPlayer.lambda$new$2(SandboxedRobotPlayer.java:202)
[B: #10438@282] 	at java.base/java.lang.Thread.run(Thread.java:1583)
[B: #11871@283] Found a cheese mine at [2, 2]
[B: #11871@283] Going straight to cheese mine at [2, 2]
[B: #10563@283] Going straight to cheese mine at [2, 2]
[B: #10560@283] Can sense kingLoc [19, 4] ? false at distSquared 68
[B: #11003@283] Going straight to cheese mine at [2, 2]
[B: #13262@283] Found a cheese mine at [2, 2]
[B: #13262@283] Going straight to cheese mine at [2, 2]
[B: #13717@283] Found a cheese mine at [2, 2]
[B: #13717@283] Going straight to cheese mine at [2, 2]
[B: #11511@283] Found a cheese mine at [2, 2]
[B: #11511@283] Going straight to cheese mine at [2, 2]
[B: #10438@283] GameActionException in RobotPlayer:
[B: #10438@283] battlecode.common.GameActionException: Target location is not on the map
[B: #10438@283] 	at battlecode.world.RobotControllerImpl.assertCanSenseLocation(RobotControllerImpl.java:217)
[B: #10438@283] 	at battlecode.world.RobotControllerImpl.senseMapInfo(RobotControllerImpl.java:646)
[B: #10438@283] 	at teacher08a.CatAttacker.runReportBack(CatAttacker.java:185)
[B: #10438@283] 	at teacher08a.CatAttacker.doAction(CatAttacker.java:37)
[B: #10438@283] 	at teacher08a.RobotPlayer.run(RobotPlayer.java:25)
[B: #10438@283] 	at java.base/jdk.internal.reflect.DirectMethodHandleAccessor.invoke(DirectMethodHandleAccessor.java:103)
[B: #10438@283] 	at java.base/java.lang.reflect.Method.invoke(Method.java:580)
[B: #10438@283] 	at battlecode.instrumenter.SandboxedRobotPlayer.loadAndRunPlayerJava(SandboxedRobotPlayer.java:306)
[B: #10438@283] 	at battlecode.instrumenter.SandboxedRobotPlayer.loadAndRunPlayer(SandboxedRobotPlayer.java:268)
[B: #10438@283] 	at battlecode.instrumenter.SandboxedRobotPlayer.lambda$new$2(SandboxedRobotPlayer.java:202)
[B: #10438@283] 	at java.base/java.lang.Thread.run(Thread.java:1583)
[B: #11871@284] Found a cheese mine at [2, 2]
[B: #11871@284] Going straight to cheese mine at [2, 2]
[B: #10563@284] Going straight to cheese mine at [2, 2]
[B: #10560@284] Can sense kingLoc [19, 4] ? false at distSquared 53
[B: #11003@284] Going straight to cheese mine at [2, 2]
[B: #13262@284] Found a cheese mine at [2, 2]
[B: #13262@284] Going straight to cheese mine at [2, 2]
[B: #13717@284] Found a cheese mine at [2, 2]
[B: #13717@284] Going straight to cheese mine at [2, 2]
[B: #11511@284] Found a cheese mine at [2, 2]
[B: #11511@284] Going straight to cheese mine at [2, 2]
[B: #10438@284] GameActionException in RobotPlayer:
[B: #10438@284] battlecode.common.GameActionException: Target location is not on the map
[B: #10438@284] 	at battlecode.world.RobotControllerImpl.assertCanSenseLocation(RobotControllerImpl.java:217)
[B: #10438@284] 	at battlecode.world.RobotControllerImpl.senseMapInfo(RobotControllerImpl.java:646)
[B: #10438@284] 	at teacher08a.CatAttacker.runReportBack(CatAttacker.java:185)
[B: #10438@284] 	at teacher08a.CatAttacker.doAction(CatAttacker.java:37)
[B: #10438@284] 	at teacher08a.RobotPlayer.run(RobotPlayer.java:25)
[B: #10438@284] 	at java.base/jdk.internal.reflect.DirectMethodHandleAccessor.invoke(DirectMethodHandleAccessor.java:103)
[B: #10438@284] 	at java.base/java.lang.reflect.Method.invoke(Method.java:580)
[B: #10438@284] 	at battlecode.instrumenter.SandboxedRobotPlayer.loadAndRunPlayerJava(SandboxedRobotPlayer.java:306)
[B: #10438@284] 	at battlecode.instrumenter.SandboxedRobotPlayer.loadAndRunPlayer(SandboxedRobotPlayer.java:268)
[B: #10438@284] 	at battlecode.instrumenter.SandboxedRobotPlayer.lambda$new$2(SandboxedRobotPlayer.java:202)
[B: #10438@284] 	at java.base/java.lang.Thread.run(Thread.java:1583)
[B: #11871@285] Found a cheese mine at [2, 2]
[B: #11871@285] Going straight to cheese mine at [2, 2]
[B: #10563@285] Found a cheese mine at [2, 2]
[B: #10563@285] Going straight to cheese mine at [2, 2]
[B: #10560@285] Can sense kingLoc [19, 4] ? false at distSquared 53
[B: #11003@285] Going straight to cheese mine at [2, 2]
[B: #13262@285] Found a cheese mine at [2, 2]
[B: #13262@285] Going straight to cheese mine at [2, 2]
[B: #13717@285] Found a cheese mine at [2, 2]
[B: #13717@285] Going straight to cheese mine at [2, 2]
[B: #11511@285] Found a cheese mine at [2, 2]
[B: #11511@285] Going straight to cheese mine at [2, 2]
[B: #10438@285] GameActionException in RobotPlayer:
[B: #10438@285] battlecode.common.GameActionException: Target location is not on the map
[B: #10438@285] 	at battlecode.world.RobotControllerImpl.assertCanSenseLocation(RobotControllerImpl.java:217)
[B: #10438@285] 	at battlecode.world.RobotControllerImpl.senseMapInfo(RobotControllerImpl.java:646)
[B: #10438@285] 	at teacher08a.CatAttacker.runReportBack(CatAttacker.java:185)
[B: #10438@285] 	at teacher08a.CatAttacker.doAction(CatAttacker.java:37)
[B: #10438@285] 	at teacher08a.RobotPlayer.run(RobotPlayer.java:25)
[B: #10438@285] 	at java.base/jdk.internal.reflect.DirectMethodHandleAccessor.invoke(DirectMethodHandleAccessor.java:103)
[B: #10438@285] 	at java.base/java.lang.reflect.Method.invoke(Method.java:580)
[B: #10438@285] 	at battlecode.instrumenter.SandboxedRobotPlayer.loadAndRunPlayerJava(SandboxedRobotPlayer.java:306)
[B: #10438@285] 	at battlecode.instrumenter.SandboxedRobotPlayer.loadAndRunPlayer(SandboxedRobotPlayer.java:268)
[B: #10438@285] 	at battlecode.instrumenter.SandboxedRobotPlayer.lambda$new$2(SandboxedRobotPlayer.java:202)
[B: #10438@285] 	at java.base/java.lang.Thread.run(Thread.java:1583)
[B: #11871@286] Found a cheese mine at [2, 2]
[B: #11871@286] Going straight to cheese mine at [2, 2]
[B: #10563@286] Found a cheese mine at [2, 2]
[B: #10563@286] Going straight to cheese mine at [2, 2]
[B: #10560@286] Can sense kingLoc [19, 4] ? false at distSquared 40
[B: #11003@286] Found a cheese mine at [2, 2]
[B: #11003@286] Going straight to cheese mine at [2, 2]
[B: #13262@286] Found a cheese mine at [2, 2]
[B: #13262@286] Going straight to cheese mine at [2, 2]
[B: #13717@286] Found a cheese mine at [2, 2]
[B: #13717@286] Going straight to cheese mine at [2, 2]
[B: #11511@286] Found a cheese mine at [2, 2]
[B: #11511@286] Going straight to cheese mine at [2, 2]
[B: #10438@286] GameActionException in RobotPlayer:
[B: #10438@286] battlecode.common.GameActionException: Target location is not on the map
[B: #10438@286] 	at battlecode.world.RobotControllerImpl.assertCanSenseLocation(RobotControllerImpl.java:217)
[B: #10438@286] 	at battlecode.world.RobotControllerImpl.senseMapInfo(RobotControllerImpl.java:646)
[B: #10438@286] 	at teacher08a.CatAttacker.runReportBack(CatAttacker.java:185)
[B: #10438@286] 	at teacher08a.CatAttacker.doAction(CatAttacker.java:37)
[B: #10438@286] 	at teacher08a.RobotPlayer.run(RobotPlayer.java:25)
[B: #10438@286] 	at java.base/jdk.internal.reflect.DirectMethodHandleAccessor.invoke(DirectMethodHandleAccessor.java:103)
[B: #10438@286] 	at java.base/java.lang.reflect.Method.invoke(Method.java:580)
[B: #10438@286] 	at battlecode.instrumenter.SandboxedRobotPlayer.loadAndRunPlayerJava(SandboxedRobotPlayer.java:306)
[B: #10438@286] 	at battlecode.instrumenter.SandboxedRobotPlayer.loadAndRunPlayer(SandboxedRobotPlayer.java:268)
[B: #10438@286] 	at battlecode.instrumenter.SandboxedRobotPlayer.lambda$new$2(SandboxedRobotPlayer.java:202)
[B: #10438@286] 	at java.base/java.lang.Thread.run(Thread.java:1583)
[B: #11871@287] Found a cheese mine at [2, 2]
[B: #11871@287] Going straight to cheese mine at [2, 2]
[B: #10563@287] Found a cheese mine at [2, 2]
[B: #10563@287] Going straight to cheese mine at [2, 2]
[B: #10560@287] Can sense kingLoc [19, 4] ? false at distSquared 40
[B: #11003@287] Found a cheese mine at [2, 2]
[B: #11003@287] Going straight to cheese mine at [2, 2]
[B: #13262@287] Found a cheese mine at [2, 2]
[B: #13262@287] Going straight to cheese mine at [2, 2]
[B: #13717@287] Found a cheese mine at [2, 2]
[B: #13717@287] Going straight to cheese mine at [2, 2]
[B: #11511@287] Found a cheese mine at [2, 2]
[B: #11511@287] Going straight to cheese mine at [2, 2]
[B: #10438@287] GameActionException in RobotPlayer:
[B: #10438@287] battlecode.common.GameActionException: Target location is not on the map
[B: #10438@287] 	at battlecode.world.RobotControllerImpl.assertCanSenseLocation(RobotControllerImpl.java:217)
[B: #10438@287] 	at battlecode.world.RobotControllerImpl.senseMapInfo(RobotControllerImpl.java:646)
[B: #10438@287] 	at teacher08a.CatAttacker.runReportBack(CatAttacker.java:185)
[B: #10438@287] 	at teacher08a.CatAttacker.doAction(CatAttacker.java:37)
[B: #10438@287] 	at teacher08a.RobotPlayer.run(RobotPlayer.java:25)
[B: #10438@287] 	at java.base/jdk.internal.reflect.DirectMethodHandleAccessor.invoke(DirectMethodHandleAccessor.java:103)
[B: #10438@287] 	at java.base/java.lang.reflect.Method.invoke(Method.java:580)
[B: #10438@287] 	at battlecode.instrumenter.SandboxedRobotPlayer.loadAndRunPlayerJava(SandboxedRobotPlayer.java:306)
[B: #10438@287] 	at battlecode.instrumenter.SandboxedRobotPlayer.loadAndRunPlayer(SandboxedRobotPlayer.java:268)
[B: #10438@287] 	at battlecode.instrumenter.SandboxedRobotPlayer.lambda$new$2(SandboxedRobotPlayer.java:202)
[B: #10438@287] 	at java.base/java.lang.Thread.run(Thread.java:1583)
[B: #11871@288] Found a cheese mine at [2, 2]
[B: #11871@288] Going straight to cheese mine at [2, 2]
[B: #10563@288] Found a cheese mine at [2, 2]
[B: #10563@288] Going straight to cheese mine at [2, 2]
[B: #10560@288] Can sense kingLoc [19, 4] ? false at distSquared 29
[B: #11003@288] Found a cheese mine at [2, 2]
[B: #11003@288] Going straight to cheese mine at [2, 2]
[B: #13262@288] Found a cheese mine at [2, 2]
[B: #13262@288] Going straight to cheese mine at [2, 2]
[B: #13717@288] Found a cheese mine at [2, 2]
[B: #13717@288] Going straight to cheese mine at [2, 2]
[B: #11511@288] Found a cheese mine at [2, 2]
[B: #11511@288] Going straight to cheese mine at [2, 2]
[B: #10438@288] GameActionException in RobotPlayer:
[B: #10438@288] battlecode.common.GameActionException: Target location is not on the map
[B: #10438@288] 	at battlecode.world.RobotControllerImpl.assertCanSenseLocation(RobotControllerImpl.java:217)
[B: #10438@288] 	at battlecode.world.RobotControllerImpl.senseMapInfo(RobotControllerImpl.java:646)
[B: #10438@288] 	at teacher08a.CatAttacker.runReportBack(CatAttacker.java:185)
[B: #10438@288] 	at teacher08a.CatAttacker.doAction(CatAttacker.java:37)
[B: #10438@288] 	at teacher08a.RobotPlayer.run(RobotPlayer.java:25)
[B: #10438@288] 	at java.base/jdk.internal.reflect.DirectMethodHandleAccessor.invoke(DirectMethodHandleAccessor.java:103)
[B: #10438@288] 	at java.base/java.lang.reflect.Method.invoke(Method.java:580)
[B: #10438@288] 	at battlecode.instrumenter.SandboxedRobotPlayer.loadAndRunPlayerJava(SandboxedRobotPlayer.java:306)
[B: #10438@288] 	at battlecode.instrumenter.SandboxedRobotPlayer.loadAndRunPlayer(SandboxedRobotPlayer.java:268)
[B: #10438@288] 	at battlecode.instrumenter.SandboxedRobotPlayer.lambda$new$2(SandboxedRobotPlayer.java:202)
[B: #10438@288] 	at java.base/java.lang.Thread.run(Thread.java:1583)
[B: #11871@289] Found a cheese mine at [2, 2]
[B: #11871@289] Going straight to cheese mine at [2, 2]
[B: #10563@289] Found a cheese mine at [2, 2]
[B: #10563@289] Going straight to cheese mine at [2, 2]
[B: #10560@289] Can sense kingLoc [19, 4] ? false at distSquared 29
[B: #11003@289] Found a cheese mine at [2, 2]
[B: #11003@289] Going straight to cheese mine at [2, 2]
[B: #13262@289] Found a cheese mine at [2, 2]
[B: #13262@289] Going straight to cheese mine at [2, 2]
[B: #13717@289] Found a cheese mine at [2, 2]
[B: #13717@289] Going straight to cheese mine at [2, 2]
[B: #11511@289] Found a cheese mine at [2, 2]
[B: #11511@289] Going straight to cheese mine at [2, 2]
[B: #10438@289] GameActionException in RobotPlayer:
[B: #10438@289] battlecode.common.GameActionException: Target location is not on the map
[B: #10438@289] 	at battlecode.world.RobotControllerImpl.assertCanSenseLocation(RobotControllerImpl.java:217)
[B: #10438@289] 	at battlecode.world.RobotControllerImpl.senseMapInfo(RobotControllerImpl.java:646)
[B: #10438@289] 	at teacher08a.CatAttacker.runReportBack(CatAttacker.java:185)
[B: #10438@289] 	at teacher08a.CatAttacker.doAction(CatAttacker.java:37)
[B: #10438@289] 	at teacher08a.RobotPlayer.run(RobotPlayer.java:25)
[B: #10438@289] 	at java.base/jdk.internal.reflect.DirectMethodHandleAccessor.invoke(DirectMethodHandleAccessor.java:103)
[B: #10438@289] 	at java.base/java.lang.reflect.Method.invoke(Method.java:580)
[B: #10438@289] 	at battlecode.instrumenter.SandboxedRobotPlayer.loadAndRunPlayerJava(SandboxedRobotPlayer.java:306)
[B: #10438@289] 	at battlecode.instrumenter.SandboxedRobotPlayer.loadAndRunPlayer(SandboxedRobotPlayer.java:268)
[B: #10438@289] 	at battlecode.instrumenter.SandboxedRobotPlayer.lambda$new$2(SandboxedRobotPlayer.java:202)
[B: #10438@289] 	at java.base/java.lang.Thread.run(Thread.java:1583)
[B: #11871@290] Found a cheese mine at [2, 2]
[B: #11871@290] Going straight to cheese mine at [2, 2]
[B: #10563@290] Going straight to cheese mine at [2, 2]
[B: #10560@290] Can sense kingLoc [19, 4] ? true at distSquared 20
[B: #11003@290] Found a cheese mine at [2, 2]
[B: #11003@290] Going straight to cheese mine at [2, 2]
[B: #13262@290] Can sense kingLoc [19, 4] ? false at distSquared 328
[B: #13717@290] Found a cheese mine at [2, 2]
[B: #13717@290] Going straight to cheese mine at [2, 2]
[B: #11511@290] Found a cheese mine at [2, 2]
[B: #11511@290] Going straight to cheese mine at [2, 2]
[B: #10438@290] GameActionException in RobotPlayer:
[B: #10438@290] battlecode.common.GameActionException: Target location is not on the map
[B: #10438@290] 	at battlecode.world.RobotControllerImpl.assertCanSenseLocation(RobotControllerImpl.java:217)
[B: #10438@290] 	at battlecode.world.RobotControllerImpl.senseMapInfo(RobotControllerImpl.java:646)
[B: #10438@290] 	at teacher08a.CatAttacker.runReportBack(CatAttacker.java:185)
[B: #10438@290] 	at teacher08a.CatAttacker.doAction(CatAttacker.java:37)
[B: #10438@290] 	at teacher08a.RobotPlayer.run(RobotPlayer.java:25)
[B: #10438@290] 	at java.base/jdk.internal.reflect.DirectMethodHandleAccessor.invoke(DirectMethodHandleAccessor.java:103)
[B: #10438@290] 	at java.base/java.lang.reflect.Method.invoke(Method.java:580)
[B: #10438@290] 	at battlecode.instrumenter.SandboxedRobotPlayer.loadAndRunPlayerJava(SandboxedRobotPlayer.java:306)
[B: #10438@290] 	at battlecode.instrumenter.SandboxedRobotPlayer.loadAndRunPlayer(SandboxedRobotPlayer.java:268)
[B: #10438@290] 	at battlecode.instrumenter.SandboxedRobotPlayer.lambda$new$2(SandboxedRobotPlayer.java:202)
[B: #10438@290] 	at java.base/java.lang.Thread.run(Thread.java:1583)
[B: #11871@291] Found a cheese mine at [2, 2]
[B: #11871@291] Going straight to cheese mine at [2, 2]
[B: #10563@291] Found a cheese mine at [2, 2]
[B: #10563@291] Going straight to cheese mine at [2, 2]
[B: #10560@291] Going straight to cheese mine at [17, 17]
[B: #11003@291] Found a cheese mine at [2, 2]
[B: #11003@291] Going straight to cheese mine at [2, 2]
[B: #13262@291] Can sense kingLoc [19, 4] ? false at distSquared 328
[B: #13717@291] Found a cheese mine at [2, 2]
[B: #13717@291] Going straight to cheese mine at [2, 2]
[B: #11511@291] Found a cheese mine at [2, 2]
[B: #11511@291] Going straight to cheese mine at [2, 2]
[B: #10438@291] GameActionException in RobotPlayer:
[B: #10438@291] battlecode.common.GameActionException: Target location is not on the map
[B: #10438@291] 	at battlecode.world.RobotControllerImpl.assertCanSenseLocation(RobotControllerImpl.java:217)
[B: #10438@291] 	at battlecode.world.RobotControllerImpl.senseMapInfo(RobotControllerImpl.java:646)
[B: #10438@291] 	at teacher08a.CatAttacker.runReportBack(CatAttacker.java:185)
[B: #10438@291] 	at teacher08a.CatAttacker.doAction(CatAttacker.java:37)
[B: #10438@291] 	at teacher08a.RobotPlayer.run(RobotPlayer.java:25)
[B: #10438@291] 	at java.base/jdk.internal.reflect.DirectMethodHandleAccessor.invoke(DirectMethodHandleAccessor.java:103)
[B: #10438@291] 	at java.base/java.lang.reflect.Method.invoke(Method.java:580)
[B: #10438@291] 	at battlecode.instrumenter.SandboxedRobotPlayer.loadAndRunPlayerJava(SandboxedRobotPlayer.java:306)
[B: #10438@291] 	at battlecode.instrumenter.SandboxedRobotPlayer.loadAndRunPlayer(SandboxedRobotPlayer.java:268)
[B: #10438@291] 	at battlecode.instrumenter.SandboxedRobotPlayer.lambda$new$2(SandboxedRobotPlayer.java:202)
[B: #10438@291] 	at java.base/java.lang.Thread.run(Thread.java:1583)
[B: #11871@292] Found a cheese mine at [2, 2]
[B: #11871@292] Going straight to cheese mine at [2, 2]
[B: #10563@292] Found a cheese mine at [2, 2]
[B: #10563@292] Going straight to cheese mine at [2, 2]
[B: #10560@292] Going straight to cheese mine at [17, 17]
[B: #11003@292] Found a cheese mine at [2, 2]
[B: #11003@292] Going straight to cheese mine at [2, 2]
[B: #13262@292] Can sense kingLoc [19, 4] ? false at distSquared 328
[B: #13717@292] Found a cheese mine at [2, 2]
[B: #13717@292] Going straight to cheese mine at [2, 2]
[B: #11511@292] Found a cheese mine at [2, 2]
[B: #11511@292] Going straight to cheese mine at [2, 2]
[B: #10438@292] GameActionException in RobotPlayer:
[B: #10438@292] battlecode.common.GameActionException: Target location is not on the map
[B: #10438@292] 	at battlecode.world.RobotControllerImpl.assertCanSenseLocation(RobotControllerImpl.java:217)
[B: #10438@292] 	at battlecode.world.RobotControllerImpl.senseMapInfo(RobotControllerImpl.java:646)
[B: #10438@292] 	at teacher08a.CatAttacker.runReportBack(CatAttacker.java:185)
[B: #10438@292] 	at teacher08a.CatAttacker.doAction(CatAttacker.java:37)
[B: #10438@292] 	at teacher08a.RobotPlayer.run(RobotPlayer.java:25)
[B: #10438@292] 	at java.base/jdk.internal.reflect.DirectMethodHandleAccessor.invoke(DirectMethodHandleAccessor.java:103)
[B: #10438@292] 	at java.base/java.lang.reflect.Method.invoke(Method.java:580)
[B: #10438@292] 	at battlecode.instrumenter.SandboxedRobotPlayer.loadAndRunPlayerJava(SandboxedRobotPlayer.java:306)
[B: #10438@292] 	at battlecode.instrumenter.SandboxedRobotPlayer.loadAndRunPlayer(SandboxedRobotPlayer.java:268)
[B: #10438@292] 	at battlecode.instrumenter.SandboxedRobotPlayer.lambda$new$2(SandboxedRobotPlayer.java:202)
[B: #10438@292] 	at java.base/java.lang.Thread.run(Thread.java:1583)
[B: #11871@293] Found a cheese mine at [2, 2]
[B: #11871@293] Going straight to cheese mine at [2, 2]
[B: #10563@293] Found a cheese mine at [2, 2]
[B: #10563@293] Going straight to cheese mine at [2, 2]
[B: #10560@293] Going straight to cheese mine at [17, 17]
[B: #11003@293] Found a cheese mine at [2, 2]
[B: #11003@293] Going straight to cheese mine at [2, 2]
[B: #13262@293] Can sense kingLoc [19, 4] ? false at distSquared 328
[B: #13717@293] Found a cheese mine at [2, 2]
[B: #13717@293] Going straight to cheese mine at [2, 2]
[B: #11511@293] Found a cheese mine at [2, 2]
[B: #11511@293] Going straight to cheese mine at [2, 2]
[B: #10438@293] GameActionException in RobotPlayer:
[B: #10438@293] battlecode.common.GameActionException: Target location is not on the map
[B: #10438@293] 	at battlecode.world.RobotControllerImpl.assertCanSenseLocation(RobotControllerImpl.java:217)
[B: #10438@293] 	at battlecode.world.RobotControllerImpl.senseMapInfo(RobotControllerImpl.java:646)
[B: #10438@293] 	at teacher08a.CatAttacker.runReportBack(CatAttacker.java:185)
[B: #10438@293] 	at teacher08a.CatAttacker.doAction(CatAttacker.java:37)
[B: #10438@293] 	at teacher08a.RobotPlayer.run(RobotPlayer.java:25)
[B: #10438@293] 	at java.base/jdk.internal.reflect.DirectMethodHandleAccessor.invoke(DirectMethodHandleAccessor.java:103)
[B: #10438@293] 	at java.base/java.lang.reflect.Method.invoke(Method.java:580)
[B: #10438@293] 	at battlecode.instrumenter.SandboxedRobotPlayer.loadAndRunPlayerJava(SandboxedRobotPlayer.java:306)
[B: #10438@293] 	at battlecode.instrumenter.SandboxedRobotPlayer.loadAndRunPlayer(SandboxedRobotPlayer.java:268)
[B: #10438@293] 	at battlecode.instrumenter.SandboxedRobotPlayer.lambda$new$2(SandboxedRobotPlayer.java:202)
[B: #10438@293] 	at java.base/java.lang.Thread.run(Thread.java:1583)
[B: #11871@294] Found a cheese mine at [2, 2]
[B: #11871@294] Going straight to cheese mine at [2, 2]
[B: #10563@294] Found a cheese mine at [2, 2]
[B: #10563@294] Going straight to cheese mine at [2, 2]
[B: #10560@294] Going straight to cheese mine at [17, 17]
[B: #11003@294] Found a cheese mine at [2, 2]
[B: #11003@294] Going straight to cheese mine at [2, 2]
[B: #13262@294] Can sense kingLoc [19, 4] ? false at distSquared 328
[B: #13717@294] Found a cheese mine at [2, 2]
[B: #13717@294] Going straight to cheese mine at [2, 2]
[B: #11511@294] Found a cheese mine at [2, 2]
[B: #11511@294] Going straight to cheese mine at [2, 2]
[B: #10438@294] GameActionException in RobotPlayer:
[B: #10438@294] battlecode.common.GameActionException: Target location is not on the map
[B: #10438@294] 	at battlecode.world.RobotControllerImpl.assertCanSenseLocation(RobotControllerImpl.java:217)
[B: #10438@294] 	at battlecode.world.RobotControllerImpl.senseMapInfo(RobotControllerImpl.java:646)
[B: #10438@294] 	at teacher08a.CatAttacker.runReportBack(CatAttacker.java:185)
[B: #10438@294] 	at teacher08a.CatAttacker.doAction(CatAttacker.java:37)
[B: #10438@294] 	at teacher08a.RobotPlayer.run(RobotPlayer.java:25)
[B: #10438@294] 	at java.base/jdk.internal.reflect.DirectMethodHandleAccessor.invoke(DirectMethodHandleAccessor.java:103)
[B: #10438@294] 	at java.base/java.lang.reflect.Method.invoke(Method.java:580)
[B: #10438@294] 	at battlecode.instrumenter.SandboxedRobotPlayer.loadAndRunPlayerJava(SandboxedRobotPlayer.java:306)
[B: #10438@294] 	at battlecode.instrumenter.SandboxedRobotPlayer.loadAndRunPlayer(SandboxedRobotPlayer.java:268)
[B: #10438@294] 	at battlecode.instrumenter.SandboxedRobotPlayer.lambda$new$2(SandboxedRobotPlayer.java:202)
[B: #10438@294] 	at java.base/java.lang.Thread.run(Thread.java:1583)
[B: #11871@295] Found a cheese mine at [2, 2]
[B: #11871@295] Going straight to cheese mine at [2, 2]
[B: #10560@295] Going straight to cheese mine at [17, 17]
[B: #11003@295] Found a cheese mine at [2, 2]
[B: #11003@295] Going straight to cheese mine at [2, 2]
[B: #13262@295] Can sense kingLoc [19, 4] ? false at distSquared 328
[B: #13717@295] Going straight to cheese mine at [2, 2]
[B: #11511@295] Found a cheese mine at [2, 2]
[B: #11511@295] Going straight to cheese mine at [2, 2]
[B: #10438@295] GameActionException in RobotPlayer:
[B: #10438@295] battlecode.common.GameActionException: Target location is not on the map
[B: #10438@295] 	at battlecode.world.RobotControllerImpl.assertCanSenseLocation(RobotControllerImpl.java:217)
[B: #10438@295] 	at battlecode.world.RobotControllerImpl.senseMapInfo(RobotControllerImpl.java:646)
[B: #10438@295] 	at teacher08a.CatAttacker.runReportBack(CatAttacker.java:185)
[B: #10438@295] 	at teacher08a.CatAttacker.doAction(CatAttacker.java:37)
[B: #10438@295] 	at teacher08a.RobotPlayer.run(RobotPlayer.java:25)
[B: #10438@295] 	at java.base/jdk.internal.reflect.DirectMethodHandleAccessor.invoke(DirectMethodHandleAccessor.java:103)
[B: #10438@295] 	at java.base/java.lang.reflect.Method.invoke(Method.java:580)
[B: #10438@295] 	at battlecode.instrumenter.SandboxedRobotPlayer.loadAndRunPlayerJava(SandboxedRobotPlayer.java:306)
[B: #10438@295] 	at battlecode.instrumenter.SandboxedRobotPlayer.loadAndRunPlayer(SandboxedRobotPlayer.java:268)
[B: #10438@295] 	at battlecode.instrumenter.SandboxedRobotPlayer.lambda$new$2(SandboxedRobotPlayer.java:202)
[B: #10438@295] 	at java.base/java.lang.Thread.run(Thread.java:1583)
[B: #11871@296] Found a cheese mine at [2, 2]
[B: #11871@296] Going straight to cheese mine at [2, 2]
[B: #10560@296] Going straight to cheese mine at [17, 17]
[B: #11003@296] Going straight to cheese mine at [2, 2]
[B: #13262@296] Can sense kingLoc [19, 4] ? false at distSquared 328
[B: #13717@296] Found a cheese mine at [2, 2]
[B: #13717@296] Going straight to cheese mine at [2, 2]
[B: #11511@296] Found a cheese mine at [2, 2]
[B: #11511@296] Going straight to cheese mine at [2, 2]
[B: #10438@296] GameActionException in RobotPlayer:
[B: #10438@296] battlecode.common.GameActionException: Target location is not on the map
[B: #10438@296] 	at battlecode.world.RobotControllerImpl.assertCanSenseLocation(RobotControllerImpl.java:217)
[B: #10438@296] 	at battlecode.world.RobotControllerImpl.senseMapInfo(RobotControllerImpl.java:646)
[B: #10438@296] 	at teacher08a.CatAttacker.runReportBack(CatAttacker.java:185)
[B: #10438@296] 	at teacher08a.CatAttacker.doAction(CatAttacker.java:37)
[B: #10438@296] 	at teacher08a.RobotPlayer.run(RobotPlayer.java:25)
[B: #10438@296] 	at java.base/jdk.internal.reflect.DirectMethodHandleAccessor.invoke(DirectMethodHandleAccessor.java:103)
[B: #10438@296] 	at java.base/java.lang.reflect.Method.invoke(Method.java:580)
[B: #10438@296] 	at battlecode.instrumenter.SandboxedRobotPlayer.loadAndRunPlayerJava(SandboxedRobotPlayer.java:306)
[B: #10438@296] 	at battlecode.instrumenter.SandboxedRobotPlayer.loadAndRunPlayer(SandboxedRobotPlayer.java:268)
[B: #10438@296] 	at battlecode.instrumenter.SandboxedRobotPlayer.lambda$new$2(SandboxedRobotPlayer.java:202)
[B: #10438@296] 	at java.base/java.lang.Thread.run(Thread.java:1583)
[B: #11871@297] Found a cheese mine at [2, 2]
[B: #11871@297] Going straight to cheese mine at [2, 2]
[B: #10560@297] Going straight to cheese mine at [17, 17]
[B: #11003@297] Can sense kingLoc [19, 4] ? false at distSquared 260
[B: #13262@297] Can sense kingLoc [19, 4] ? false at distSquared 328
[B: #13717@297] Found a cheese mine at [2, 2]
[B: #13717@297] Going straight to cheese mine at [2, 2]
[B: #11511@297] Found a cheese mine at [2, 2]
[B: #11511@297] Going straight to cheese mine at [2, 2]
[B: #10438@297] GameActionException in RobotPlayer:
[B: #10438@297] battlecode.common.GameActionException: Target location is not on the map
[B: #10438@297] 	at battlecode.world.RobotControllerImpl.assertCanSenseLocation(RobotControllerImpl.java:217)
[B: #10438@297] 	at battlecode.world.RobotControllerImpl.senseMapInfo(RobotControllerImpl.java:646)
[B: #10438@297] 	at teacher08a.CatAttacker.runReportBack(CatAttacker.java:185)
[B: #10438@297] 	at teacher08a.CatAttacker.doAction(CatAttacker.java:37)
[B: #10438@297] 	at teacher08a.RobotPlayer.run(RobotPlayer.java:25)
[B: #10438@297] 	at java.base/jdk.internal.reflect.DirectMethodHandleAccessor.invoke(DirectMethodHandleAccessor.java:103)
[B: #10438@297] 	at java.base/java.lang.reflect.Method.invoke(Method.java:580)
[B: #10438@297] 	at battlecode.instrumenter.SandboxedRobotPlayer.loadAndRunPlayerJava(SandboxedRobotPlayer.java:306)
[B: #10438@297] 	at battlecode.instrumenter.SandboxedRobotPlayer.loadAndRunPlayer(SandboxedRobotPlayer.java:268)
[B: #10438@297] 	at battlecode.instrumenter.SandboxedRobotPlayer.lambda$new$2(SandboxedRobotPlayer.java:202)
[B: #10438@297] 	at java.base/java.lang.Thread.run(Thread.java:1583)
[B: #11871@298] Found a cheese mine at [2, 2]
[B: #11871@298] Going straight to cheese mine at [2, 2]
[B: #10560@298] Going straight to cheese mine at [17, 17]
[B: #11003@298] Can sense kingLoc [19, 4] ? false at distSquared 229
[B: #13262@298] Can sense kingLoc [19, 4] ? false at distSquared 328
[B: #13717@298] Found a cheese mine at [2, 2]
[B: #13717@298] Going straight to cheese mine at [2, 2]
[B: #11511@298] Found a cheese mine at [2, 2]
[B: #11511@298] Going straight to cheese mine at [2, 2]
[B: #10438@298] GameActionException in RobotPlayer:
[B: #10438@298] battlecode.common.GameActionException: Target location is not on the map
[B: #10438@298] 	at battlecode.world.RobotControllerImpl.assertCanSenseLocation(RobotControllerImpl.java:217)
[B: #10438@298] 	at battlecode.world.RobotControllerImpl.senseMapInfo(RobotControllerImpl.java:646)
[B: #10438@298] 	at teacher08a.CatAttacker.runReportBack(CatAttacker.java:185)
[B: #10438@298] 	at teacher08a.CatAttacker.doAction(CatAttacker.java:37)
[B: #10438@298] 	at teacher08a.RobotPlayer.run(RobotPlayer.java:25)
[B: #10438@298] 	at java.base/jdk.internal.reflect.DirectMethodHandleAccessor.invoke(DirectMethodHandleAccessor.java:103)
[B: #10438@298] 	at java.base/java.lang.reflect.Method.invoke(Method.java:580)
[B: #10438@298] 	at battlecode.instrumenter.SandboxedRobotPlayer.loadAndRunPlayerJava(SandboxedRobotPlayer.java:306)
[B: #10438@298] 	at battlecode.instrumenter.SandboxedRobotPlayer.loadAndRunPlayer(SandboxedRobotPlayer.java:268)
[B: #10438@298] 	at battlecode.instrumenter.SandboxedRobotPlayer.lambda$new$2(SandboxedRobotPlayer.java:202)
[B: #10438@298] 	at java.base/java.lang.Thread.run(Thread.java:1583)
[B: #11871@299] Going straight to cheese mine at [2, 2]
[B: #10560@299] Going straight to cheese mine at [17, 17]
[B: #11003@299] Can sense kingLoc [19, 4] ? false at distSquared 200
[B: #10438@299] GameActionException in RobotPlayer:
[B: #10438@299] battlecode.common.GameActionException: Target location is not on the map
[B: #10438@299] 	at battlecode.world.RobotControllerImpl.assertCanSenseLocation(RobotControllerImpl.java:217)
[B: #10438@299] 	at battlecode.world.RobotControllerImpl.senseMapInfo(RobotControllerImpl.java:646)
[B: #10438@299] 	at teacher08a.CatAttacker.runReportBack(CatAttacker.java:185)
[B: #10438@299] 	at teacher08a.CatAttacker.doAction(CatAttacker.java:37)
[B: #10438@299] 	at teacher08a.RobotPlayer.run(RobotPlayer.java:25)
[B: #10438@299] 	at java.base/jdk.internal.reflect.DirectMethodHandleAccessor.invoke(DirectMethodHandleAccessor.java:103)
[B: #10438@299] 	at java.base/java.lang.reflect.Method.invoke(Method.java:580)
[B: #10438@299] 	at battlecode.instrumenter.SandboxedRobotPlayer.loadAndRunPlayerJava(SandboxedRobotPlayer.java:306)
[B: #10438@299] 	at battlecode.instrumenter.SandboxedRobotPlayer.loadAndRunPlayer(SandboxedRobotPlayer.java:268)
[B: #10438@299] 	at battlecode.instrumenter.SandboxedRobotPlayer.lambda$new$2(SandboxedRobotPlayer.java:202)
[B: #10438@299] 	at java.base/java.lang.Thread.run(Thread.java:1583)
[B: #11871@300] Going straight to cheese mine at [2, 2]
[B: #10560@300] Going straight to cheese mine at [17, 17]
[B: #11003@300] Can sense kingLoc [19, 4] ? false at distSquared 200
[B: #10438@300] GameActionException in RobotPlayer:
[B: #10438@300] battlecode.common.GameActionException: Target location is not on the map
[B: #10438@300] 	at battlecode.world.RobotControllerImpl.assertCanSenseLocation(RobotControllerImpl.java:217)
[B: #10438@300] 	at battlecode.world.RobotControllerImpl.senseMapInfo(RobotControllerImpl.java:646)
[B: #10438@300] 	at teacher08a.CatAttacker.runReportBack(CatAttacker.java:185)
[B: #10438@300] 	at teacher08a.CatAttacker.doAction(CatAttacker.java:37)
[B: #10438@300] 	at teacher08a.RobotPlayer.run(RobotPlayer.java:25)
[B: #10438@300] 	at java.base/jdk.internal.reflect.DirectMethodHandleAccessor.invoke(DirectMethodHandleAccessor.java:103)
[B: #10438@300] 	at java.base/java.lang.reflect.Method.invoke(Method.java:580)
[B: #10438@300] 	at battlecode.instrumenter.SandboxedRobotPlayer.loadAndRunPlayerJava(SandboxedRobotPlayer.java:306)
[B: #10438@300] 	at battlecode.instrumenter.SandboxedRobotPlayer.loadAndRunPlayer(SandboxedRobotPlayer.java:268)
[B: #10438@300] 	at battlecode.instrumenter.SandboxedRobotPlayer.lambda$new$2(SandboxedRobotPlayer.java:202)
[B: #10438@300] 	at java.base/java.lang.Thread.run(Thread.java:1583)
[B: #11871@301] Going straight to cheese mine at [2, 2]
[B: #10560@301] Going straight to cheese mine at [17, 17]
[B: #11003@301] Can sense kingLoc [19, 4] ? false at distSquared 173
[B: #10438@301] GameActionException in RobotPlayer:
[B: #10438@301] battlecode.common.GameActionException: Target location is not on the map
[B: #10438@301] 	at battlecode.world.RobotControllerImpl.assertCanSenseLocation(RobotControllerImpl.java:217)
[B: #10438@301] 	at battlecode.world.RobotControllerImpl.senseMapInfo(RobotControllerImpl.java:646)
[B: #10438@301] 	at teacher08a.CatAttacker.runReportBack(CatAttacker.java:185)
[B: #10438@301] 	at teacher08a.CatAttacker.doAction(CatAttacker.java:37)
[B: #10438@301] 	at teacher08a.RobotPlayer.run(RobotPlayer.java:25)
[B: #10438@301] 	at java.base/jdk.internal.reflect.DirectMethodHandleAccessor.invoke(DirectMethodHandleAccessor.java:103)
[B: #10438@301] 	at java.base/java.lang.reflect.Method.invoke(Method.java:580)
[B: #10438@301] 	at battlecode.instrumenter.SandboxedRobotPlayer.loadAndRunPlayerJava(SandboxedRobotPlayer.java:306)
[B: #10438@301] 	at battlecode.instrumenter.SandboxedRobotPlayer.loadAndRunPlayer(SandboxedRobotPlayer.java:268)
[B: #10438@301] 	at battlecode.instrumenter.SandboxedRobotPlayer.lambda$new$2(SandboxedRobotPlayer.java:202)
[B: #10438@301] 	at java.base/java.lang.Thread.run(Thread.java:1583)
[B: #11871@302] Going straight to cheese mine at [2, 2]
[B: #10560@302] Going straight to cheese mine at [17, 17]
[B: #11003@302] Can sense kingLoc [19, 4] ? false at distSquared 148
[B: #10438@302] GameActionException in RobotPlayer:
[B: #10438@302] battlecode.common.GameActionException: Target location is not on the map
[B: #10438@302] 	at battlecode.world.RobotControllerImpl.assertCanSenseLocation(RobotControllerImpl.java:217)
[B: #10438@302] 	at battlecode.world.RobotControllerImpl.senseMapInfo(RobotControllerImpl.java:646)
[B: #10438@302] 	at teacher08a.CatAttacker.runReportBack(CatAttacker.java:185)
[B: #10438@302] 	at teacher08a.CatAttacker.doAction(CatAttacker.java:37)
[B: #10438@302] 	at teacher08a.RobotPlayer.run(RobotPlayer.java:25)
[B: #10438@302] 	at java.base/jdk.internal.reflect.DirectMethodHandleAccessor.invoke(DirectMethodHandleAccessor.java:103)
[B: #10438@302] 	at java.base/java.lang.reflect.Method.invoke(Method.java:580)
[B: #10438@302] 	at battlecode.instrumenter.SandboxedRobotPlayer.loadAndRunPlayerJava(SandboxedRobotPlayer.java:306)
[B: #10438@302] 	at battlecode.instrumenter.SandboxedRobotPlayer.loadAndRunPlayer(SandboxedRobotPlayer.java:268)
[B: #10438@302] 	at battlecode.instrumenter.SandboxedRobotPlayer.lambda$new$2(SandboxedRobotPlayer.java:202)
[B: #10438@302] 	at java.base/java.lang.Thread.run(Thread.java:1583)
[B: #11871@303] Going straight to cheese mine at [2, 2]
[B: #10560@303] Going straight to cheese mine at [17, 17]
[B: #11003@303] Can sense kingLoc [19, 4] ? false at distSquared 125
[B: #10438@303] GameActionException in RobotPlayer:
[B: #10438@303] battlecode.common.GameActionException: Target location is not on the map
[B: #10438@303] 	at battlecode.world.RobotControllerImpl.assertCanSenseLocation(RobotControllerImpl.java:217)
[B: #10438@303] 	at battlecode.world.RobotControllerImpl.senseMapInfo(RobotControllerImpl.java:646)
[B: #10438@303] 	at teacher08a.CatAttacker.runReportBack(CatAttacker.java:185)
[B: #10438@303] 	at teacher08a.CatAttacker.doAction(CatAttacker.java:37)
[B: #10438@303] 	at teacher08a.RobotPlayer.run(RobotPlayer.java:25)
[B: #10438@303] 	at java.base/jdk.internal.reflect.DirectMethodHandleAccessor.invoke(DirectMethodHandleAccessor.java:103)
[B: #10438@303] 	at java.base/java.lang.reflect.Method.invoke(Method.java:580)
[B: #10438@303] 	at battlecode.instrumenter.SandboxedRobotPlayer.loadAndRunPlayerJava(SandboxedRobotPlayer.java:306)
[B: #10438@303] 	at battlecode.instrumenter.SandboxedRobotPlayer.loadAndRunPlayer(SandboxedRobotPlayer.java:268)
[B: #10438@303] 	at battlecode.instrumenter.SandboxedRobotPlayer.lambda$new$2(SandboxedRobotPlayer.java:202)
[B: #10438@303] 	at java.base/java.lang.Thread.run(Thread.java:1583)
[B: #11871@304] Can sense kingLoc [17, 2] ? false at distSquared 225
[B: #10560@304] Can sense kingLoc [19, 4] ? false at distSquared 122
[B: #11003@304] Can sense kingLoc [19, 4] ? false at distSquared 125
[B: #10438@304] GameActionException in RobotPlayer:
[B: #10438@304] battlecode.common.GameActionException: Target location is not on the map
[B: #10438@304] 	at battlecode.world.RobotControllerImpl.assertCanSenseLocation(RobotControllerImpl.java:217)
[B: #10438@304] 	at battlecode.world.RobotControllerImpl.senseMapInfo(RobotControllerImpl.java:646)
[B: #10438@304] 	at teacher08a.CatAttacker.runReportBack(CatAttacker.java:185)
[B: #10438@304] 	at teacher08a.CatAttacker.doAction(CatAttacker.java:37)
[B: #10438@304] 	at teacher08a.RobotPlayer.run(RobotPlayer.java:25)
[B: #10438@304] 	at java.base/jdk.internal.reflect.DirectMethodHandleAccessor.invoke(DirectMethodHandleAccessor.java:103)
[B: #10438@304] 	at java.base/java.lang.reflect.Method.invoke(Method.java:580)
[B: #10438@304] 	at battlecode.instrumenter.SandboxedRobotPlayer.loadAndRunPlayerJava(SandboxedRobotPlayer.java:306)
[B: #10438@304] 	at battlecode.instrumenter.SandboxedRobotPlayer.loadAndRunPlayer(SandboxedRobotPlayer.java:268)
[B: #10438@304] 	at battlecode.instrumenter.SandboxedRobotPlayer.lambda$new$2(SandboxedRobotPlayer.java:202)
[B: #10438@304] 	at java.base/java.lang.Thread.run(Thread.java:1583)
[B: #11871@305] Can sense kingLoc [17, 2] ? false at distSquared 225
[B: #10560@305] Can sense kingLoc [19, 4] ? false at distSquared 122
[B: #11003@305] Can sense kingLoc [19, 4] ? false at distSquared 104
[B: #10438@305] GameActionException in RobotPlayer:
[B: #10438@305] battlecode.common.GameActionException: Target location is not on the map
[B: #10438@305] 	at battlecode.world.RobotControllerImpl.assertCanSenseLocation(RobotControllerImpl.java:217)
[B: #10438@305] 	at battlecode.world.RobotControllerImpl.senseMapInfo(RobotControllerImpl.java:646)
[B: #10438@305] 	at teacher08a.CatAttacker.runReportBack(CatAttacker.java:185)
[B: #10438@305] 	at teacher08a.CatAttacker.doAction(CatAttacker.java:37)
[B: #10438@305] 	at teacher08a.RobotPlayer.run(RobotPlayer.java:25)
[B: #10438@305] 	at java.base/jdk.internal.reflect.DirectMethodHandleAccessor.invoke(DirectMethodHandleAccessor.java:103)
[B: #10438@305] 	at java.base/java.lang.reflect.Method.invoke(Method.java:580)
[B: #10438@305] 	at battlecode.instrumenter.SandboxedRobotPlayer.loadAndRunPlayerJava(SandboxedRobotPlayer.java:306)
[B: #10438@305] 	at battlecode.instrumenter.SandboxedRobotPlayer.loadAndRunPlayer(SandboxedRobotPlayer.java:268)
[B: #10438@305] 	at battlecode.instrumenter.SandboxedRobotPlayer.lambda$new$2(SandboxedRobotPlayer.java:202)
[B: #10438@305] 	at java.base/java.lang.Thread.run(Thread.java:1583)
[B: #11871@306] Can sense kingLoc [17, 2] ? false at distSquared 196
[B: #10560@306] Can sense kingLoc [19, 4] ? false at distSquared 101
[B: #11003@306] Can sense kingLoc [19, 4] ? false at distSquared 85
[B: #10438@306] GameActionException in RobotPlayer:
[B: #10438@306] battlecode.common.GameActionException: Target location is not on the map
[B: #10438@306] 	at battlecode.world.RobotControllerImpl.assertCanSenseLocation(RobotControllerImpl.java:217)
[B: #10438@306] 	at battlecode.world.RobotControllerImpl.senseMapInfo(RobotControllerImpl.java:646)
[B: #10438@306] 	at teacher08a.CatAttacker.runReportBack(CatAttacker.java:185)
[B: #10438@306] 	at teacher08a.CatAttacker.doAction(CatAttacker.java:37)
[B: #10438@306] 	at teacher08a.RobotPlayer.run(RobotPlayer.java:25)
[B: #10438@306] 	at java.base/jdk.internal.reflect.DirectMethodHandleAccessor.invoke(DirectMethodHandleAccessor.java:103)
[B: #10438@306] 	at java.base/java.lang.reflect.Method.invoke(Method.java:580)
[B: #10438@306] 	at battlecode.instrumenter.SandboxedRobotPlayer.loadAndRunPlayerJava(SandboxedRobotPlayer.java:306)
[B: #10438@306] 	at battlecode.instrumenter.SandboxedRobotPlayer.loadAndRunPlayer(SandboxedRobotPlayer.java:268)
[B: #10438@306] 	at battlecode.instrumenter.SandboxedRobotPlayer.lambda$new$2(SandboxedRobotPlayer.java:202)
[B: #10438@306] 	at java.base/java.lang.Thread.run(Thread.java:1583)
[B: #11871@307] Can sense kingLoc [17, 2] ? false at distSquared 196
[B: #10560@307] Can sense kingLoc [19, 4] ? false at distSquared 101
[B: #11003@307] Can sense kingLoc [19, 4] ? false at distSquared 85
[B: #10438@307] GameActionException in RobotPlayer:
[B: #10438@307] battlecode.common.GameActionException: Target location is not on the map
[B: #10438@307] 	at battlecode.world.RobotControllerImpl.assertCanSenseLocation(RobotControllerImpl.java:217)
[B: #10438@307] 	at battlecode.world.RobotControllerImpl.senseMapInfo(RobotControllerImpl.java:646)
[B: #10438@307] 	at teacher08a.CatAttacker.runReportBack(CatAttacker.java:185)
[B: #10438@307] 	at teacher08a.CatAttacker.doAction(CatAttacker.java:37)
[B: #10438@307] 	at teacher08a.RobotPlayer.run(RobotPlayer.java:25)
[B: #10438@307] 	at java.base/jdk.internal.reflect.DirectMethodHandleAccessor.invoke(DirectMethodHandleAccessor.java:103)
[B: #10438@307] 	at java.base/java.lang.reflect.Method.invoke(Method.java:580)
[B: #10438@307] 	at battlecode.instrumenter.SandboxedRobotPlayer.loadAndRunPlayerJava(SandboxedRobotPlayer.java:306)
[B: #10438@307] 	at battlecode.instrumenter.SandboxedRobotPlayer.loadAndRunPlayer(SandboxedRobotPlayer.java:268)
[B: #10438@307] 	at battlecode.instrumenter.SandboxedRobotPlayer.lambda$new$2(SandboxedRobotPlayer.java:202)
[B: #10438@307] 	at java.base/java.lang.Thread.run(Thread.java:1583)
[B: #11871@308] Can sense kingLoc [17, 2] ? false at distSquared 169
[B: #10560@308] Can sense kingLoc [19, 4] ? false at distSquared 101
[B: #11003@308] Can sense kingLoc [19, 4] ? false at distSquared 68
[B: #10438@308] GameActionException in RobotPlayer:
[B: #10438@308] battlecode.common.GameActionException: Target location is not on the map
[B: #10438@308] 	at battlecode.world.RobotControllerImpl.assertCanSenseLocation(RobotControllerImpl.java:217)
[B: #10438@308] 	at battlecode.world.RobotControllerImpl.senseMapInfo(RobotControllerImpl.java:646)
[B: #10438@308] 	at teacher08a.CatAttacker.runReportBack(CatAttacker.java:185)
[B: #10438@308] 	at teacher08a.CatAttacker.doAction(CatAttacker.java:37)
[B: #10438@308] 	at teacher08a.RobotPlayer.run(RobotPlayer.java:25)
[B: #10438@308] 	at java.base/jdk.internal.reflect.DirectMethodHandleAccessor.invoke(DirectMethodHandleAccessor.java:103)
[B: #10438@308] 	at java.base/java.lang.reflect.Method.invoke(Method.java:580)
[B: #10438@308] 	at battlecode.instrumenter.SandboxedRobotPlayer.loadAndRunPlayerJava(SandboxedRobotPlayer.java:306)
[B: #10438@308] 	at battlecode.instrumenter.SandboxedRobotPlayer.loadAndRunPlayer(SandboxedRobotPlayer.java:268)
[B: #10438@308] 	at battlecode.instrumenter.SandboxedRobotPlayer.lambda$new$2(SandboxedRobotPlayer.java:202)
[B: #10438@308] 	at java.base/java.lang.Thread.run(Thread.java:1583)
[B: #11871@309] Can sense kingLoc [17, 2] ? false at distSquared 169
[B: #10560@309] Can sense kingLoc [19, 4] ? false at distSquared 82
[B: #11003@309] Can sense kingLoc [19, 4] ? false at distSquared 53
[B: #10438@309] GameActionException in RobotPlayer:
[B: #10438@309] battlecode.common.GameActionException: Target location is not on the map
[B: #10438@309] 	at battlecode.world.RobotControllerImpl.assertCanSenseLocation(RobotControllerImpl.java:217)
[B: #10438@309] 	at battlecode.world.RobotControllerImpl.senseMapInfo(RobotControllerImpl.java:646)
[B: #10438@309] 	at teacher08a.CatAttacker.runReportBack(CatAttacker.java:185)
[B: #10438@309] 	at teacher08a.CatAttacker.doAction(CatAttacker.java:37)
[B: #10438@309] 	at teacher08a.RobotPlayer.run(RobotPlayer.java:25)
[B: #10438@309] 	at java.base/jdk.internal.reflect.DirectMethodHandleAccessor.invoke(DirectMethodHandleAccessor.java:103)
[B: #10438@309] 	at java.base/java.lang.reflect.Method.invoke(Method.java:580)
[B: #10438@309] 	at battlecode.instrumenter.SandboxedRobotPlayer.loadAndRunPlayerJava(SandboxedRobotPlayer.java:306)
[B: #10438@309] 	at battlecode.instrumenter.SandboxedRobotPlayer.loadAndRunPlayer(SandboxedRobotPlayer.java:268)
[B: #10438@309] 	at battlecode.instrumenter.SandboxedRobotPlayer.lambda$new$2(SandboxedRobotPlayer.java:202)
[B: #10438@309] 	at java.base/java.lang.Thread.run(Thread.java:1583)
[B: #11871@310] Can sense kingLoc [17, 2] ? false at distSquared 144
[B: #10560@310] Can sense kingLoc [19, 4] ? false at distSquared 82
[B: #11003@310] Can sense kingLoc [19, 4] ? false at distSquared 40
[B: #10438@310] GameActionException in RobotPlayer:
[B: #10438@310] battlecode.common.GameActionException: Target location is not on the map
[B: #10438@310] 	at battlecode.world.RobotControllerImpl.assertCanSenseLocation(RobotControllerImpl.java:217)
[B: #10438@310] 	at battlecode.world.RobotControllerImpl.senseMapInfo(RobotControllerImpl.java:646)
[B: #10438@310] 	at teacher08a.CatAttacker.runReportBack(CatAttacker.java:185)
[B: #10438@310] 	at teacher08a.CatAttacker.doAction(CatAttacker.java:37)
[B: #10438@310] 	at teacher08a.RobotPlayer.run(RobotPlayer.java:25)
[B: #10438@310] 	at java.base/jdk.internal.reflect.DirectMethodHandleAccessor.invoke(DirectMethodHandleAccessor.java:103)
[B: #10438@310] 	at java.base/java.lang.reflect.Method.invoke(Method.java:580)
[B: #10438@310] 	at battlecode.instrumenter.SandboxedRobotPlayer.loadAndRunPlayerJava(SandboxedRobotPlayer.java:306)
[B: #10438@310] 	at battlecode.instrumenter.SandboxedRobotPlayer.loadAndRunPlayer(SandboxedRobotPlayer.java:268)
[B: #10438@310] 	at battlecode.instrumenter.SandboxedRobotPlayer.lambda$new$2(SandboxedRobotPlayer.java:202)
[B: #10438@310] 	at java.base/java.lang.Thread.run(Thread.java:1583)
[B: #11871@311] Can sense kingLoc [17, 2] ? false at distSquared 144
[B: #10560@311] Can sense kingLoc [19, 4] ? false at distSquared 65
[B: #11003@311] Can sense kingLoc [19, 4] ? false at distSquared 40
[B: #10438@311] GameActionException in RobotPlayer:
[B: #10438@311] battlecode.common.GameActionException: Target location is not on the map
[B: #10438@311] 	at battlecode.world.RobotControllerImpl.assertCanSenseLocation(RobotControllerImpl.java:217)
[B: #10438@311] 	at battlecode.world.RobotControllerImpl.senseMapInfo(RobotControllerImpl.java:646)
[B: #10438@311] 	at teacher08a.CatAttacker.runReportBack(CatAttacker.java:185)
[B: #10438@311] 	at teacher08a.CatAttacker.doAction(CatAttacker.java:37)
[B: #10438@311] 	at teacher08a.RobotPlayer.run(RobotPlayer.java:25)
[B: #10438@311] 	at java.base/jdk.internal.reflect.DirectMethodHandleAccessor.invoke(DirectMethodHandleAccessor.java:103)
[B: #10438@311] 	at java.base/java.lang.reflect.Method.invoke(Method.java:580)
[B: #10438@311] 	at battlecode.instrumenter.SandboxedRobotPlayer.loadAndRunPlayerJava(SandboxedRobotPlayer.java:306)
[B: #10438@311] 	at battlecode.instrumenter.SandboxedRobotPlayer.loadAndRunPlayer(SandboxedRobotPlayer.java:268)
[B: #10438@311] 	at battlecode.instrumenter.SandboxedRobotPlayer.lambda$new$2(SandboxedRobotPlayer.java:202)
[B: #10438@311] 	at java.base/java.lang.Thread.run(Thread.java:1583)
[B: #11871@312] Can sense kingLoc [17, 2] ? false at distSquared 121
[B: #10560@312] Can sense kingLoc [19, 4] ? false at distSquared 65
[B: #11003@312] Can sense kingLoc [19, 4] ? false at distSquared 29
[B: #10438@312] GameActionException in RobotPlayer:
[B: #10438@312] battlecode.common.GameActionException: Target location is not on the map
[B: #10438@312] 	at battlecode.world.RobotControllerImpl.assertCanSenseLocation(RobotControllerImpl.java:217)
[B: #10438@312] 	at battlecode.world.RobotControllerImpl.senseMapInfo(RobotControllerImpl.java:646)
[B: #10438@312] 	at teacher08a.CatAttacker.runReportBack(CatAttacker.java:185)
[B: #10438@312] 	at teacher08a.CatAttacker.doAction(CatAttacker.java:37)
[B: #10438@312] 	at teacher08a.RobotPlayer.run(RobotPlayer.java:25)
[B: #10438@312] 	at java.base/jdk.internal.reflect.DirectMethodHandleAccessor.invoke(DirectMethodHandleAccessor.java:103)
[B: #10438@312] 	at java.base/java.lang.reflect.Method.invoke(Method.java:580)
[B: #10438@312] 	at battlecode.instrumenter.SandboxedRobotPlayer.loadAndRunPlayerJava(SandboxedRobotPlayer.java:306)
[B: #10438@312] 	at battlecode.instrumenter.SandboxedRobotPlayer.loadAndRunPlayer(SandboxedRobotPlayer.java:268)
[B: #10438@312] 	at battlecode.instrumenter.SandboxedRobotPlayer.lambda$new$2(SandboxedRobotPlayer.java:202)
[B: #10438@312] 	at java.base/java.lang.Thread.run(Thread.java:1583)
[B: #11871@313] Can sense kingLoc [17, 2] ? false at distSquared 121
[B: #10560@313] Can sense kingLoc [19, 4] ? false at distSquared 50
[B: #11003@313] Can sense kingLoc [19, 4] ? true at distSquared 20
[B: #10438@313] GameActionException in RobotPlayer:
[B: #10438@313] battlecode.common.GameActionException: Target location is not on the map
[B: #10438@313] 	at battlecode.world.RobotControllerImpl.assertCanSenseLocation(RobotControllerImpl.java:217)
[B: #10438@313] 	at battlecode.world.RobotControllerImpl.senseMapInfo(RobotControllerImpl.java:646)
[B: #10438@313] 	at teacher08a.CatAttacker.runReportBack(CatAttacker.java:185)
[B: #10438@313] 	at teacher08a.CatAttacker.doAction(CatAttacker.java:37)
[B: #10438@313] 	at teacher08a.RobotPlayer.run(RobotPlayer.java:25)
[B: #10438@313] 	at java.base/jdk.internal.reflect.DirectMethodHandleAccessor.invoke(DirectMethodHandleAccessor.java:103)
[B: #10438@313] 	at java.base/java.lang.reflect.Method.invoke(Method.java:580)
[B: #10438@313] 	at battlecode.instrumenter.SandboxedRobotPlayer.loadAndRunPlayerJava(SandboxedRobotPlayer.java:306)
[B: #10438@313] 	at battlecode.instrumenter.SandboxedRobotPlayer.loadAndRunPlayer(SandboxedRobotPlayer.java:268)
[B: #10438@313] 	at battlecode.instrumenter.SandboxedRobotPlayer.lambda$new$2(SandboxedRobotPlayer.java:202)
[B: #10438@313] 	at java.base/java.lang.Thread.run(Thread.java:1583)
[B: #11871@314] Can sense kingLoc [17, 2] ? false at distSquared 100
[B: #10560@314] Can sense kingLoc [19, 4] ? false at distSquared 50
[B: #11003@314] Going straight to cheese mine at [2, 2]
[B: #10438@314] GameActionException in RobotPlayer:
[B: #10438@314] battlecode.common.GameActionException: Target location is not on the map
[B: #10438@314] 	at battlecode.world.RobotControllerImpl.assertCanSenseLocation(RobotControllerImpl.java:217)
[B: #10438@314] 	at battlecode.world.RobotControllerImpl.senseMapInfo(RobotControllerImpl.java:646)
[B: #10438@314] 	at teacher08a.CatAttacker.runReportBack(CatAttacker.java:185)
[B: #10438@314] 	at teacher08a.CatAttacker.doAction(CatAttacker.java:37)
[B: #10438@314] 	at teacher08a.RobotPlayer.run(RobotPlayer.java:25)
[B: #10438@314] 	at java.base/jdk.internal.reflect.DirectMethodHandleAccessor.invoke(DirectMethodHandleAccessor.java:103)
[B: #10438@314] 	at java.base/java.lang.reflect.Method.invoke(Method.java:580)
[B: #10438@314] 	at battlecode.instrumenter.SandboxedRobotPlayer.loadAndRunPlayerJava(SandboxedRobotPlayer.java:306)
[B: #10438@314] 	at battlecode.instrumenter.SandboxedRobotPlayer.loadAndRunPlayer(SandboxedRobotPlayer.java:268)
[B: #10438@314] 	at battlecode.instrumenter.SandboxedRobotPlayer.lambda$new$2(SandboxedRobotPlayer.java:202)
[B: #10438@314] 	at java.base/java.lang.Thread.run(Thread.java:1583)
[B: #11871@315] Can sense kingLoc [17, 2] ? false at distSquared 81
[B: #10560@315] Can sense kingLoc [19, 4] ? false at distSquared 37
[B: #11003@315] Going straight to cheese mine at [2, 2]
[B: #10438@315] GameActionException in RobotPlayer:
[B: #10438@315] battlecode.common.GameActionException: Target location is not on the map
[B: #10438@315] 	at battlecode.world.RobotControllerImpl.assertCanSenseLocation(RobotControllerImpl.java:217)
[B: #10438@315] 	at battlecode.world.RobotControllerImpl.senseMapInfo(RobotControllerImpl.java:646)
[B: #10438@315] 	at teacher08a.CatAttacker.runReportBack(CatAttacker.java:185)
[B: #10438@315] 	at teacher08a.CatAttacker.doAction(CatAttacker.java:37)
[B: #10438@315] 	at teacher08a.RobotPlayer.run(RobotPlayer.java:25)
[B: #10438@315] 	at java.base/jdk.internal.reflect.DirectMethodHandleAccessor.invoke(DirectMethodHandleAccessor.java:103)
[B: #10438@315] 	at java.base/java.lang.reflect.Method.invoke(Method.java:580)
[B: #10438@315] 	at battlecode.instrumenter.SandboxedRobotPlayer.loadAndRunPlayerJava(SandboxedRobotPlayer.java:306)
[B: #10438@315] 	at battlecode.instrumenter.SandboxedRobotPlayer.loadAndRunPlayer(SandboxedRobotPlayer.java:268)
[B: #10438@315] 	at battlecode.instrumenter.SandboxedRobotPlayer.lambda$new$2(SandboxedRobotPlayer.java:202)
[B: #10438@315] 	at java.base/java.lang.Thread.run(Thread.java:1583)
[B: #11871@316] Can sense kingLoc [17, 2] ? false at distSquared 64
[B: #10560@316] Can sense kingLoc [19, 4] ? false at distSquared 37
[B: #11003@316] Going straight to cheese mine at [2, 2]
[B: #10438@316] GameActionException in RobotPlayer:
[B: #10438@316] battlecode.common.GameActionException: Target location is not on the map
[B: #10438@316] 	at battlecode.world.RobotControllerImpl.assertCanSenseLocation(RobotControllerImpl.java:217)
[B: #10438@316] 	at battlecode.world.RobotControllerImpl.senseMapInfo(RobotControllerImpl.java:646)
[B: #10438@316] 	at teacher08a.CatAttacker.runReportBack(CatAttacker.java:185)
[B: #10438@316] 	at teacher08a.CatAttacker.doAction(CatAttacker.java:37)
[B: #10438@316] 	at teacher08a.RobotPlayer.run(RobotPlayer.java:25)
[B: #10438@316] 	at java.base/jdk.internal.reflect.DirectMethodHandleAccessor.invoke(DirectMethodHandleAccessor.java:103)
[B: #10438@316] 	at java.base/java.lang.reflect.Method.invoke(Method.java:580)
[B: #10438@316] 	at battlecode.instrumenter.SandboxedRobotPlayer.loadAndRunPlayerJava(SandboxedRobotPlayer.java:306)
[B: #10438@316] 	at battlecode.instrumenter.SandboxedRobotPlayer.loadAndRunPlayer(SandboxedRobotPlayer.java:268)
[B: #10438@316] 	at battlecode.instrumenter.SandboxedRobotPlayer.lambda$new$2(SandboxedRobotPlayer.java:202)
[B: #10438@316] 	at java.base/java.lang.Thread.run(Thread.java:1583)
[B: #11871@317] Can sense kingLoc [17, 2] ? false at distSquared 64
[B: #10560@317] Can sense kingLoc [19, 4] ? false at distSquared 26
[B: #11003@317] Going straight to cheese mine at [2, 2]
[B: #10438@317] GameActionException in RobotPlayer:
[B: #10438@317] battlecode.common.GameActionException: Target location is not on the map
[B: #10438@317] 	at battlecode.world.RobotControllerImpl.assertCanSenseLocation(RobotControllerImpl.java:217)
[B: #10438@317] 	at battlecode.world.RobotControllerImpl.senseMapInfo(RobotControllerImpl.java:646)
[B: #10438@317] 	at teacher08a.CatAttacker.runReportBack(CatAttacker.java:185)
[B: #10438@317] 	at teacher08a.CatAttacker.doAction(CatAttacker.java:37)
[B: #10438@317] 	at teacher08a.RobotPlayer.run(RobotPlayer.java:25)
[B: #10438@317] 	at java.base/jdk.internal.reflect.DirectMethodHandleAccessor.invoke(DirectMethodHandleAccessor.java:103)
[B: #10438@317] 	at java.base/java.lang.reflect.Method.invoke(Method.java:580)
[B: #10438@317] 	at battlecode.instrumenter.SandboxedRobotPlayer.loadAndRunPlayerJava(SandboxedRobotPlayer.java:306)
[B: #10438@317] 	at battlecode.instrumenter.SandboxedRobotPlayer.loadAndRunPlayer(SandboxedRobotPlayer.java:268)
[B: #10438@317] 	at battlecode.instrumenter.SandboxedRobotPlayer.lambda$new$2(SandboxedRobotPlayer.java:202)
[B: #10438@317] 	at java.base/java.lang.Thread.run(Thread.java:1583)
[B: #11871@318] Can sense kingLoc [17, 2] ? false at distSquared 49
[B: #10560@318] Can sense kingLoc [19, 4] ? false at distSquared 26
[B: #11003@318] Going straight to cheese mine at [2, 2]
[B: #10438@318] GameActionException in RobotPlayer:
[B: #10438@318] battlecode.common.GameActionException: Target location is not on the map
[B: #10438@318] 	at battlecode.world.RobotControllerImpl.assertCanSenseLocation(RobotControllerImpl.java:217)
[B: #10438@318] 	at battlecode.world.RobotControllerImpl.senseMapInfo(RobotControllerImpl.java:646)
[B: #10438@318] 	at teacher08a.CatAttacker.runReportBack(CatAttacker.java:185)
[B: #10438@318] 	at teacher08a.CatAttacker.doAction(CatAttacker.java:37)
[B: #10438@318] 	at teacher08a.RobotPlayer.run(RobotPlayer.java:25)
[B: #10438@318] 	at java.base/jdk.internal.reflect.DirectMethodHandleAccessor.invoke(DirectMethodHandleAccessor.java:103)
[B: #10438@318] 	at java.base/java.lang.reflect.Method.invoke(Method.java:580)
[B: #10438@318] 	at battlecode.instrumenter.SandboxedRobotPlayer.loadAndRunPlayerJava(SandboxedRobotPlayer.java:306)
[B: #10438@318] 	at battlecode.instrumenter.SandboxedRobotPlayer.loadAndRunPlayer(SandboxedRobotPlayer.java:268)
[B: #10438@318] 	at battlecode.instrumenter.SandboxedRobotPlayer.lambda$new$2(SandboxedRobotPlayer.java:202)
[B: #10438@318] 	at java.base/java.lang.Thread.run(Thread.java:1583)
[B: #11871@319] Can sense kingLoc [17, 2] ? false at distSquared 36
[B: #10560@319] Can sense kingLoc [19, 4] ? false at distSquared 26
[B: #11003@319] Going straight to cheese mine at [2, 2]
[B: #10438@319] GameActionException in RobotPlayer:
[B: #10438@319] battlecode.common.GameActionException: Target location is not on the map
[B: #10438@319] 	at battlecode.world.RobotControllerImpl.assertCanSenseLocation(RobotControllerImpl.java:217)
[B: #10438@319] 	at battlecode.world.RobotControllerImpl.senseMapInfo(RobotControllerImpl.java:646)
[B: #10438@319] 	at teacher08a.CatAttacker.runReportBack(CatAttacker.java:185)
[B: #10438@319] 	at teacher08a.CatAttacker.doAction(CatAttacker.java:37)
[B: #10438@319] 	at teacher08a.RobotPlayer.run(RobotPlayer.java:25)
[B: #10438@319] 	at java.base/jdk.internal.reflect.DirectMethodHandleAccessor.invoke(DirectMethodHandleAccessor.java:103)
[B: #10438@319] 	at java.base/java.lang.reflect.Method.invoke(Method.java:580)
[B: #10438@319] 	at battlecode.instrumenter.SandboxedRobotPlayer.loadAndRunPlayerJava(SandboxedRobotPlayer.java:306)
[B: #10438@319] 	at battlecode.instrumenter.SandboxedRobotPlayer.loadAndRunPlayer(SandboxedRobotPlayer.java:268)
[B: #10438@319] 	at battlecode.instrumenter.SandboxedRobotPlayer.lambda$new$2(SandboxedRobotPlayer.java:202)
[B: #10438@319] 	at java.base/java.lang.Thread.run(Thread.java:1583)
[B: #11871@320] Can sense kingLoc [17, 2] ? false at distSquared 36
[B: #10560@320] Can sense kingLoc [19, 4] ? true at distSquared 17
[B: #11003@320] Going straight to cheese mine at [2, 2]
[B: #10438@320] GameActionException in RobotPlayer:
[B: #10438@320] battlecode.common.GameActionException: Target location is not on the map
[B: #10438@320] 	at battlecode.world.RobotControllerImpl.assertCanSenseLocation(RobotControllerImpl.java:217)
[B: #10438@320] 	at battlecode.world.RobotControllerImpl.senseMapInfo(RobotControllerImpl.java:646)
[B: #10438@320] 	at teacher08a.CatAttacker.runReportBack(CatAttacker.java:185)
[B: #10438@320] 	at teacher08a.CatAttacker.doAction(CatAttacker.java:37)
[B: #10438@320] 	at teacher08a.RobotPlayer.run(RobotPlayer.java:25)
[B: #10438@320] 	at java.base/jdk.internal.reflect.DirectMethodHandleAccessor.invoke(DirectMethodHandleAccessor.java:103)
[B: #10438@320] 	at java.base/java.lang.reflect.Method.invoke(Method.java:580)
[B: #10438@320] 	at battlecode.instrumenter.SandboxedRobotPlayer.loadAndRunPlayerJava(SandboxedRobotPlayer.java:306)
[B: #10438@320] 	at battlecode.instrumenter.SandboxedRobotPlayer.loadAndRunPlayer(SandboxedRobotPlayer.java:268)
[B: #10438@320] 	at battlecode.instrumenter.SandboxedRobotPlayer.lambda$new$2(SandboxedRobotPlayer.java:202)
[B: #10438@320] 	at java.base/java.lang.Thread.run(Thread.java:1583)
[B: #11871@321] Can sense kingLoc [17, 2] ? false at distSquared 36
[B: #10560@321] Going straight to cheese mine at [17, 17]
[B: #11003@321] Going straight to cheese mine at [2, 2]
[B: #10438@321] GameActionException in RobotPlayer:
[B: #10438@321] battlecode.common.GameActionException: Target location is not on the map
[B: #10438@321] 	at battlecode.world.RobotControllerImpl.assertCanSenseLocation(RobotControllerImpl.java:217)
[B: #10438@321] 	at battlecode.world.RobotControllerImpl.senseMapInfo(RobotControllerImpl.java:646)
[B: #10438@321] 	at teacher08a.CatAttacker.runReportBack(CatAttacker.java:185)
[B: #10438@321] 	at teacher08a.CatAttacker.doAction(CatAttacker.java:37)
[B: #10438@321] 	at teacher08a.RobotPlayer.run(RobotPlayer.java:25)
[B: #10438@321] 	at java.base/jdk.internal.reflect.DirectMethodHandleAccessor.invoke(DirectMethodHandleAccessor.java:103)
[B: #10438@321] 	at java.base/java.lang.reflect.Method.invoke(Method.java:580)
[B: #10438@321] 	at battlecode.instrumenter.SandboxedRobotPlayer.loadAndRunPlayerJava(SandboxedRobotPlayer.java:306)
[B: #10438@321] 	at battlecode.instrumenter.SandboxedRobotPlayer.loadAndRunPlayer(SandboxedRobotPlayer.java:268)
[B: #10438@321] 	at battlecode.instrumenter.SandboxedRobotPlayer.lambda$new$2(SandboxedRobotPlayer.java:202)
[B: #10438@321] 	at java.base/java.lang.Thread.run(Thread.java:1583)
[B: #11871@322] Can sense kingLoc [17, 2] ? false at distSquared 36
[B: #10560@322] Going straight to cheese mine at [17, 17]
[B: #11003@322] Going straight to cheese mine at [2, 2]
[B: #10438@322] GameActionException in RobotPlayer:
[B: #10438@322] battlecode.common.GameActionException: Target location is not on the map
[B: #10438@322] 	at battlecode.world.RobotControllerImpl.assertCanSenseLocation(RobotControllerImpl.java:217)
[B: #10438@322] 	at battlecode.world.RobotControllerImpl.senseMapInfo(RobotControllerImpl.java:646)
[B: #10438@322] 	at teacher08a.CatAttacker.runReportBack(CatAttacker.java:185)
[B: #10438@322] 	at teacher08a.CatAttacker.doAction(CatAttacker.java:37)
[B: #10438@322] 	at teacher08a.RobotPlayer.run(RobotPlayer.java:25)
[B: #10438@322] 	at java.base/jdk.internal.reflect.DirectMethodHandleAccessor.invoke(DirectMethodHandleAccessor.java:103)
[B: #10438@322] 	at java.base/java.lang.reflect.Method.invoke(Method.java:580)
[B: #10438@322] 	at battlecode.instrumenter.SandboxedRobotPlayer.loadAndRunPlayerJava(SandboxedRobotPlayer.java:306)
[B: #10438@322] 	at battlecode.instrumenter.SandboxedRobotPlayer.loadAndRunPlayer(SandboxedRobotPlayer.java:268)
[B: #10438@322] 	at battlecode.instrumenter.SandboxedRobotPlayer.lambda$new$2(SandboxedRobotPlayer.java:202)
[B: #10438@322] 	at java.base/java.lang.Thread.run(Thread.java:1583)
[B: #11871@323] Can sense kingLoc [17, 2] ? false at distSquared 36
[B: #10560@323] Going straight to cheese mine at [17, 17]
[B: #11003@323] Going straight to cheese mine at [2, 2]
[B: #10438@323] GameActionException in RobotPlayer:
[B: #10438@323] battlecode.common.GameActionException: Target location is not on the map
[B: #10438@323] 	at battlecode.world.RobotControllerImpl.assertCanSenseLocation(RobotControllerImpl.java:217)
[B: #10438@323] 	at battlecode.world.RobotControllerImpl.senseMapInfo(RobotControllerImpl.java:646)
[B: #10438@323] 	at teacher08a.CatAttacker.runReportBack(CatAttacker.java:185)
[B: #10438@323] 	at teacher08a.CatAttacker.doAction(CatAttacker.java:37)
[B: #10438@323] 	at teacher08a.RobotPlayer.run(RobotPlayer.java:25)
[B: #10438@323] 	at java.base/jdk.internal.reflect.DirectMethodHandleAccessor.invoke(DirectMethodHandleAccessor.java:103)
[B: #10438@323] 	at java.base/java.lang.reflect.Method.invoke(Method.java:580)
[B: #10438@323] 	at battlecode.instrumenter.SandboxedRobotPlayer.loadAndRunPlayerJava(SandboxedRobotPlayer.java:306)
[B: #10438@323] 	at battlecode.instrumenter.SandboxedRobotPlayer.loadAndRunPlayer(SandboxedRobotPlayer.java:268)
[B: #10438@323] 	at battlecode.instrumenter.SandboxedRobotPlayer.lambda$new$2(SandboxedRobotPlayer.java:202)
[B: #10438@323] 	at java.base/java.lang.Thread.run(Thread.java:1583)
[B: #11871@324] Can sense kingLoc [17, 2] ? false at distSquared 36
[B: #10560@324] Going straight to cheese mine at [17, 17]
[B: #11003@324] Going straight to cheese mine at [2, 2]
[B: #10438@324] GameActionException in RobotPlayer:
[B: #10438@324] battlecode.common.GameActionException: Target location is not on the map
[B: #10438@324] 	at battlecode.world.RobotControllerImpl.assertCanSenseLocation(RobotControllerImpl.java:217)
[B: #10438@324] 	at battlecode.world.RobotControllerImpl.senseMapInfo(RobotControllerImpl.java:646)
[B: #10438@324] 	at teacher08a.CatAttacker.runReportBack(CatAttacker.java:185)
[B: #10438@324] 	at teacher08a.CatAttacker.doAction(CatAttacker.java:37)
[B: #10438@324] 	at teacher08a.RobotPlayer.run(RobotPlayer.java:25)
[B: #10438@324] 	at java.base/jdk.internal.reflect.DirectMethodHandleAccessor.invoke(DirectMethodHandleAccessor.java:103)
[B: #10438@324] 	at java.base/java.lang.reflect.Method.invoke(Method.java:580)
[B: #10438@324] 	at battlecode.instrumenter.SandboxedRobotPlayer.loadAndRunPlayerJava(SandboxedRobotPlayer.java:306)
[B: #10438@324] 	at battlecode.instrumenter.SandboxedRobotPlayer.loadAndRunPlayer(SandboxedRobotPlayer.java:268)
[B: #10438@324] 	at battlecode.instrumenter.SandboxedRobotPlayer.lambda$new$2(SandboxedRobotPlayer.java:202)
[B: #10438@324] 	at java.base/java.lang.Thread.run(Thread.java:1583)
[B: #11871@325] Can sense kingLoc [17, 2] ? false at distSquared 36
[B: #10560@325] Going straight to cheese mine at [17, 17]
[B: #11003@325] Going straight to cheese mine at [2, 2]
[B: #10438@325] GameActionException in RobotPlayer:
[B: #10438@325] battlecode.common.GameActionException: Target location is not on the map
[B: #10438@325] 	at battlecode.world.RobotControllerImpl.assertCanSenseLocation(RobotControllerImpl.java:217)
[B: #10438@325] 	at battlecode.world.RobotControllerImpl.senseMapInfo(RobotControllerImpl.java:646)
[B: #10438@325] 	at teacher08a.CatAttacker.runReportBack(CatAttacker.java:185)
[B: #10438@325] 	at teacher08a.CatAttacker.doAction(CatAttacker.java:37)
[B: #10438@325] 	at teacher08a.RobotPlayer.run(RobotPlayer.java:25)
[B: #10438@325] 	at java.base/jdk.internal.reflect.DirectMethodHandleAccessor.invoke(DirectMethodHandleAccessor.java:103)
[B: #10438@325] 	at java.base/java.lang.reflect.Method.invoke(Method.java:580)
[B: #10438@325] 	at battlecode.instrumenter.SandboxedRobotPlayer.loadAndRunPlayerJava(SandboxedRobotPlayer.java:306)
[B: #10438@325] 	at battlecode.instrumenter.SandboxedRobotPlayer.loadAndRunPlayer(SandboxedRobotPlayer.java:268)
[B: #10438@325] 	at battlecode.instrumenter.SandboxedRobotPlayer.lambda$new$2(SandboxedRobotPlayer.java:202)
[B: #10438@325] 	at java.base/java.lang.Thread.run(Thread.java:1583)
[B: #11871@326] Can sense kingLoc [17, 2] ? false at distSquared 36
[B: #10560@326] Going straight to cheese mine at [17, 17]
[B: #11003@326] Going straight to cheese mine at [2, 2]
[B: #10438@326] GameActionException in RobotPlayer:
[B: #10438@326] battlecode.common.GameActionException: Target location is not on the map
[B: #10438@326] 	at battlecode.world.RobotControllerImpl.assertCanSenseLocation(RobotControllerImpl.java:217)
[B: #10438@326] 	at battlecode.world.RobotControllerImpl.senseMapInfo(RobotControllerImpl.java:646)
[B: #10438@326] 	at teacher08a.CatAttacker.runReportBack(CatAttacker.java:185)
[B: #10438@326] 	at teacher08a.CatAttacker.doAction(CatAttacker.java:37)
[B: #10438@326] 	at teacher08a.RobotPlayer.run(RobotPlayer.java:25)
[B: #10438@326] 	at java.base/jdk.internal.reflect.DirectMethodHandleAccessor.invoke(DirectMethodHandleAccessor.java:103)
[B: #10438@326] 	at java.base/java.lang.reflect.Method.invoke(Method.java:580)
[B: #10438@326] 	at battlecode.instrumenter.SandboxedRobotPlayer.loadAndRunPlayerJava(SandboxedRobotPlayer.java:306)
[B: #10438@326] 	at battlecode.instrumenter.SandboxedRobotPlayer.loadAndRunPlayer(SandboxedRobotPlayer.java:268)
[B: #10438@326] 	at battlecode.instrumenter.SandboxedRobotPlayer.lambda$new$2(SandboxedRobotPlayer.java:202)
[B: #10438@326] 	at java.base/java.lang.Thread.run(Thread.java:1583)
[B: #11871@327] Can sense kingLoc [17, 2] ? false at distSquared 36
[B: #10560@327] Going straight to cheese mine at [17, 17]
[B: #11003@327] Going straight to cheese mine at [2, 2]
[B: #10438@327] GameActionException in RobotPlayer:
[B: #10438@327] battlecode.common.GameActionException: Target location is not on the map
[B: #10438@327] 	at battlecode.world.RobotControllerImpl.assertCanSenseLocation(RobotControllerImpl.java:217)
[B: #10438@327] 	at battlecode.world.RobotControllerImpl.senseMapInfo(RobotControllerImpl.java:646)
[B: #10438@327] 	at teacher08a.CatAttacker.runReportBack(CatAttacker.java:185)
[B: #10438@327] 	at teacher08a.CatAttacker.doAction(CatAttacker.java:37)
[B: #10438@327] 	at teacher08a.RobotPlayer.run(RobotPlayer.java:25)
[B: #10438@327] 	at java.base/jdk.internal.reflect.DirectMethodHandleAccessor.invoke(DirectMethodHandleAccessor.java:103)
[B: #10438@327] 	at java.base/java.lang.reflect.Method.invoke(Method.java:580)
[B: #10438@327] 	at battlecode.instrumenter.SandboxedRobotPlayer.loadAndRunPlayerJava(SandboxedRobotPlayer.java:306)
[B: #10438@327] 	at battlecode.instrumenter.SandboxedRobotPlayer.loadAndRunPlayer(SandboxedRobotPlayer.java:268)
[B: #10438@327] 	at battlecode.instrumenter.SandboxedRobotPlayer.lambda$new$2(SandboxedRobotPlayer.java:202)
[B: #10438@327] 	at java.base/java.lang.Thread.run(Thread.java:1583)
[B: #11871@328] Can sense kingLoc [17, 2] ? false at distSquared 36
[B: #10560@328] Going straight to cheese mine at [17, 17]
[B: #11003@328] Going straight to cheese mine at [2, 2]
[B: #10438@328] GameActionException in RobotPlayer:
[B: #10438@328] battlecode.common.GameActionException: Target location is not on the map
[B: #10438@328] 	at battlecode.world.RobotControllerImpl.assertCanSenseLocation(RobotControllerImpl.java:217)
[B: #10438@328] 	at battlecode.world.RobotControllerImpl.senseMapInfo(RobotControllerImpl.java:646)
[B: #10438@328] 	at teacher08a.CatAttacker.runReportBack(CatAttacker.java:185)
[B: #10438@328] 	at teacher08a.CatAttacker.doAction(CatAttacker.java:37)
[B: #10438@328] 	at teacher08a.RobotPlayer.run(RobotPlayer.java:25)
[B: #10438@328] 	at java.base/jdk.internal.reflect.DirectMethodHandleAccessor.invoke(DirectMethodHandleAccessor.java:103)
[B: #10438@328] 	at java.base/java.lang.reflect.Method.invoke(Method.java:580)
[B: #10438@328] 	at battlecode.instrumenter.SandboxedRobotPlayer.loadAndRunPlayerJava(SandboxedRobotPlayer.java:306)
[B: #10438@328] 	at battlecode.instrumenter.SandboxedRobotPlayer.loadAndRunPlayer(SandboxedRobotPlayer.java:268)
[B: #10438@328] 	at battlecode.instrumenter.SandboxedRobotPlayer.lambda$new$2(SandboxedRobotPlayer.java:202)
[B: #10438@328] 	at java.base/java.lang.Thread.run(Thread.java:1583)
[B: #11871@329] Can sense kingLoc [17, 2] ? false at distSquared 36
[B: #10560@329] Going straight to cheese mine at [17, 17]
[B: #11003@329] Going straight to cheese mine at [2, 2]
[B: #10438@329] GameActionException in RobotPlayer:
[B: #10438@329] battlecode.common.GameActionException: Target location is not on the map
[B: #10438@329] 	at battlecode.world.RobotControllerImpl.assertCanSenseLocation(RobotControllerImpl.java:217)
[B: #10438@329] 	at battlecode.world.RobotControllerImpl.senseMapInfo(RobotControllerImpl.java:646)
[B: #10438@329] 	at teacher08a.CatAttacker.runReportBack(CatAttacker.java:185)
[B: #10438@329] 	at teacher08a.CatAttacker.doAction(CatAttacker.java:37)
[B: #10438@329] 	at teacher08a.RobotPlayer.run(RobotPlayer.java:25)
[B: #10438@329] 	at java.base/jdk.internal.reflect.DirectMethodHandleAccessor.invoke(DirectMethodHandleAccessor.java:103)
[B: #10438@329] 	at java.base/java.lang.reflect.Method.invoke(Method.java:580)
[B: #10438@329] 	at battlecode.instrumenter.SandboxedRobotPlayer.loadAndRunPlayerJava(SandboxedRobotPlayer.java:306)
[B: #10438@329] 	at battlecode.instrumenter.SandboxedRobotPlayer.loadAndRunPlayer(SandboxedRobotPlayer.java:268)
[B: #10438@329] 	at battlecode.instrumenter.SandboxedRobotPlayer.lambda$new$2(SandboxedRobotPlayer.java:202)
[B: #10438@329] 	at java.base/java.lang.Thread.run(Thread.java:1583)
[B: #11871@330] Can sense kingLoc [17, 2] ? false at distSquared 36
[B: #10560@330] Going straight to cheese mine at [17, 17]
[B: #11003@330] Going straight to cheese mine at [2, 2]
[B: #10438@330] GameActionException in RobotPlayer:
[B: #10438@330] battlecode.common.GameActionException: Target location is not on the map
[B: #10438@330] 	at battlecode.world.RobotControllerImpl.assertCanSenseLocation(RobotControllerImpl.java:217)
[B: #10438@330] 	at battlecode.world.RobotControllerImpl.senseMapInfo(RobotControllerImpl.java:646)
[B: #10438@330] 	at teacher08a.CatAttacker.runReportBack(CatAttacker.java:185)
[B: #10438@330] 	at teacher08a.CatAttacker.doAction(CatAttacker.java:37)
[B: #10438@330] 	at teacher08a.RobotPlayer.run(RobotPlayer.java:25)
[B: #10438@330] 	at java.base/jdk.internal.reflect.DirectMethodHandleAccessor.invoke(DirectMethodHandleAccessor.java:103)
[B: #10438@330] 	at java.base/java.lang.reflect.Method.invoke(Method.java:580)
[B: #10438@330] 	at battlecode.instrumenter.SandboxedRobotPlayer.loadAndRunPlayerJava(SandboxedRobotPlayer.java:306)
[B: #10438@330] 	at battlecode.instrumenter.SandboxedRobotPlayer.loadAndRunPlayer(SandboxedRobotPlayer.java:268)
[B: #10438@330] 	at battlecode.instrumenter.SandboxedRobotPlayer.lambda$new$2(SandboxedRobotPlayer.java:202)
[B: #10438@330] 	at java.base/java.lang.Thread.run(Thread.java:1583)
[B: #11871@331] Can sense kingLoc [17, 2] ? false at distSquared 36
[B: #10560@331] Going straight to cheese mine at [17, 17]
[B: #11003@331] Going straight to cheese mine at [2, 2]
[B: #10438@331] GameActionException in RobotPlayer:
[B: #10438@331] battlecode.common.GameActionException: Target location is not on the map
[B: #10438@331] 	at battlecode.world.RobotControllerImpl.assertCanSenseLocation(RobotControllerImpl.java:217)
[B: #10438@331] 	at battlecode.world.RobotControllerImpl.senseMapInfo(RobotControllerImpl.java:646)
[B: #10438@331] 	at teacher08a.CatAttacker.runReportBack(CatAttacker.java:185)
[B: #10438@331] 	at teacher08a.CatAttacker.doAction(CatAttacker.java:37)
[B: #10438@331] 	at teacher08a.RobotPlayer.run(RobotPlayer.java:25)
[B: #10438@331] 	at java.base/jdk.internal.reflect.DirectMethodHandleAccessor.invoke(DirectMethodHandleAccessor.java:103)
[B: #10438@331] 	at java.base/java.lang.reflect.Method.invoke(Method.java:580)
[B: #10438@331] 	at battlecode.instrumenter.SandboxedRobotPlayer.loadAndRunPlayerJava(SandboxedRobotPlayer.java:306)
[B: #10438@331] 	at battlecode.instrumenter.SandboxedRobotPlayer.loadAndRunPlayer(SandboxedRobotPlayer.java:268)
[B: #10438@331] 	at battlecode.instrumenter.SandboxedRobotPlayer.lambda$new$2(SandboxedRobotPlayer.java:202)
[B: #10438@331] 	at java.base/java.lang.Thread.run(Thread.java:1583)
[B: #11871@332] Can sense kingLoc [17, 2] ? false at distSquared 36
[B: #10560@332] Going straight to cheese mine at [17, 17]
[B: #11003@332] Going straight to cheese mine at [2, 2]
[B: #10438@332] GameActionException in RobotPlayer:
[B: #10438@332] battlecode.common.GameActionException: Target location is not on the map
[B: #10438@332] 	at battlecode.world.RobotControllerImpl.assertCanSenseLocation(RobotControllerImpl.java:217)
[B: #10438@332] 	at battlecode.world.RobotControllerImpl.senseMapInfo(RobotControllerImpl.java:646)
[B: #10438@332] 	at teacher08a.CatAttacker.runReportBack(CatAttacker.java:185)
[B: #10438@332] 	at teacher08a.CatAttacker.doAction(CatAttacker.java:37)
[B: #10438@332] 	at teacher08a.RobotPlayer.run(RobotPlayer.java:25)
[B: #10438@332] 	at java.base/jdk.internal.reflect.DirectMethodHandleAccessor.invoke(DirectMethodHandleAccessor.java:103)
[B: #10438@332] 	at java.base/java.lang.reflect.Method.invoke(Method.java:580)
[B: #10438@332] 	at battlecode.instrumenter.SandboxedRobotPlayer.loadAndRunPlayerJava(SandboxedRobotPlayer.java:306)
[B: #10438@332] 	at battlecode.instrumenter.SandboxedRobotPlayer.loadAndRunPlayer(SandboxedRobotPlayer.java:268)
[B: #10438@332] 	at battlecode.instrumenter.SandboxedRobotPlayer.lambda$new$2(SandboxedRobotPlayer.java:202)
[B: #10438@332] 	at java.base/java.lang.Thread.run(Thread.java:1583)
[B: #11871@333] Can sense kingLoc [17, 2] ? false at distSquared 36
[B: #10560@333] Going straight to cheese mine at [17, 17]
[B: #11003@333] Going straight to cheese mine at [2, 2]
[B: #10438@333] GameActionException in RobotPlayer:
[B: #10438@333] battlecode.common.GameActionException: Target location is not on the map
[B: #10438@333] 	at battlecode.world.RobotControllerImpl.assertCanSenseLocation(RobotControllerImpl.java:217)
[B: #10438@333] 	at battlecode.world.RobotControllerImpl.senseMapInfo(RobotControllerImpl.java:646)
[B: #10438@333] 	at teacher08a.CatAttacker.runReportBack(CatAttacker.java:185)
[B: #10438@333] 	at teacher08a.CatAttacker.doAction(CatAttacker.java:37)
[B: #10438@333] 	at teacher08a.RobotPlayer.run(RobotPlayer.java:25)
[B: #10438@333] 	at java.base/jdk.internal.reflect.DirectMethodHandleAccessor.invoke(DirectMethodHandleAccessor.java:103)
[B: #10438@333] 	at java.base/java.lang.reflect.Method.invoke(Method.java:580)
[B: #10438@333] 	at battlecode.instrumenter.SandboxedRobotPlayer.loadAndRunPlayerJava(SandboxedRobotPlayer.java:306)
[B: #10438@333] 	at battlecode.instrumenter.SandboxedRobotPlayer.loadAndRunPlayer(SandboxedRobotPlayer.java:268)
[B: #10438@333] 	at battlecode.instrumenter.SandboxedRobotPlayer.lambda$new$2(SandboxedRobotPlayer.java:202)
[B: #10438@333] 	at java.base/java.lang.Thread.run(Thread.java:1583)
[B: #11871@334] Can sense kingLoc [17, 2] ? false at distSquared 36
[B: #11003@334] Going straight to cheese mine at [2, 2]
[B: #10438@334] GameActionException in RobotPlayer:
[B: #10438@334] battlecode.common.GameActionException: Target location is not on the map
[B: #10438@334] 	at battlecode.world.RobotControllerImpl.assertCanSenseLocation(RobotControllerImpl.java:217)
[B: #10438@334] 	at battlecode.world.RobotControllerImpl.senseMapInfo(RobotControllerImpl.java:646)
[B: #10438@334] 	at teacher08a.CatAttacker.runReportBack(CatAttacker.java:185)
[B: #10438@334] 	at teacher08a.CatAttacker.doAction(CatAttacker.java:37)
[B: #10438@334] 	at teacher08a.RobotPlayer.run(RobotPlayer.java:25)
[B: #10438@334] 	at java.base/jdk.internal.reflect.DirectMethodHandleAccessor.invoke(DirectMethodHandleAccessor.java:103)
[B: #10438@334] 	at java.base/java.lang.reflect.Method.invoke(Method.java:580)
[B: #10438@334] 	at battlecode.instrumenter.SandboxedRobotPlayer.loadAndRunPlayerJava(SandboxedRobotPlayer.java:306)
[B: #10438@334] 	at battlecode.instrumenter.SandboxedRobotPlayer.loadAndRunPlayer(SandboxedRobotPlayer.java:268)
[B: #10438@334] 	at battlecode.instrumenter.SandboxedRobotPlayer.lambda$new$2(SandboxedRobotPlayer.java:202)
[B: #10438@334] 	at java.base/java.lang.Thread.run(Thread.java:1583)
[B: #11871@335] Can sense kingLoc [17, 2] ? false at distSquared 36
[B: #11003@335] Going straight to cheese mine at [2, 2]
[B: #10438@335] GameActionException in RobotPlayer:
[B: #10438@335] battlecode.common.GameActionException: Target location is not on the map
[B: #10438@335] 	at battlecode.world.RobotControllerImpl.assertCanSenseLocation(RobotControllerImpl.java:217)
[B: #10438@335] 	at battlecode.world.RobotControllerImpl.senseMapInfo(RobotControllerImpl.java:646)
[B: #10438@335] 	at teacher08a.CatAttacker.runReportBack(CatAttacker.java:185)
[B: #10438@335] 	at teacher08a.CatAttacker.doAction(CatAttacker.java:37)
[B: #10438@335] 	at teacher08a.RobotPlayer.run(RobotPlayer.java:25)
[B: #10438@335] 	at java.base/jdk.internal.reflect.DirectMethodHandleAccessor.invoke(DirectMethodHandleAccessor.java:103)
[B: #10438@335] 	at java.base/java.lang.reflect.Method.invoke(Method.java:580)
[B: #10438@335] 	at battlecode.instrumenter.SandboxedRobotPlayer.loadAndRunPlayerJava(SandboxedRobotPlayer.java:306)
[B: #10438@335] 	at battlecode.instrumenter.SandboxedRobotPlayer.loadAndRunPlayer(SandboxedRobotPlayer.java:268)
[B: #10438@335] 	at battlecode.instrumenter.SandboxedRobotPlayer.lambda$new$2(SandboxedRobotPlayer.java:202)
[B: #10438@335] 	at java.base/java.lang.Thread.run(Thread.java:1583)
[B: #11871@336] Can sense kingLoc [17, 2] ? false at distSquared 36
[B: #11003@336] Going straight to cheese mine at [2, 2]
[B: #10438@336] GameActionException in RobotPlayer:
[B: #10438@336] battlecode.common.GameActionException: Target location is not on the map
[B: #10438@336] 	at battlecode.world.RobotControllerImpl.assertCanSenseLocation(RobotControllerImpl.java:217)
[B: #10438@336] 	at battlecode.world.RobotControllerImpl.senseMapInfo(RobotControllerImpl.java:646)
[B: #10438@336] 	at teacher08a.CatAttacker.runReportBack(CatAttacker.java:185)
[B: #10438@336] 	at teacher08a.CatAttacker.doAction(CatAttacker.java:37)
[B: #10438@336] 	at teacher08a.RobotPlayer.run(RobotPlayer.java:25)
[B: #10438@336] 	at java.base/jdk.internal.reflect.DirectMethodHandleAccessor.invoke(DirectMethodHandleAccessor.java:103)
[B: #10438@336] 	at java.base/java.lang.reflect.Method.invoke(Method.java:580)
[B: #10438@336] 	at battlecode.instrumenter.SandboxedRobotPlayer.loadAndRunPlayerJava(SandboxedRobotPlayer.java:306)
[B: #10438@336] 	at battlecode.instrumenter.SandboxedRobotPlayer.loadAndRunPlayer(SandboxedRobotPlayer.java:268)
[B: #10438@336] 	at battlecode.instrumenter.SandboxedRobotPlayer.lambda$new$2(SandboxedRobotPlayer.java:202)
[B: #10438@336] 	at java.base/java.lang.Thread.run(Thread.java:1583)
[B: #11871@337] Can sense kingLoc [17, 2] ? false at distSquared 36
[B: #11003@337] Going straight to cheese mine at [2, 2]
[B: #10438@337] GameActionException in RobotPlayer:
[B: #10438@337] battlecode.common.GameActionException: Target location is not on the map
[B: #10438@337] 	at battlecode.world.RobotControllerImpl.assertCanSenseLocation(RobotControllerImpl.java:217)
[B: #10438@337] 	at battlecode.world.RobotControllerImpl.senseMapInfo(RobotControllerImpl.java:646)
[B: #10438@337] 	at teacher08a.CatAttacker.runReportBack(CatAttacker.java:185)
[B: #10438@337] 	at teacher08a.CatAttacker.doAction(CatAttacker.java:37)
[B: #10438@337] 	at teacher08a.RobotPlayer.run(RobotPlayer.java:25)
[B: #10438@337] 	at java.base/jdk.internal.reflect.DirectMethodHandleAccessor.invoke(DirectMethodHandleAccessor.java:103)
[B: #10438@337] 	at java.base/java.lang.reflect.Method.invoke(Method.java:580)
[B: #10438@337] 	at battlecode.instrumenter.SandboxedRobotPlayer.loadAndRunPlayerJava(SandboxedRobotPlayer.java:306)
[B: #10438@337] 	at battlecode.instrumenter.SandboxedRobotPlayer.loadAndRunPlayer(SandboxedRobotPlayer.java:268)
[B: #10438@337] 	at battlecode.instrumenter.SandboxedRobotPlayer.lambda$new$2(SandboxedRobotPlayer.java:202)
[B: #10438@337] 	at java.base/java.lang.Thread.run(Thread.java:1583)
[B: #11871@338] Can sense kingLoc [17, 2] ? false at distSquared 36
[B: #11003@338] Going straight to cheese mine at [2, 2]
[B: #10438@338] GameActionException in RobotPlayer:
[B: #10438@338] battlecode.common.GameActionException: Target location is not on the map
[B: #10438@338] 	at battlecode.world.RobotControllerImpl.assertCanSenseLocation(RobotControllerImpl.java:217)
[B: #10438@338] 	at battlecode.world.RobotControllerImpl.senseMapInfo(RobotControllerImpl.java:646)
[B: #10438@338] 	at teacher08a.CatAttacker.runReportBack(CatAttacker.java:185)
[B: #10438@338] 	at teacher08a.CatAttacker.doAction(CatAttacker.java:37)
[B: #10438@338] 	at teacher08a.RobotPlayer.run(RobotPlayer.java:25)
[B: #10438@338] 	at java.base/jdk.internal.reflect.DirectMethodHandleAccessor.invoke(DirectMethodHandleAccessor.java:103)
[B: #10438@338] 	at java.base/java.lang.reflect.Method.invoke(Method.java:580)
[B: #10438@338] 	at battlecode.instrumenter.SandboxedRobotPlayer.loadAndRunPlayerJava(SandboxedRobotPlayer.java:306)
[B: #10438@338] 	at battlecode.instrumenter.SandboxedRobotPlayer.loadAndRunPlayer(SandboxedRobotPlayer.java:268)
[B: #10438@338] 	at battlecode.instrumenter.SandboxedRobotPlayer.lambda$new$2(SandboxedRobotPlayer.java:202)
[B: #10438@338] 	at java.base/java.lang.Thread.run(Thread.java:1583)
[B: #11871@339] Can sense kingLoc [17, 2] ? false at distSquared 36
[B: #11003@339] Going straight to cheese mine at [2, 2]
[B: #10438@339] GameActionException in RobotPlayer:
[B: #10438@339] battlecode.common.GameActionException: Target location is not on the map
[B: #10438@339] 	at battlecode.world.RobotControllerImpl.assertCanSenseLocation(RobotControllerImpl.java:217)
[B: #10438@339] 	at battlecode.world.RobotControllerImpl.senseMapInfo(RobotControllerImpl.java:646)
[B: #10438@339] 	at teacher08a.CatAttacker.runReportBack(CatAttacker.java:185)
[B: #10438@339] 	at teacher08a.CatAttacker.doAction(CatAttacker.java:37)
[B: #10438@339] 	at teacher08a.RobotPlayer.run(RobotPlayer.java:25)
[B: #10438@339] 	at java.base/jdk.internal.reflect.DirectMethodHandleAccessor.invoke(DirectMethodHandleAccessor.java:103)
[B: #10438@339] 	at java.base/java.lang.reflect.Method.invoke(Method.java:580)
[B: #10438@339] 	at battlecode.instrumenter.SandboxedRobotPlayer.loadAndRunPlayerJava(SandboxedRobotPlayer.java:306)
[B: #10438@339] 	at battlecode.instrumenter.SandboxedRobotPlayer.loadAndRunPlayer(SandboxedRobotPlayer.java:268)
[B: #10438@339] 	at battlecode.instrumenter.SandboxedRobotPlayer.lambda$new$2(SandboxedRobotPlayer.java:202)
[B: #10438@339] 	at java.base/java.lang.Thread.run(Thread.java:1583)
[B: #11871@340] Can sense kingLoc [17, 2] ? false at distSquared 36
[B: #11003@340] Going straight to cheese mine at [2, 2]
[B: #10438@340] GameActionException in RobotPlayer:
[B: #10438@340] battlecode.common.GameActionException: Target location is not on the map
[B: #10438@340] 	at battlecode.world.RobotControllerImpl.assertCanSenseLocation(RobotControllerImpl.java:217)
[B: #10438@340] 	at battlecode.world.RobotControllerImpl.senseMapInfo(RobotControllerImpl.java:646)
[B: #10438@340] 	at teacher08a.CatAttacker.runReportBack(CatAttacker.java:185)
[B: #10438@340] 	at teacher08a.CatAttacker.doAction(CatAttacker.java:37)
[B: #10438@340] 	at teacher08a.RobotPlayer.run(RobotPlayer.java:25)
[B: #10438@340] 	at java.base/jdk.internal.reflect.DirectMethodHandleAccessor.invoke(DirectMethodHandleAccessor.java:103)
[B: #10438@340] 	at java.base/java.lang.reflect.Method.invoke(Method.java:580)
[B: #10438@340] 	at battlecode.instrumenter.SandboxedRobotPlayer.loadAndRunPlayerJava(SandboxedRobotPlayer.java:306)
[B: #10438@340] 	at battlecode.instrumenter.SandboxedRobotPlayer.loadAndRunPlayer(SandboxedRobotPlayer.java:268)
[B: #10438@340] 	at battlecode.instrumenter.SandboxedRobotPlayer.lambda$new$2(SandboxedRobotPlayer.java:202)
[B: #10438@340] 	at java.base/java.lang.Thread.run(Thread.java:1583)
[B: #11871@341] Can sense kingLoc [17, 2] ? false at distSquared 36
[B: #11003@341] Going straight to cheese mine at [2, 2]
[B: #10438@341] GameActionException in RobotPlayer:
[B: #10438@341] battlecode.common.GameActionException: Target location is not on the map
[B: #10438@341] 	at battlecode.world.RobotControllerImpl.assertCanSenseLocation(RobotControllerImpl.java:217)
[B: #10438@341] 	at battlecode.world.RobotControllerImpl.senseMapInfo(RobotControllerImpl.java:646)
[B: #10438@341] 	at teacher08a.CatAttacker.runReportBack(CatAttacker.java:185)
[B: #10438@341] 	at teacher08a.CatAttacker.doAction(CatAttacker.java:37)
[B: #10438@341] 	at teacher08a.RobotPlayer.run(RobotPlayer.java:25)
[B: #10438@341] 	at java.base/jdk.internal.reflect.DirectMethodHandleAccessor.invoke(DirectMethodHandleAccessor.java:103)
[B: #10438@341] 	at java.base/java.lang.reflect.Method.invoke(Method.java:580)
[B: #10438@341] 	at battlecode.instrumenter.SandboxedRobotPlayer.loadAndRunPlayerJava(SandboxedRobotPlayer.java:306)
[B: #10438@341] 	at battlecode.instrumenter.SandboxedRobotPlayer.loadAndRunPlayer(SandboxedRobotPlayer.java:268)
[B: #10438@341] 	at battlecode.instrumenter.SandboxedRobotPlayer.lambda$new$2(SandboxedRobotPlayer.java:202)
[B: #10438@341] 	at java.base/java.lang.Thread.run(Thread.java:1583)
[B: #11871@342] Can sense kingLoc [17, 2] ? false at distSquared 36
[B: #11003@342] Going straight to cheese mine at [2, 2]
[B: #10438@342] GameActionException in RobotPlayer:
[B: #10438@342] battlecode.common.GameActionException: Target location is not on the map
[B: #10438@342] 	at battlecode.world.RobotControllerImpl.assertCanSenseLocation(RobotControllerImpl.java:217)
[B: #10438@342] 	at battlecode.world.RobotControllerImpl.senseMapInfo(RobotControllerImpl.java:646)
[B: #10438@342] 	at teacher08a.CatAttacker.runReportBack(CatAttacker.java:185)
[B: #10438@342] 	at teacher08a.CatAttacker.doAction(CatAttacker.java:37)
[B: #10438@342] 	at teacher08a.RobotPlayer.run(RobotPlayer.java:25)
[B: #10438@342] 	at java.base/jdk.internal.reflect.DirectMethodHandleAccessor.invoke(DirectMethodHandleAccessor.java:103)
[B: #10438@342] 	at java.base/java.lang.reflect.Method.invoke(Method.java:580)
[B: #10438@342] 	at battlecode.instrumenter.SandboxedRobotPlayer.loadAndRunPlayerJava(SandboxedRobotPlayer.java:306)
[B: #10438@342] 	at battlecode.instrumenter.SandboxedRobotPlayer.loadAndRunPlayer(SandboxedRobotPlayer.java:268)
[B: #10438@342] 	at battlecode.instrumenter.SandboxedRobotPlayer.lambda$new$2(SandboxedRobotPlayer.java:202)
[B: #10438@342] 	at java.base/java.lang.Thread.run(Thread.java:1583)
[B: #11871@343] Can sense kingLoc [17, 2] ? false at distSquared 36
[B: #11003@343] Going straight to cheese mine at [2, 2]
[B: #10438@343] GameActionException in RobotPlayer:
[B: #10438@343] battlecode.common.GameActionException: Target location is not on the map
[B: #10438@343] 	at battlecode.world.RobotControllerImpl.assertCanSenseLocation(RobotControllerImpl.java:217)
[B: #10438@343] 	at battlecode.world.RobotControllerImpl.senseMapInfo(RobotControllerImpl.java:646)
[B: #10438@343] 	at teacher08a.CatAttacker.runReportBack(CatAttacker.java:185)
[B: #10438@343] 	at teacher08a.CatAttacker.doAction(CatAttacker.java:37)
[B: #10438@343] 	at teacher08a.RobotPlayer.run(RobotPlayer.java:25)
[B: #10438@343] 	at java.base/jdk.internal.reflect.DirectMethodHandleAccessor.invoke(DirectMethodHandleAccessor.java:103)
[B: #10438@343] 	at java.base/java.lang.reflect.Method.invoke(Method.java:580)
[B: #10438@343] 	at battlecode.instrumenter.SandboxedRobotPlayer.loadAndRunPlayerJava(SandboxedRobotPlayer.java:306)
[B: #10438@343] 	at battlecode.instrumenter.SandboxedRobotPlayer.loadAndRunPlayer(SandboxedRobotPlayer.java:268)
[B: #10438@343] 	at battlecode.instrumenter.SandboxedRobotPlayer.lambda$new$2(SandboxedRobotPlayer.java:202)
[B: #10438@343] 	at java.base/java.lang.Thread.run(Thread.java:1583)
[B: #11871@344] Can sense kingLoc [17, 2] ? false at distSquared 36
[B: #11003@344] Going straight to cheese mine at [2, 2]
[B: #10438@344] GameActionException in RobotPlayer:
[B: #10438@344] battlecode.common.GameActionException: Target location is not on the map
[B: #10438@344] 	at battlecode.world.RobotControllerImpl.assertCanSenseLocation(RobotControllerImpl.java:217)
[B: #10438@344] 	at battlecode.world.RobotControllerImpl.senseMapInfo(RobotControllerImpl.java:646)
[B: #10438@344] 	at teacher08a.CatAttacker.runReportBack(CatAttacker.java:185)
[B: #10438@344] 	at teacher08a.CatAttacker.doAction(CatAttacker.java:37)
[B: #10438@344] 	at teacher08a.RobotPlayer.run(RobotPlayer.java:25)
[B: #10438@344] 	at java.base/jdk.internal.reflect.DirectMethodHandleAccessor.invoke(DirectMethodHandleAccessor.java:103)
[B: #10438@344] 	at java.base/java.lang.reflect.Method.invoke(Method.java:580)
[B: #10438@344] 	at battlecode.instrumenter.SandboxedRobotPlayer.loadAndRunPlayerJava(SandboxedRobotPlayer.java:306)
[B: #10438@344] 	at battlecode.instrumenter.SandboxedRobotPlayer.loadAndRunPlayer(SandboxedRobotPlayer.java:268)
[B: #10438@344] 	at battlecode.instrumenter.SandboxedRobotPlayer.lambda$new$2(SandboxedRobotPlayer.java:202)
[B: #10438@344] 	at java.base/java.lang.Thread.run(Thread.java:1583)
[B: #11871@345] Can sense kingLoc [17, 2] ? false at distSquared 36
[B: #11003@345] Going straight to cheese mine at [2, 2]
[B: #10438@345] GameActionException in RobotPlayer:
[B: #10438@345] battlecode.common.GameActionException: Target location is not on the map
[B: #10438@345] 	at battlecode.world.RobotControllerImpl.assertCanSenseLocation(RobotControllerImpl.java:217)
[B: #10438@345] 	at battlecode.world.RobotControllerImpl.senseMapInfo(RobotControllerImpl.java:646)
[B: #10438@345] 	at teacher08a.CatAttacker.runReportBack(CatAttacker.java:185)
[B: #10438@345] 	at teacher08a.CatAttacker.doAction(CatAttacker.java:37)
[B: #10438@345] 	at teacher08a.RobotPlayer.run(RobotPlayer.java:25)
[B: #10438@345] 	at java.base/jdk.internal.reflect.DirectMethodHandleAccessor.invoke(DirectMethodHandleAccessor.java:103)
[B: #10438@345] 	at java.base/java.lang.reflect.Method.invoke(Method.java:580)
[B: #10438@345] 	at battlecode.instrumenter.SandboxedRobotPlayer.loadAndRunPlayerJava(SandboxedRobotPlayer.java:306)
[B: #10438@345] 	at battlecode.instrumenter.SandboxedRobotPlayer.loadAndRunPlayer(SandboxedRobotPlayer.java:268)
[B: #10438@345] 	at battlecode.instrumenter.SandboxedRobotPlayer.lambda$new$2(SandboxedRobotPlayer.java:202)
[B: #10438@345] 	at java.base/java.lang.Thread.run(Thread.java:1583)
[B: #11871@346] Can sense kingLoc [17, 2] ? false at distSquared 36
[B: #11003@346] Going straight to cheese mine at [2, 2]
[B: #10438@346] GameActionException in RobotPlayer:
[B: #10438@346] battlecode.common.GameActionException: Target location is not on the map
[B: #10438@346] 	at battlecode.world.RobotControllerImpl.assertCanSenseLocation(RobotControllerImpl.java:217)
[B: #10438@346] 	at battlecode.world.RobotControllerImpl.senseMapInfo(RobotControllerImpl.java:646)
[B: #10438@346] 	at teacher08a.CatAttacker.runReportBack(CatAttacker.java:185)
[B: #10438@346] 	at teacher08a.CatAttacker.doAction(CatAttacker.java:37)
[B: #10438@346] 	at teacher08a.RobotPlayer.run(RobotPlayer.java:25)
[B: #10438@346] 	at java.base/jdk.internal.reflect.DirectMethodHandleAccessor.invoke(DirectMethodHandleAccessor.java:103)
[B: #10438@346] 	at java.base/java.lang.reflect.Method.invoke(Method.java:580)
[B: #10438@346] 	at battlecode.instrumenter.SandboxedRobotPlayer.loadAndRunPlayerJava(SandboxedRobotPlayer.java:306)
[B: #10438@346] 	at battlecode.instrumenter.SandboxedRobotPlayer.loadAndRunPlayer(SandboxedRobotPlayer.java:268)
[B: #10438@346] 	at battlecode.instrumenter.SandboxedRobotPlayer.lambda$new$2(SandboxedRobotPlayer.java:202)
[B: #10438@346] 	at java.base/java.lang.Thread.run(Thread.java:1583)
[B: #11871@347] Can sense kingLoc [17, 2] ? false at distSquared 36
[B: #11003@347] Going straight to cheese mine at [2, 2]
[B: #10438@347] GameActionException in RobotPlayer:
[B: #10438@347] battlecode.common.GameActionException: Target location is not on the map
[B: #10438@347] 	at battlecode.world.RobotControllerImpl.assertCanSenseLocation(RobotControllerImpl.java:217)
[B: #10438@347] 	at battlecode.world.RobotControllerImpl.senseMapInfo(RobotControllerImpl.java:646)
[B: #10438@347] 	at teacher08a.CatAttacker.runReportBack(CatAttacker.java:185)
[B: #10438@347] 	at teacher08a.CatAttacker.doAction(CatAttacker.java:37)
[B: #10438@347] 	at teacher08a.RobotPlayer.run(RobotPlayer.java:25)
[B: #10438@347] 	at java.base/jdk.internal.reflect.DirectMethodHandleAccessor.invoke(DirectMethodHandleAccessor.java:103)
[B: #10438@347] 	at java.base/java.lang.reflect.Method.invoke(Method.java:580)
[B: #10438@347] 	at battlecode.instrumenter.SandboxedRobotPlayer.loadAndRunPlayerJava(SandboxedRobotPlayer.java:306)
[B: #10438@347] 	at battlecode.instrumenter.SandboxedRobotPlayer.loadAndRunPlayer(SandboxedRobotPlayer.java:268)
[B: #10438@347] 	at battlecode.instrumenter.SandboxedRobotPlayer.lambda$new$2(SandboxedRobotPlayer.java:202)
[B: #10438@347] 	at java.base/java.lang.Thread.run(Thread.java:1583)
[B: #11871@348] Can sense kingLoc [17, 2] ? false at distSquared 36
[B: #11003@348] Going straight to cheese mine at [2, 2]
[B: #10438@348] GameActionException in RobotPlayer:
[B: #10438@348] battlecode.common.GameActionException: Target location is not on the map
[B: #10438@348] 	at battlecode.world.RobotControllerImpl.assertCanSenseLocation(RobotControllerImpl.java:217)
[B: #10438@348] 	at battlecode.world.RobotControllerImpl.senseMapInfo(RobotControllerImpl.java:646)
[B: #10438@348] 	at teacher08a.CatAttacker.runReportBack(CatAttacker.java:185)
[B: #10438@348] 	at teacher08a.CatAttacker.doAction(CatAttacker.java:37)
[B: #10438@348] 	at teacher08a.RobotPlayer.run(RobotPlayer.java:25)
[B: #10438@348] 	at java.base/jdk.internal.reflect.DirectMethodHandleAccessor.invoke(DirectMethodHandleAccessor.java:103)
[B: #10438@348] 	at java.base/java.lang.reflect.Method.invoke(Method.java:580)
[B: #10438@348] 	at battlecode.instrumenter.SandboxedRobotPlayer.loadAndRunPlayerJava(SandboxedRobotPlayer.java:306)
[B: #10438@348] 	at battlecode.instrumenter.SandboxedRobotPlayer.loadAndRunPlayer(SandboxedRobotPlayer.java:268)
[B: #10438@348] 	at battlecode.instrumenter.SandboxedRobotPlayer.lambda$new$2(SandboxedRobotPlayer.java:202)
[B: #10438@348] 	at java.base/java.lang.Thread.run(Thread.java:1583)
[B: #11871@349] Can sense kingLoc [17, 2] ? false at distSquared 36
[B: #11003@349] Going straight to cheese mine at [2, 2]
[B: #10438@349] GameActionException in RobotPlayer:
[B: #10438@349] battlecode.common.GameActionException: Target location is not on the map
[B: #10438@349] 	at battlecode.world.RobotControllerImpl.assertCanSenseLocation(RobotControllerImpl.java:217)
[B: #10438@349] 	at battlecode.world.RobotControllerImpl.senseMapInfo(RobotControllerImpl.java:646)
[B: #10438@349] 	at teacher08a.CatAttacker.runReportBack(CatAttacker.java:185)
[B: #10438@349] 	at teacher08a.CatAttacker.doAction(CatAttacker.java:37)
[B: #10438@349] 	at teacher08a.RobotPlayer.run(RobotPlayer.java:25)
[B: #10438@349] 	at java.base/jdk.internal.reflect.DirectMethodHandleAccessor.invoke(DirectMethodHandleAccessor.java:103)
[B: #10438@349] 	at java.base/java.lang.reflect.Method.invoke(Method.java:580)
[B: #10438@349] 	at battlecode.instrumenter.SandboxedRobotPlayer.loadAndRunPlayerJava(SandboxedRobotPlayer.java:306)
[B: #10438@349] 	at battlecode.instrumenter.SandboxedRobotPlayer.loadAndRunPlayer(SandboxedRobotPlayer.java:268)
[B: #10438@349] 	at battlecode.instrumenter.SandboxedRobotPlayer.lambda$new$2(SandboxedRobotPlayer.java:202)
[B: #10438@349] 	at java.base/java.lang.Thread.run(Thread.java:1583)
[B: #11871@350] Can sense kingLoc [17, 2] ? false at distSquared 36
[B: #11003@350] Going straight to cheese mine at [2, 2]
[B: #10438@350] GameActionException in RobotPlayer:
[B: #10438@350] battlecode.common.GameActionException: Target location is not on the map
[B: #10438@350] 	at battlecode.world.RobotControllerImpl.assertCanSenseLocation(RobotControllerImpl.java:217)
[B: #10438@350] 	at battlecode.world.RobotControllerImpl.senseMapInfo(RobotControllerImpl.java:646)
[B: #10438@350] 	at teacher08a.CatAttacker.runReportBack(CatAttacker.java:185)
[B: #10438@350] 	at teacher08a.CatAttacker.doAction(CatAttacker.java:37)
[B: #10438@350] 	at teacher08a.RobotPlayer.run(RobotPlayer.java:25)
[B: #10438@350] 	at java.base/jdk.internal.reflect.DirectMethodHandleAccessor.invoke(DirectMethodHandleAccessor.java:103)
[B: #10438@350] 	at java.base/java.lang.reflect.Method.invoke(Method.java:580)
[B: #10438@350] 	at battlecode.instrumenter.SandboxedRobotPlayer.loadAndRunPlayerJava(SandboxedRobotPlayer.java:306)
[B: #10438@350] 	at battlecode.instrumenter.SandboxedRobotPlayer.loadAndRunPlayer(SandboxedRobotPlayer.java:268)
[B: #10438@350] 	at battlecode.instrumenter.SandboxedRobotPlayer.lambda$new$2(SandboxedRobotPlayer.java:202)
[B: #10438@350] 	at java.base/java.lang.Thread.run(Thread.java:1583)
[B: #11871@351] Can sense kingLoc [17, 2] ? false at distSquared 36
[B: #11003@351] Going straight to cheese mine at [2, 2]
[B: #10438@351] GameActionException in RobotPlayer:
[B: #10438@351] battlecode.common.GameActionException: Target location is not on the map
[B: #10438@351] 	at battlecode.world.RobotControllerImpl.assertCanSenseLocation(RobotControllerImpl.java:217)
[B: #10438@351] 	at battlecode.world.RobotControllerImpl.senseMapInfo(RobotControllerImpl.java:646)
[B: #10438@351] 	at teacher08a.CatAttacker.runReportBack(CatAttacker.java:185)
[B: #10438@351] 	at teacher08a.CatAttacker.doAction(CatAttacker.java:37)
[B: #10438@351] 	at teacher08a.RobotPlayer.run(RobotPlayer.java:25)
[B: #10438@351] 	at java.base/jdk.internal.reflect.DirectMethodHandleAccessor.invoke(DirectMethodHandleAccessor.java:103)
[B: #10438@351] 	at java.base/java.lang.reflect.Method.invoke(Method.java:580)
[B: #10438@351] 	at battlecode.instrumenter.SandboxedRobotPlayer.loadAndRunPlayerJava(SandboxedRobotPlayer.java:306)
[B: #10438@351] 	at battlecode.instrumenter.SandboxedRobotPlayer.loadAndRunPlayer(SandboxedRobotPlayer.java:268)
[B: #10438@351] 	at battlecode.instrumenter.SandboxedRobotPlayer.lambda$new$2(SandboxedRobotPlayer.java:202)
[B: #10438@351] 	at java.base/java.lang.Thread.run(Thread.java:1583)
[B: #11871@352] Can sense kingLoc [17, 2] ? false at distSquared 36
[B: #11003@352] Going straight to cheese mine at [2, 2]
[B: #10438@352] GameActionException in RobotPlayer:
[B: #10438@352] battlecode.common.GameActionException: Target location is not on the map
[B: #10438@352] 	at battlecode.world.RobotControllerImpl.assertCanSenseLocation(RobotControllerImpl.java:217)
[B: #10438@352] 	at battlecode.world.RobotControllerImpl.senseMapInfo(RobotControllerImpl.java:646)
[B: #10438@352] 	at teacher08a.CatAttacker.runReportBack(CatAttacker.java:185)
[B: #10438@352] 	at teacher08a.CatAttacker.doAction(CatAttacker.java:37)
[B: #10438@352] 	at teacher08a.RobotPlayer.run(RobotPlayer.java:25)
[B: #10438@352] 	at java.base/jdk.internal.reflect.DirectMethodHandleAccessor.invoke(DirectMethodHandleAccessor.java:103)
[B: #10438@352] 	at java.base/java.lang.reflect.Method.invoke(Method.java:580)
[B: #10438@352] 	at battlecode.instrumenter.SandboxedRobotPlayer.loadAndRunPlayerJava(SandboxedRobotPlayer.java:306)
[B: #10438@352] 	at battlecode.instrumenter.SandboxedRobotPlayer.loadAndRunPlayer(SandboxedRobotPlayer.java:268)
[B: #10438@352] 	at battlecode.instrumenter.SandboxedRobotPlayer.lambda$new$2(SandboxedRobotPlayer.java:202)
[B: #10438@352] 	at java.base/java.lang.Thread.run(Thread.java:1583)
[B: #11871@353] Can sense kingLoc [17, 2] ? false at distSquared 36
[B: #11003@353] Going straight to cheese mine at [2, 2]
[B: #10438@353] GameActionException in RobotPlayer:
[B: #10438@353] battlecode.common.GameActionException: Target location is not on the map
[B: #10438@353] 	at battlecode.world.RobotControllerImpl.assertCanSenseLocation(RobotControllerImpl.java:217)
[B: #10438@353] 	at battlecode.world.RobotControllerImpl.senseMapInfo(RobotControllerImpl.java:646)
[B: #10438@353] 	at teacher08a.CatAttacker.runReportBack(CatAttacker.java:185)
[B: #10438@353] 	at teacher08a.CatAttacker.doAction(CatAttacker.java:37)
[B: #10438@353] 	at teacher08a.RobotPlayer.run(RobotPlayer.java:25)
[B: #10438@353] 	at java.base/jdk.internal.reflect.DirectMethodHandleAccessor.invoke(DirectMethodHandleAccessor.java:103)
[B: #10438@353] 	at java.base/java.lang.reflect.Method.invoke(Method.java:580)
[B: #10438@353] 	at battlecode.instrumenter.SandboxedRobotPlayer.loadAndRunPlayerJava(SandboxedRobotPlayer.java:306)
[B: #10438@353] 	at battlecode.instrumenter.SandboxedRobotPlayer.loadAndRunPlayer(SandboxedRobotPlayer.java:268)
[B: #10438@353] 	at battlecode.instrumenter.SandboxedRobotPlayer.lambda$new$2(SandboxedRobotPlayer.java:202)
[B: #10438@353] 	at java.base/java.lang.Thread.run(Thread.java:1583)
[B: #11871@354] Can sense kingLoc [17, 2] ? false at distSquared 36
[B: #11003@354] Going straight to cheese mine at [2, 2]
[B: #10438@354] GameActionException in RobotPlayer:
[B: #10438@354] battlecode.common.GameActionException: Target location is not on the map
[B: #10438@354] 	at battlecode.world.RobotControllerImpl.assertCanSenseLocation(RobotControllerImpl.java:217)
[B: #10438@354] 	at battlecode.world.RobotControllerImpl.senseMapInfo(RobotControllerImpl.java:646)
[B: #10438@354] 	at teacher08a.CatAttacker.runReportBack(CatAttacker.java:185)
[B: #10438@354] 	at teacher08a.CatAttacker.doAction(CatAttacker.java:37)
[B: #10438@354] 	at teacher08a.RobotPlayer.run(RobotPlayer.java:25)
[B: #10438@354] 	at java.base/jdk.internal.reflect.DirectMethodHandleAccessor.invoke(DirectMethodHandleAccessor.java:103)
[B: #10438@354] 	at java.base/java.lang.reflect.Method.invoke(Method.java:580)
[B: #10438@354] 	at battlecode.instrumenter.SandboxedRobotPlayer.loadAndRunPlayerJava(SandboxedRobotPlayer.java:306)
[B: #10438@354] 	at battlecode.instrumenter.SandboxedRobotPlayer.loadAndRunPlayer(SandboxedRobotPlayer.java:268)
[B: #10438@354] 	at battlecode.instrumenter.SandboxedRobotPlayer.lambda$new$2(SandboxedRobotPlayer.java:202)
[B: #10438@354] 	at java.base/java.lang.Thread.run(Thread.java:1583)
[B: #11871@355] Can sense kingLoc [17, 2] ? false at distSquared 36
[B: #11003@355] Going straight to cheese mine at [2, 2]
[B: #10438@355] GameActionException in RobotPlayer:
[B: #10438@355] battlecode.common.GameActionException: Target location is not on the map
[B: #10438@355] 	at battlecode.world.RobotControllerImpl.assertCanSenseLocation(RobotControllerImpl.java:217)
[B: #10438@355] 	at battlecode.world.RobotControllerImpl.senseMapInfo(RobotControllerImpl.java:646)
[B: #10438@355] 	at teacher08a.CatAttacker.runReportBack(CatAttacker.java:185)
[B: #10438@355] 	at teacher08a.CatAttacker.doAction(CatAttacker.java:37)
[B: #10438@355] 	at teacher08a.RobotPlayer.run(RobotPlayer.java:25)
[B: #10438@355] 	at java.base/jdk.internal.reflect.DirectMethodHandleAccessor.invoke(DirectMethodHandleAccessor.java:103)
[B: #10438@355] 	at java.base/java.lang.reflect.Method.invoke(Method.java:580)
[B: #10438@355] 	at battlecode.instrumenter.SandboxedRobotPlayer.loadAndRunPlayerJava(SandboxedRobotPlayer.java:306)
[B: #10438@355] 	at battlecode.instrumenter.SandboxedRobotPlayer.loadAndRunPlayer(SandboxedRobotPlayer.java:268)
[B: #10438@355] 	at battlecode.instrumenter.SandboxedRobotPlayer.lambda$new$2(SandboxedRobotPlayer.java:202)
[B: #10438@355] 	at java.base/java.lang.Thread.run(Thread.java:1583)
[B: #11871@356] Can sense kingLoc [17, 2] ? false at distSquared 36
[B: #11003@356] Going straight to cheese mine at [2, 2]
[B: #10438@356] GameActionException in RobotPlayer:
[B: #10438@356] battlecode.common.GameActionException: Target location is not on the map
[B: #10438@356] 	at battlecode.world.RobotControllerImpl.assertCanSenseLocation(RobotControllerImpl.java:217)
[B: #10438@356] 	at battlecode.world.RobotControllerImpl.senseMapInfo(RobotControllerImpl.java:646)
[B: #10438@356] 	at teacher08a.CatAttacker.runReportBack(CatAttacker.java:185)
[B: #10438@356] 	at teacher08a.CatAttacker.doAction(CatAttacker.java:37)
[B: #10438@356] 	at teacher08a.RobotPlayer.run(RobotPlayer.java:25)
[B: #10438@356] 	at java.base/jdk.internal.reflect.DirectMethodHandleAccessor.invoke(DirectMethodHandleAccessor.java:103)
[B: #10438@356] 	at java.base/java.lang.reflect.Method.invoke(Method.java:580)
[B: #10438@356] 	at battlecode.instrumenter.SandboxedRobotPlayer.loadAndRunPlayerJava(SandboxedRobotPlayer.java:306)
[B: #10438@356] 	at battlecode.instrumenter.SandboxedRobotPlayer.loadAndRunPlayer(SandboxedRobotPlayer.java:268)
[B: #10438@356] 	at battlecode.instrumenter.SandboxedRobotPlayer.lambda$new$2(SandboxedRobotPlayer.java:202)
[B: #10438@356] 	at java.base/java.lang.Thread.run(Thread.java:1583)
[B: #11871@357] Can sense kingLoc [17, 2] ? false at distSquared 36
[B: #11003@357] Going straight to cheese mine at [2, 2]
[B: #10438@357] GameActionException in RobotPlayer:
[B: #10438@357] battlecode.common.GameActionException: Target location is not on the map
[B: #10438@357] 	at battlecode.world.RobotControllerImpl.assertCanSenseLocation(RobotControllerImpl.java:217)
[B: #10438@357] 	at battlecode.world.RobotControllerImpl.senseMapInfo(RobotControllerImpl.java:646)
[B: #10438@357] 	at teacher08a.CatAttacker.runReportBack(CatAttacker.java:185)
[B: #10438@357] 	at teacher08a.CatAttacker.doAction(CatAttacker.java:37)
[B: #10438@357] 	at teacher08a.RobotPlayer.run(RobotPlayer.java:25)
[B: #10438@357] 	at java.base/jdk.internal.reflect.DirectMethodHandleAccessor.invoke(DirectMethodHandleAccessor.java:103)
[B: #10438@357] 	at java.base/java.lang.reflect.Method.invoke(Method.java:580)
[B: #10438@357] 	at battlecode.instrumenter.SandboxedRobotPlayer.loadAndRunPlayerJava(SandboxedRobotPlayer.java:306)
[B: #10438@357] 	at battlecode.instrumenter.SandboxedRobotPlayer.loadAndRunPlayer(SandboxedRobotPlayer.java:268)
[B: #10438@357] 	at battlecode.instrumenter.SandboxedRobotPlayer.lambda$new$2(SandboxedRobotPlayer.java:202)
[B: #10438@357] 	at java.base/java.lang.Thread.run(Thread.java:1583)
[B: #11871@358] Can sense kingLoc [17, 2] ? false at distSquared 36
[B: #11003@358] Going straight to cheese mine at [2, 2]
[B: #10438@358] GameActionException in RobotPlayer:
[B: #10438@358] battlecode.common.GameActionException: Target location is not on the map
[B: #10438@358] 	at battlecode.world.RobotControllerImpl.assertCanSenseLocation(RobotControllerImpl.java:217)
[B: #10438@358] 	at battlecode.world.RobotControllerImpl.senseMapInfo(RobotControllerImpl.java:646)
[B: #10438@358] 	at teacher08a.CatAttacker.runReportBack(CatAttacker.java:185)
[B: #10438@358] 	at teacher08a.CatAttacker.doAction(CatAttacker.java:37)
[B: #10438@358] 	at teacher08a.RobotPlayer.run(RobotPlayer.java:25)
[B: #10438@358] 	at java.base/jdk.internal.reflect.DirectMethodHandleAccessor.invoke(DirectMethodHandleAccessor.java:103)
[B: #10438@358] 	at java.base/java.lang.reflect.Method.invoke(Method.java:580)
[B: #10438@358] 	at battlecode.instrumenter.SandboxedRobotPlayer.loadAndRunPlayerJava(SandboxedRobotPlayer.java:306)
[B: #10438@358] 	at battlecode.instrumenter.SandboxedRobotPlayer.loadAndRunPlayer(SandboxedRobotPlayer.java:268)
[B: #10438@358] 	at battlecode.instrumenter.SandboxedRobotPlayer.lambda$new$2(SandboxedRobotPlayer.java:202)
[B: #10438@358] 	at java.base/java.lang.Thread.run(Thread.java:1583)
[B: #11871@359] Can sense kingLoc [17, 2] ? false at distSquared 36
[B: #11003@359] Going straight to cheese mine at [2, 2]
[B: #10438@359] GameActionException in RobotPlayer:
[B: #10438@359] battlecode.common.GameActionException: Target location is not on the map
[B: #10438@359] 	at battlecode.world.RobotControllerImpl.assertCanSenseLocation(RobotControllerImpl.java:217)
[B: #10438@359] 	at battlecode.world.RobotControllerImpl.senseMapInfo(RobotControllerImpl.java:646)
[B: #10438@359] 	at teacher08a.CatAttacker.runReportBack(CatAttacker.java:185)
[B: #10438@359] 	at teacher08a.CatAttacker.doAction(CatAttacker.java:37)
[B: #10438@359] 	at teacher08a.RobotPlayer.run(RobotPlayer.java:25)
[B: #10438@359] 	at java.base/jdk.internal.reflect.DirectMethodHandleAccessor.invoke(DirectMethodHandleAccessor.java:103)
[B: #10438@359] 	at java.base/java.lang.reflect.Method.invoke(Method.java:580)
[B: #10438@359] 	at battlecode.instrumenter.SandboxedRobotPlayer.loadAndRunPlayerJava(SandboxedRobotPlayer.java:306)
[B: #10438@359] 	at battlecode.instrumenter.SandboxedRobotPlayer.loadAndRunPlayer(SandboxedRobotPlayer.java:268)
[B: #10438@359] 	at battlecode.instrumenter.SandboxedRobotPlayer.lambda$new$2(SandboxedRobotPlayer.java:202)
[B: #10438@359] 	at java.base/java.lang.Thread.run(Thread.java:1583)
[B: #11871@360] Can sense kingLoc [17, 2] ? false at distSquared 36
[B: #11003@360] Going straight to cheese mine at [2, 2]
[B: #10438@360] GameActionException in RobotPlayer:
[B: #10438@360] battlecode.common.GameActionException: Target location is not on the map
[B: #10438@360] 	at battlecode.world.RobotControllerImpl.assertCanSenseLocation(RobotControllerImpl.java:217)
[B: #10438@360] 	at battlecode.world.RobotControllerImpl.senseMapInfo(RobotControllerImpl.java:646)
[B: #10438@360] 	at teacher08a.CatAttacker.runReportBack(CatAttacker.java:185)
[B: #10438@360] 	at teacher08a.CatAttacker.doAction(CatAttacker.java:37)
[B: #10438@360] 	at teacher08a.RobotPlayer.run(RobotPlayer.java:25)
[B: #10438@360] 	at java.base/jdk.internal.reflect.DirectMethodHandleAccessor.invoke(DirectMethodHandleAccessor.java:103)
[B: #10438@360] 	at java.base/java.lang.reflect.Method.invoke(Method.java:580)
[B: #10438@360] 	at battlecode.instrumenter.SandboxedRobotPlayer.loadAndRunPlayerJava(SandboxedRobotPlayer.java:306)
[B: #10438@360] 	at battlecode.instrumenter.SandboxedRobotPlayer.loadAndRunPlayer(SandboxedRobotPlayer.java:268)
[B: #10438@360] 	at battlecode.instrumenter.SandboxedRobotPlayer.lambda$new$2(SandboxedRobotPlayer.java:202)
[B: #10438@360] 	at java.base/java.lang.Thread.run(Thread.java:1583)
[B: #11871@361] Can sense kingLoc [17, 2] ? false at distSquared 36
[B: #11003@361] Going straight to cheese mine at [2, 2]
[B: #10438@361] GameActionException in RobotPlayer:
[B: #10438@361] battlecode.common.GameActionException: Target location is not on the map
[B: #10438@361] 	at battlecode.world.RobotControllerImpl.assertCanSenseLocation(RobotControllerImpl.java:217)
[B: #10438@361] 	at battlecode.world.RobotControllerImpl.senseMapInfo(RobotControllerImpl.java:646)
[B: #10438@361] 	at teacher08a.CatAttacker.runReportBack(CatAttacker.java:185)
[B: #10438@361] 	at teacher08a.CatAttacker.doAction(CatAttacker.java:37)
[B: #10438@361] 	at teacher08a.RobotPlayer.run(RobotPlayer.java:25)
[B: #10438@361] 	at java.base/jdk.internal.reflect.DirectMethodHandleAccessor.invoke(DirectMethodHandleAccessor.java:103)
[B: #10438@361] 	at java.base/java.lang.reflect.Method.invoke(Method.java:580)
[B: #10438@361] 	at battlecode.instrumenter.SandboxedRobotPlayer.loadAndRunPlayerJava(SandboxedRobotPlayer.java:306)
[B: #10438@361] 	at battlecode.instrumenter.SandboxedRobotPlayer.loadAndRunPlayer(SandboxedRobotPlayer.java:268)
[B: #10438@361] 	at battlecode.instrumenter.SandboxedRobotPlayer.lambda$new$2(SandboxedRobotPlayer.java:202)
[B: #10438@361] 	at java.base/java.lang.Thread.run(Thread.java:1583)
[B: #11871@362] Can sense kingLoc [17, 2] ? false at distSquared 36
[B: #11003@362] Going straight to cheese mine at [2, 2]
[B: #10438@362] GameActionException in RobotPlayer:
[B: #10438@362] battlecode.common.GameActionException: Target location is not on the map
[B: #10438@362] 	at battlecode.world.RobotControllerImpl.assertCanSenseLocation(RobotControllerImpl.java:217)
[B: #10438@362] 	at battlecode.world.RobotControllerImpl.senseMapInfo(RobotControllerImpl.java:646)
[B: #10438@362] 	at teacher08a.CatAttacker.runReportBack(CatAttacker.java:185)
[B: #10438@362] 	at teacher08a.CatAttacker.doAction(CatAttacker.java:37)
[B: #10438@362] 	at teacher08a.RobotPlayer.run(RobotPlayer.java:25)
[B: #10438@362] 	at java.base/jdk.internal.reflect.DirectMethodHandleAccessor.invoke(DirectMethodHandleAccessor.java:103)
[B: #10438@362] 	at java.base/java.lang.reflect.Method.invoke(Method.java:580)
[B: #10438@362] 	at battlecode.instrumenter.SandboxedRobotPlayer.loadAndRunPlayerJava(SandboxedRobotPlayer.java:306)
[B: #10438@362] 	at battlecode.instrumenter.SandboxedRobotPlayer.loadAndRunPlayer(SandboxedRobotPlayer.java:268)
[B: #10438@362] 	at battlecode.instrumenter.SandboxedRobotPlayer.lambda$new$2(SandboxedRobotPlayer.java:202)
[B: #10438@362] 	at java.base/java.lang.Thread.run(Thread.java:1583)
[B: #11871@363] Can sense kingLoc [17, 2] ? false at distSquared 36
[B: #11003@363] Going straight to cheese mine at [2, 2]
[B: #10438@363] GameActionException in RobotPlayer:
[B: #10438@363] battlecode.common.GameActionException: Target location is not on the map
[B: #10438@363] 	at battlecode.world.RobotControllerImpl.assertCanSenseLocation(RobotControllerImpl.java:217)
[B: #10438@363] 	at battlecode.world.RobotControllerImpl.senseMapInfo(RobotControllerImpl.java:646)
[B: #10438@363] 	at teacher08a.CatAttacker.runReportBack(CatAttacker.java:185)
[B: #10438@363] 	at teacher08a.CatAttacker.doAction(CatAttacker.java:37)
[B: #10438@363] 	at teacher08a.RobotPlayer.run(RobotPlayer.java:25)
[B: #10438@363] 	at java.base/jdk.internal.reflect.DirectMethodHandleAccessor.invoke(DirectMethodHandleAccessor.java:103)
[B: #10438@363] 	at java.base/java.lang.reflect.Method.invoke(Method.java:580)
[B: #10438@363] 	at battlecode.instrumenter.SandboxedRobotPlayer.loadAndRunPlayerJava(SandboxedRobotPlayer.java:306)
[B: #10438@363] 	at battlecode.instrumenter.SandboxedRobotPlayer.loadAndRunPlayer(SandboxedRobotPlayer.java:268)
[B: #10438@363] 	at battlecode.instrumenter.SandboxedRobotPlayer.lambda$new$2(SandboxedRobotPlayer.java:202)
[B: #10438@363] 	at java.base/java.lang.Thread.run(Thread.java:1583)
[B: #11871@364] Can sense kingLoc [17, 2] ? false at distSquared 36
[B: #11003@364] Going straight to cheese mine at [2, 2]
[B: #10438@364] GameActionException in RobotPlayer:
[B: #10438@364] battlecode.common.GameActionException: Target location is not on the map
[B: #10438@364] 	at battlecode.world.RobotControllerImpl.assertCanSenseLocation(RobotControllerImpl.java:217)
[B: #10438@364] 	at battlecode.world.RobotControllerImpl.senseMapInfo(RobotControllerImpl.java:646)
[B: #10438@364] 	at teacher08a.CatAttacker.runReportBack(CatAttacker.java:185)
[B: #10438@364] 	at teacher08a.CatAttacker.doAction(CatAttacker.java:37)
[B: #10438@364] 	at teacher08a.RobotPlayer.run(RobotPlayer.java:25)
[B: #10438@364] 	at java.base/jdk.internal.reflect.DirectMethodHandleAccessor.invoke(DirectMethodHandleAccessor.java:103)
[B: #10438@364] 	at java.base/java.lang.reflect.Method.invoke(Method.java:580)
[B: #10438@364] 	at battlecode.instrumenter.SandboxedRobotPlayer.loadAndRunPlayerJava(SandboxedRobotPlayer.java:306)
[B: #10438@364] 	at battlecode.instrumenter.SandboxedRobotPlayer.loadAndRunPlayer(SandboxedRobotPlayer.java:268)
[B: #10438@364] 	at battlecode.instrumenter.SandboxedRobotPlayer.lambda$new$2(SandboxedRobotPlayer.java:202)
[B: #10438@364] 	at java.base/java.lang.Thread.run(Thread.java:1583)
[B: #11871@365] Can sense kingLoc [17, 2] ? false at distSquared 36
[B: #11003@365] Going straight to cheese mine at [2, 2]
[B: #10438@365] GameActionException in RobotPlayer:
[B: #10438@365] battlecode.common.GameActionException: Target location is not on the map
[B: #10438@365] 	at battlecode.world.RobotControllerImpl.assertCanSenseLocation(RobotControllerImpl.java:217)
[B: #10438@365] 	at battlecode.world.RobotControllerImpl.senseMapInfo(RobotControllerImpl.java:646)
[B: #10438@365] 	at teacher08a.CatAttacker.runReportBack(CatAttacker.java:185)
[B: #10438@365] 	at teacher08a.CatAttacker.doAction(CatAttacker.java:37)
[B: #10438@365] 	at teacher08a.RobotPlayer.run(RobotPlayer.java:25)
[B: #10438@365] 	at java.base/jdk.internal.reflect.DirectMethodHandleAccessor.invoke(DirectMethodHandleAccessor.java:103)
[B: #10438@365] 	at java.base/java.lang.reflect.Method.invoke(Method.java:580)
[B: #10438@365] 	at battlecode.instrumenter.SandboxedRobotPlayer.loadAndRunPlayerJava(SandboxedRobotPlayer.java:306)
[B: #10438@365] 	at battlecode.instrumenter.SandboxedRobotPlayer.loadAndRunPlayer(SandboxedRobotPlayer.java:268)
[B: #10438@365] 	at battlecode.instrumenter.SandboxedRobotPlayer.lambda$new$2(SandboxedRobotPlayer.java:202)
[B: #10438@365] 	at java.base/java.lang.Thread.run(Thread.java:1583)
[B: #11871@366] Can sense kingLoc [17, 2] ? false at distSquared 36
[B: #11003@366] Going straight to cheese mine at [2, 2]
[B: #10438@366] GameActionException in RobotPlayer:
[B: #10438@366] battlecode.common.GameActionException: Target location is not on the map
[B: #10438@366] 	at battlecode.world.RobotControllerImpl.assertCanSenseLocation(RobotControllerImpl.java:217)
[B: #10438@366] 	at battlecode.world.RobotControllerImpl.senseMapInfo(RobotControllerImpl.java:646)
[B: #10438@366] 	at teacher08a.CatAttacker.runReportBack(CatAttacker.java:185)
[B: #10438@366] 	at teacher08a.CatAttacker.doAction(CatAttacker.java:37)
[B: #10438@366] 	at teacher08a.RobotPlayer.run(RobotPlayer.java:25)
[B: #10438@366] 	at java.base/jdk.internal.reflect.DirectMethodHandleAccessor.invoke(DirectMethodHandleAccessor.java:103)
[B: #10438@366] 	at java.base/java.lang.reflect.Method.invoke(Method.java:580)
[B: #10438@366] 	at battlecode.instrumenter.SandboxedRobotPlayer.loadAndRunPlayerJava(SandboxedRobotPlayer.java:306)
[B: #10438@366] 	at battlecode.instrumenter.SandboxedRobotPlayer.loadAndRunPlayer(SandboxedRobotPlayer.java:268)
[B: #10438@366] 	at battlecode.instrumenter.SandboxedRobotPlayer.lambda$new$2(SandboxedRobotPlayer.java:202)
[B: #10438@366] 	at java.base/java.lang.Thread.run(Thread.java:1583)
[B: #11871@367] Can sense kingLoc [17, 2] ? false at distSquared 36
[B: #11003@367] Going straight to cheese mine at [2, 2]
[B: #10438@367] GameActionException in RobotPlayer:
[B: #10438@367] battlecode.common.GameActionException: Target location is not on the map
[B: #10438@367] 	at battlecode.world.RobotControllerImpl.assertCanSenseLocation(RobotControllerImpl.java:217)
[B: #10438@367] 	at battlecode.world.RobotControllerImpl.senseMapInfo(RobotControllerImpl.java:646)
[B: #10438@367] 	at teacher08a.CatAttacker.runReportBack(CatAttacker.java:185)
[B: #10438@367] 	at teacher08a.CatAttacker.doAction(CatAttacker.java:37)
[B: #10438@367] 	at teacher08a.RobotPlayer.run(RobotPlayer.java:25)
[B: #10438@367] 	at java.base/jdk.internal.reflect.DirectMethodHandleAccessor.invoke(DirectMethodHandleAccessor.java:103)
[B: #10438@367] 	at java.base/java.lang.reflect.Method.invoke(Method.java:580)
[B: #10438@367] 	at battlecode.instrumenter.SandboxedRobotPlayer.loadAndRunPlayerJava(SandboxedRobotPlayer.java:306)
[B: #10438@367] 	at battlecode.instrumenter.SandboxedRobotPlayer.loadAndRunPlayer(SandboxedRobotPlayer.java:268)
[B: #10438@367] 	at battlecode.instrumenter.SandboxedRobotPlayer.lambda$new$2(SandboxedRobotPlayer.java:202)
[B: #10438@367] 	at java.base/java.lang.Thread.run(Thread.java:1583)
[B: #11871@368] Can sense kingLoc [17, 2] ? false at distSquared 36
[B: #11003@368] Going straight to cheese mine at [2, 2]
[B: #10438@368] GameActionException in RobotPlayer:
[B: #10438@368] battlecode.common.GameActionException: Target location is not on the map
[B: #10438@368] 	at battlecode.world.RobotControllerImpl.assertCanSenseLocation(RobotControllerImpl.java:217)
[B: #10438@368] 	at battlecode.world.RobotControllerImpl.senseMapInfo(RobotControllerImpl.java:646)
[B: #10438@368] 	at teacher08a.CatAttacker.runReportBack(CatAttacker.java:185)
[B: #10438@368] 	at teacher08a.CatAttacker.doAction(CatAttacker.java:37)
[B: #10438@368] 	at teacher08a.RobotPlayer.run(RobotPlayer.java:25)
[B: #10438@368] 	at java.base/jdk.internal.reflect.DirectMethodHandleAccessor.invoke(DirectMethodHandleAccessor.java:103)
[B: #10438@368] 	at java.base/java.lang.reflect.Method.invoke(Method.java:580)
[B: #10438@368] 	at battlecode.instrumenter.SandboxedRobotPlayer.loadAndRunPlayerJava(SandboxedRobotPlayer.java:306)
[B: #10438@368] 	at battlecode.instrumenter.SandboxedRobotPlayer.loadAndRunPlayer(SandboxedRobotPlayer.java:268)
[B: #10438@368] 	at battlecode.instrumenter.SandboxedRobotPlayer.lambda$new$2(SandboxedRobotPlayer.java:202)
[B: #10438@368] 	at java.base/java.lang.Thread.run(Thread.java:1583)
[B: #11871@369] Can sense kingLoc [17, 2] ? false at distSquared 36
[B: #11003@369] Going straight to cheese mine at [2, 2]
[B: #10438@369] GameActionException in RobotPlayer:
[B: #10438@369] battlecode.common.GameActionException: Target location is not on the map
[B: #10438@369] 	at battlecode.world.RobotControllerImpl.assertCanSenseLocation(RobotControllerImpl.java:217)
[B: #10438@369] 	at battlecode.world.RobotControllerImpl.senseMapInfo(RobotControllerImpl.java:646)
[B: #10438@369] 	at teacher08a.CatAttacker.runReportBack(CatAttacker.java:185)
[B: #10438@369] 	at teacher08a.CatAttacker.doAction(CatAttacker.java:37)
[B: #10438@369] 	at teacher08a.RobotPlayer.run(RobotPlayer.java:25)
[B: #10438@369] 	at java.base/jdk.internal.reflect.DirectMethodHandleAccessor.invoke(DirectMethodHandleAccessor.java:103)
[B: #10438@369] 	at java.base/java.lang.reflect.Method.invoke(Method.java:580)
[B: #10438@369] 	at battlecode.instrumenter.SandboxedRobotPlayer.loadAndRunPlayerJava(SandboxedRobotPlayer.java:306)
[B: #10438@369] 	at battlecode.instrumenter.SandboxedRobotPlayer.loadAndRunPlayer(SandboxedRobotPlayer.java:268)
[B: #10438@369] 	at battlecode.instrumenter.SandboxedRobotPlayer.lambda$new$2(SandboxedRobotPlayer.java:202)
[B: #10438@369] 	at java.base/java.lang.Thread.run(Thread.java:1583)
[B: #11871@370] Can sense kingLoc [17, 2] ? false at distSquared 36
[B: #11003@370] Going straight to cheese mine at [2, 2]
[B: #10438@370] GameActionException in RobotPlayer:
[B: #10438@370] battlecode.common.GameActionException: Target location is not on the map
[B: #10438@370] 	at battlecode.world.RobotControllerImpl.assertCanSenseLocation(RobotControllerImpl.java:217)
[B: #10438@370] 	at battlecode.world.RobotControllerImpl.senseMapInfo(RobotControllerImpl.java:646)
[B: #10438@370] 	at teacher08a.CatAttacker.runReportBack(CatAttacker.java:185)
[B: #10438@370] 	at teacher08a.CatAttacker.doAction(CatAttacker.java:37)
[B: #10438@370] 	at teacher08a.RobotPlayer.run(RobotPlayer.java:25)
[B: #10438@370] 	at java.base/jdk.internal.reflect.DirectMethodHandleAccessor.invoke(DirectMethodHandleAccessor.java:103)
[B: #10438@370] 	at java.base/java.lang.reflect.Method.invoke(Method.java:580)
[B: #10438@370] 	at battlecode.instrumenter.SandboxedRobotPlayer.loadAndRunPlayerJava(SandboxedRobotPlayer.java:306)
[B: #10438@370] 	at battlecode.instrumenter.SandboxedRobotPlayer.loadAndRunPlayer(SandboxedRobotPlayer.java:268)
[B: #10438@370] 	at battlecode.instrumenter.SandboxedRobotPlayer.lambda$new$2(SandboxedRobotPlayer.java:202)
[B: #10438@370] 	at java.base/java.lang.Thread.run(Thread.java:1583)
[B: #11871@371] Can sense kingLoc [17, 2] ? false at distSquared 36
[B: #11003@371] Going straight to cheese mine at [2, 2]
[B: #10438@371] GameActionException in RobotPlayer:
[B: #10438@371] battlecode.common.GameActionException: Target location is not on the map
[B: #10438@371] 	at battlecode.world.RobotControllerImpl.assertCanSenseLocation(RobotControllerImpl.java:217)
[B: #10438@371] 	at battlecode.world.RobotControllerImpl.senseMapInfo(RobotControllerImpl.java:646)
[B: #10438@371] 	at teacher08a.CatAttacker.runReportBack(CatAttacker.java:185)
[B: #10438@371] 	at teacher08a.CatAttacker.doAction(CatAttacker.java:37)
[B: #10438@371] 	at teacher08a.RobotPlayer.run(RobotPlayer.java:25)
[B: #10438@371] 	at java.base/jdk.internal.reflect.DirectMethodHandleAccessor.invoke(DirectMethodHandleAccessor.java:103)
[B: #10438@371] 	at java.base/java.lang.reflect.Method.invoke(Method.java:580)
[B: #10438@371] 	at battlecode.instrumenter.SandboxedRobotPlayer.loadAndRunPlayerJava(SandboxedRobotPlayer.java:306)
[B: #10438@371] 	at battlecode.instrumenter.SandboxedRobotPlayer.loadAndRunPlayer(SandboxedRobotPlayer.java:268)
[B: #10438@371] 	at battlecode.instrumenter.SandboxedRobotPlayer.lambda$new$2(SandboxedRobotPlayer.java:202)
[B: #10438@371] 	at java.base/java.lang.Thread.run(Thread.java:1583)
[B: #11871@372] Can sense kingLoc [17, 2] ? false at distSquared 36
[B: #11003@372] Going straight to cheese mine at [2, 2]
[B: #10438@372] GameActionException in RobotPlayer:
[B: #10438@372] battlecode.common.GameActionException: Target location is not on the map
[B: #10438@372] 	at battlecode.world.RobotControllerImpl.assertCanSenseLocation(RobotControllerImpl.java:217)
[B: #10438@372] 	at battlecode.world.RobotControllerImpl.senseMapInfo(RobotControllerImpl.java:646)
[B: #10438@372] 	at teacher08a.CatAttacker.runReportBack(CatAttacker.java:185)
[B: #10438@372] 	at teacher08a.CatAttacker.doAction(CatAttacker.java:37)
[B: #10438@372] 	at teacher08a.RobotPlayer.run(RobotPlayer.java:25)
[B: #10438@372] 	at java.base/jdk.internal.reflect.DirectMethodHandleAccessor.invoke(DirectMethodHandleAccessor.java:103)
[B: #10438@372] 	at java.base/java.lang.reflect.Method.invoke(Method.java:580)
[B: #10438@372] 	at battlecode.instrumenter.SandboxedRobotPlayer.loadAndRunPlayerJava(SandboxedRobotPlayer.java:306)
[B: #10438@372] 	at battlecode.instrumenter.SandboxedRobotPlayer.loadAndRunPlayer(SandboxedRobotPlayer.java:268)
[B: #10438@372] 	at battlecode.instrumenter.SandboxedRobotPlayer.lambda$new$2(SandboxedRobotPlayer.java:202)
[B: #10438@372] 	at java.base/java.lang.Thread.run(Thread.java:1583)
[B: #11871@373] Can sense kingLoc [17, 2] ? false at distSquared 36
[B: #11003@373] Going straight to cheese mine at [2, 2]
[B: #10438@373] GameActionException in RobotPlayer:
[B: #10438@373] battlecode.common.GameActionException: Target location is not on the map
[B: #10438@373] 	at battlecode.world.RobotControllerImpl.assertCanSenseLocation(RobotControllerImpl.java:217)
[B: #10438@373] 	at battlecode.world.RobotControllerImpl.senseMapInfo(RobotControllerImpl.java:646)
[B: #10438@373] 	at teacher08a.CatAttacker.runReportBack(CatAttacker.java:185)
[B: #10438@373] 	at teacher08a.CatAttacker.doAction(CatAttacker.java:37)
[B: #10438@373] 	at teacher08a.RobotPlayer.run(RobotPlayer.java:25)
[B: #10438@373] 	at java.base/jdk.internal.reflect.DirectMethodHandleAccessor.invoke(DirectMethodHandleAccessor.java:103)
[B: #10438@373] 	at java.base/java.lang.reflect.Method.invoke(Method.java:580)
[B: #10438@373] 	at battlecode.instrumenter.SandboxedRobotPlayer.loadAndRunPlayerJava(SandboxedRobotPlayer.java:306)
[B: #10438@373] 	at battlecode.instrumenter.SandboxedRobotPlayer.loadAndRunPlayer(SandboxedRobotPlayer.java:268)
[B: #10438@373] 	at battlecode.instrumenter.SandboxedRobotPlayer.lambda$new$2(SandboxedRobotPlayer.java:202)
[B: #10438@373] 	at java.base/java.lang.Thread.run(Thread.java:1583)
[B: #11871@374] Can sense kingLoc [17, 2] ? false at distSquared 36
[B: #11003@374] Going straight to cheese mine at [2, 2]
[B: #10438@374] GameActionException in RobotPlayer:
[B: #10438@374] battlecode.common.GameActionException: Target location is not on the map
[B: #10438@374] 	at battlecode.world.RobotControllerImpl.assertCanSenseLocation(RobotControllerImpl.java:217)
[B: #10438@374] 	at battlecode.world.RobotControllerImpl.senseMapInfo(RobotControllerImpl.java:646)
[B: #10438@374] 	at teacher08a.CatAttacker.runReportBack(CatAttacker.java:185)
[B: #10438@374] 	at teacher08a.CatAttacker.doAction(CatAttacker.java:37)
[B: #10438@374] 	at teacher08a.RobotPlayer.run(RobotPlayer.java:25)
[B: #10438@374] 	at java.base/jdk.internal.reflect.DirectMethodHandleAccessor.invoke(DirectMethodHandleAccessor.java:103)
[B: #10438@374] 	at java.base/java.lang.reflect.Method.invoke(Method.java:580)
[B: #10438@374] 	at battlecode.instrumenter.SandboxedRobotPlayer.loadAndRunPlayerJava(SandboxedRobotPlayer.java:306)
[B: #10438@374] 	at battlecode.instrumenter.SandboxedRobotPlayer.loadAndRunPlayer(SandboxedRobotPlayer.java:268)
[B: #10438@374] 	at battlecode.instrumenter.SandboxedRobotPlayer.lambda$new$2(SandboxedRobotPlayer.java:202)
[B: #10438@374] 	at java.base/java.lang.Thread.run(Thread.java:1583)
[B: #11871@375] Can sense kingLoc [17, 2] ? false at distSquared 36
[B: #11003@375] Going straight to cheese mine at [2, 2]
[B: #10438@375] GameActionException in RobotPlayer:
[B: #10438@375] battlecode.common.GameActionException: Target location is not on the map
[B: #10438@375] 	at battlecode.world.RobotControllerImpl.assertCanSenseLocation(RobotControllerImpl.java:217)
[B: #10438@375] 	at battlecode.world.RobotControllerImpl.senseMapInfo(RobotControllerImpl.java:646)
[B: #10438@375] 	at teacher08a.CatAttacker.runReportBack(CatAttacker.java:185)
[B: #10438@375] 	at teacher08a.CatAttacker.doAction(CatAttacker.java:37)
[B: #10438@375] 	at teacher08a.RobotPlayer.run(RobotPlayer.java:25)
[B: #10438@375] 	at java.base/jdk.internal.reflect.DirectMethodHandleAccessor.invoke(DirectMethodHandleAccessor.java:103)
[B: #10438@375] 	at java.base/java.lang.reflect.Method.invoke(Method.java:580)
[B: #10438@375] 	at battlecode.instrumenter.SandboxedRobotPlayer.loadAndRunPlayerJava(SandboxedRobotPlayer.java:306)
[B: #10438@375] 	at battlecode.instrumenter.SandboxedRobotPlayer.loadAndRunPlayer(SandboxedRobotPlayer.java:268)
[B: #10438@375] 	at battlecode.instrumenter.SandboxedRobotPlayer.lambda$new$2(SandboxedRobotPlayer.java:202)
[B: #10438@375] 	at java.base/java.lang.Thread.run(Thread.java:1583)
[B: #11871@376] Can sense kingLoc [17, 2] ? false at distSquared 36
[B: #11003@376] Going straight to cheese mine at [2, 2]
[B: #10438@376] GameActionException in RobotPlayer:
[B: #10438@376] battlecode.common.GameActionException: Target location is not on the map
[B: #10438@376] 	at battlecode.world.RobotControllerImpl.assertCanSenseLocation(RobotControllerImpl.java:217)
[B: #10438@376] 	at battlecode.world.RobotControllerImpl.senseMapInfo(RobotControllerImpl.java:646)
[B: #10438@376] 	at teacher08a.CatAttacker.runReportBack(CatAttacker.java:185)
[B: #10438@376] 	at teacher08a.CatAttacker.doAction(CatAttacker.java:37)
[B: #10438@376] 	at teacher08a.RobotPlayer.run(RobotPlayer.java:25)
[B: #10438@376] 	at java.base/jdk.internal.reflect.DirectMethodHandleAccessor.invoke(DirectMethodHandleAccessor.java:103)
[B: #10438@376] 	at java.base/java.lang.reflect.Method.invoke(Method.java:580)
[B: #10438@376] 	at battlecode.instrumenter.SandboxedRobotPlayer.loadAndRunPlayerJava(SandboxedRobotPlayer.java:306)
[B: #10438@376] 	at battlecode.instrumenter.SandboxedRobotPlayer.loadAndRunPlayer(SandboxedRobotPlayer.java:268)
[B: #10438@376] 	at battlecode.instrumenter.SandboxedRobotPlayer.lambda$new$2(SandboxedRobotPlayer.java:202)
[B: #10438@376] 	at java.base/java.lang.Thread.run(Thread.java:1583)
[B: #11871@377] Can sense kingLoc [17, 2] ? false at distSquared 36
[B: #11003@377] Going straight to cheese mine at [2, 2]
[B: #10438@377] GameActionException in RobotPlayer:
[B: #10438@377] battlecode.common.GameActionException: Target location is not on the map
[B: #10438@377] 	at battlecode.world.RobotControllerImpl.assertCanSenseLocation(RobotControllerImpl.java:217)
[B: #10438@377] 	at battlecode.world.RobotControllerImpl.senseMapInfo(RobotControllerImpl.java:646)
[B: #10438@377] 	at teacher08a.CatAttacker.runReportBack(CatAttacker.java:185)
[B: #10438@377] 	at teacher08a.CatAttacker.doAction(CatAttacker.java:37)
[B: #10438@377] 	at teacher08a.RobotPlayer.run(RobotPlayer.java:25)
[B: #10438@377] 	at java.base/jdk.internal.reflect.DirectMethodHandleAccessor.invoke(DirectMethodHandleAccessor.java:103)
[B: #10438@377] 	at java.base/java.lang.reflect.Method.invoke(Method.java:580)
[B: #10438@377] 	at battlecode.instrumenter.SandboxedRobotPlayer.loadAndRunPlayerJava(SandboxedRobotPlayer.java:306)
[B: #10438@377] 	at battlecode.instrumenter.SandboxedRobotPlayer.loadAndRunPlayer(SandboxedRobotPlayer.java:268)
[B: #10438@377] 	at battlecode.instrumenter.SandboxedRobotPlayer.lambda$new$2(SandboxedRobotPlayer.java:202)
[B: #10438@377] 	at java.base/java.lang.Thread.run(Thread.java:1583)
[B: #11871@378] Can sense kingLoc [17, 2] ? false at distSquared 36
[B: #11003@378] Going straight to cheese mine at [2, 2]
[B: #10438@378] GameActionException in RobotPlayer:
[B: #10438@378] battlecode.common.GameActionException: Target location is not on the map
[B: #10438@378] 	at battlecode.world.RobotControllerImpl.assertCanSenseLocation(RobotControllerImpl.java:217)
[B: #10438@378] 	at battlecode.world.RobotControllerImpl.senseMapInfo(RobotControllerImpl.java:646)
[B: #10438@378] 	at teacher08a.CatAttacker.runReportBack(CatAttacker.java:185)
[B: #10438@378] 	at teacher08a.CatAttacker.doAction(CatAttacker.java:37)
[B: #10438@378] 	at teacher08a.RobotPlayer.run(RobotPlayer.java:25)
[B: #10438@378] 	at java.base/jdk.internal.reflect.DirectMethodHandleAccessor.invoke(DirectMethodHandleAccessor.java:103)
[B: #10438@378] 	at java.base/java.lang.reflect.Method.invoke(Method.java:580)
[B: #10438@378] 	at battlecode.instrumenter.SandboxedRobotPlayer.loadAndRunPlayerJava(SandboxedRobotPlayer.java:306)
[B: #10438@378] 	at battlecode.instrumenter.SandboxedRobotPlayer.loadAndRunPlayer(SandboxedRobotPlayer.java:268)
[B: #10438@378] 	at battlecode.instrumenter.SandboxedRobotPlayer.lambda$new$2(SandboxedRobotPlayer.java:202)
[B: #10438@378] 	at java.base/java.lang.Thread.run(Thread.java:1583)
[B: #11871@379] Can sense kingLoc [17, 2] ? false at distSquared 36
[B: #11003@379] Going straight to cheese mine at [2, 2]
[B: #10438@379] GameActionException in RobotPlayer:
[B: #10438@379] battlecode.common.GameActionException: Target location is not on the map
[B: #10438@379] 	at battlecode.world.RobotControllerImpl.assertCanSenseLocation(RobotControllerImpl.java:217)
[B: #10438@379] 	at battlecode.world.RobotControllerImpl.senseMapInfo(RobotControllerImpl.java:646)
[B: #10438@379] 	at teacher08a.CatAttacker.runReportBack(CatAttacker.java:185)
[B: #10438@379] 	at teacher08a.CatAttacker.doAction(CatAttacker.java:37)
[B: #10438@379] 	at teacher08a.RobotPlayer.run(RobotPlayer.java:25)
[B: #10438@379] 	at java.base/jdk.internal.reflect.DirectMethodHandleAccessor.invoke(DirectMethodHandleAccessor.java:103)
[B: #10438@379] 	at java.base/java.lang.reflect.Method.invoke(Method.java:580)
[B: #10438@379] 	at battlecode.instrumenter.SandboxedRobotPlayer.loadAndRunPlayerJava(SandboxedRobotPlayer.java:306)
[B: #10438@379] 	at battlecode.instrumenter.SandboxedRobotPlayer.loadAndRunPlayer(SandboxedRobotPlayer.java:268)
[B: #10438@379] 	at battlecode.instrumenter.SandboxedRobotPlayer.lambda$new$2(SandboxedRobotPlayer.java:202)
[B: #10438@379] 	at java.base/java.lang.Thread.run(Thread.java:1583)
[B: #11871@380] Can sense kingLoc [17, 2] ? false at distSquared 36
[B: #11003@380] Going straight to cheese mine at [2, 2]
[B: #10438@380] GameActionException in RobotPlayer:
[B: #10438@380] battlecode.common.GameActionException: Target location is not on the map
[B: #10438@380] 	at battlecode.world.RobotControllerImpl.assertCanSenseLocation(RobotControllerImpl.java:217)
[B: #10438@380] 	at battlecode.world.RobotControllerImpl.senseMapInfo(RobotControllerImpl.java:646)
[B: #10438@380] 	at teacher08a.CatAttacker.runReportBack(CatAttacker.java:185)
[B: #10438@380] 	at teacher08a.CatAttacker.doAction(CatAttacker.java:37)
[B: #10438@380] 	at teacher08a.RobotPlayer.run(RobotPlayer.java:25)
[B: #10438@380] 	at java.base/jdk.internal.reflect.DirectMethodHandleAccessor.invoke(DirectMethodHandleAccessor.java:103)
[B: #10438@380] 	at java.base/java.lang.reflect.Method.invoke(Method.java:580)
[B: #10438@380] 	at battlecode.instrumenter.SandboxedRobotPlayer.loadAndRunPlayerJava(SandboxedRobotPlayer.java:306)
[B: #10438@380] 	at battlecode.instrumenter.SandboxedRobotPlayer.loadAndRunPlayer(SandboxedRobotPlayer.java:268)
[B: #10438@380] 	at battlecode.instrumenter.SandboxedRobotPlayer.lambda$new$2(SandboxedRobotPlayer.java:202)
[B: #10438@380] 	at java.base/java.lang.Thread.run(Thread.java:1583)
[B: #11871@381] Can sense kingLoc [17, 2] ? false at distSquared 36
[B: #11003@381] Going straight to cheese mine at [2, 2]
[B: #10438@381] GameActionException in RobotPlayer:
[B: #10438@381] battlecode.common.GameActionException: Target location is not on the map
[B: #10438@381] 	at battlecode.world.RobotControllerImpl.assertCanSenseLocation(RobotControllerImpl.java:217)
[B: #10438@381] 	at battlecode.world.RobotControllerImpl.senseMapInfo(RobotControllerImpl.java:646)
[B: #10438@381] 	at teacher08a.CatAttacker.runReportBack(CatAttacker.java:185)
[B: #10438@381] 	at teacher08a.CatAttacker.doAction(CatAttacker.java:37)
[B: #10438@381] 	at teacher08a.RobotPlayer.run(RobotPlayer.java:25)
[B: #10438@381] 	at java.base/jdk.internal.reflect.DirectMethodHandleAccessor.invoke(DirectMethodHandleAccessor.java:103)
[B: #10438@381] 	at java.base/java.lang.reflect.Method.invoke(Method.java:580)
[B: #10438@381] 	at battlecode.instrumenter.SandboxedRobotPlayer.loadAndRunPlayerJava(SandboxedRobotPlayer.java:306)
[B: #10438@381] 	at battlecode.instrumenter.SandboxedRobotPlayer.loadAndRunPlayer(SandboxedRobotPlayer.java:268)
[B: #10438@381] 	at battlecode.instrumenter.SandboxedRobotPlayer.lambda$new$2(SandboxedRobotPlayer.java:202)
[B: #10438@381] 	at java.base/java.lang.Thread.run(Thread.java:1583)
[B: #11871@382] Can sense kingLoc [17, 2] ? false at distSquared 36
[B: #11003@382] Going straight to cheese mine at [2, 2]
[B: #10438@382] GameActionException in RobotPlayer:
[B: #10438@382] battlecode.common.GameActionException: Target location is not on the map
[B: #10438@382] 	at battlecode.world.RobotControllerImpl.assertCanSenseLocation(RobotControllerImpl.java:217)
[B: #10438@382] 	at battlecode.world.RobotControllerImpl.senseMapInfo(RobotControllerImpl.java:646)
[B: #10438@382] 	at teacher08a.CatAttacker.runReportBack(CatAttacker.java:185)
[B: #10438@382] 	at teacher08a.CatAttacker.doAction(CatAttacker.java:37)
[B: #10438@382] 	at teacher08a.RobotPlayer.run(RobotPlayer.java:25)
[B: #10438@382] 	at java.base/jdk.internal.reflect.DirectMethodHandleAccessor.invoke(DirectMethodHandleAccessor.java:103)
[B: #10438@382] 	at java.base/java.lang.reflect.Method.invoke(Method.java:580)
[B: #10438@382] 	at battlecode.instrumenter.SandboxedRobotPlayer.loadAndRunPlayerJava(SandboxedRobotPlayer.java:306)
[B: #10438@382] 	at battlecode.instrumenter.SandboxedRobotPlayer.loadAndRunPlayer(SandboxedRobotPlayer.java:268)
[B: #10438@382] 	at battlecode.instrumenter.SandboxedRobotPlayer.lambda$new$2(SandboxedRobotPlayer.java:202)
[B: #10438@382] 	at java.base/java.lang.Thread.run(Thread.java:1583)
[B: #11871@383] Can sense kingLoc [17, 2] ? false at distSquared 36
[B: #11003@383] Going straight to cheese mine at [2, 2]
[B: #11871@384] Can sense kingLoc [17, 2] ? false at distSquared 36
[B: #11003@384] Going straight to cheese mine at [2, 2]
[B: #11871@385] Can sense kingLoc [17, 2] ? false at distSquared 36
[B: #11003@385] Going straight to cheese mine at [2, 2]
[B: #11871@386] Can sense kingLoc [17, 2] ? false at distSquared 36
[B: #11003@386] Going straight to cheese mine at [2, 2]
[B: #11003@387] Going straight to cheese mine at [2, 2]
[A: #10713@387] Found a new cheese mine at [2, 2]
[B: #11003@388] Going straight to cheese mine at [2, 2]
[B: #11003@389] Going straight to cheese mine at [2, 2]
[B: #11003@390] Going straight to cheese mine at [2, 2]
[B: #11003@391] Going straight to cheese mine at [2, 2]
[B: #11003@392] Going straight to cheese mine at [2, 2]
[B: #11003@393] Going straight to cheese mine at [2, 2]
[B: #11003@394] Going straight to cheese mine at [2, 2]
[B: #11003@395] Going straight to cheese mine at [2, 2]
[B: #11003@396] Going straight to cheese mine at [2, 2]
[B: #11003@397] Going straight to cheese mine at [2, 2]
[B: #11003@398] Going straight to cheese mine at [2, 2]
[B: #11003@399] Going straight to cheese mine at [2, 2]
[B: #11003@400] Going straight to cheese mine at [2, 2]
[A: #12937@400] Found a new cheese mine at [2, 2]
[A: #13237@400] Found a new cheese mine at [2, 2]
[B: #11003@401] Going straight to cheese mine at [2, 2]
[B: #11003@402] Going straight to cheese mine at [2, 2]
[B: #11003@403] Going straight to cheese mine at [2, 2]
[B: #11003@404] Found a cheese mine at [2, 2]
[B: #11003@404] Going straight to cheese mine at [2, 2]
[B: #11003@405] Going straight to cheese mine at [2, 2]
[B: #11003@406] Found a cheese mine at [2, 2]
[B: #11003@406] Going straight to cheese mine at [2, 2]
[B: #11003@407] Going straight to cheese mine at [2, 2]
[B: #11003@408] Found a cheese mine at [2, 2]
[B: #11003@408] Going straight to cheese mine at [2, 2]
[B: #11003@409] Going straight to cheese mine at [2, 2]
[B: #11003@410] Going straight to cheese mine at [2, 2]
[B: #11003@411] Can sense kingLoc [17, 2] ? false at distSquared 173
[B: #11003@412] Can sense kingLoc [17, 2] ? false at distSquared 148
[B: #11003@413] Can sense kingLoc [17, 2] ? false at distSquared 125
[B: #11003@414] Can sense kingLoc [17, 2] ? false at distSquared 125
[B: #11003@415] Can sense kingLoc [17, 2] ? false at distSquared 104
[B: #11003@416] Can sense kingLoc [17, 2] ? false at distSquared 85
[B: #11003@417] Can sense kingLoc [17, 2] ? false at distSquared 85
[B: #11003@418] Can sense kingLoc [17, 2] ? false at distSquared 68
[B: #11003@419] Can sense kingLoc [17, 2] ? false at distSquared 53
[B: #11003@420] Can sense kingLoc [17, 2] ? false at distSquared 40
[B: #11003@421] Can sense kingLoc [17, 2] ? false at distSquared 40
[B: #11003@422] Can sense kingLoc [17, 2] ? false at distSquared 29
[A: #11135@422] Found a new cheese mine at [17, 17]
[B: #11003@423] Can sense kingLoc [17, 2] ? true at distSquared 20
[B: #11003@424] Going straight to cheese mine at [2, 2]
[B: #11003@425] Going straight to cheese mine at [2, 2]
[B: #11003@426] Going straight to cheese mine at [2, 2]
[B: #11003@427] Going straight to cheese mine at [2, 2]
[B: #11003@428] Going straight to cheese mine at [2, 2]
[B: #11003@429] Going straight to cheese mine at [2, 2]
[B: #11003@430] Going straight to cheese mine at [2, 2]
[B: #11003@431] Going straight to cheese mine at [2, 2]
[B: #11003@432] Going straight to cheese mine at [2, 2]
[B: #11003@433] Going straight to cheese mine at [2, 2]
[A: #10056@433] Found a new cheese mine at [17, 17]
[B: #11003@434] Going straight to cheese mine at [2, 2]
[B: #11003@435] Going straight to cheese mine at [2, 2]
[B: #11003@436] Going straight to cheese mine at [2, 2]
[B: #11003@437] Can sense kingLoc [17, 2] ? false at distSquared 196
[B: #11003@438] Can sense kingLoc [17, 2] ? false at distSquared 196
[B: #11003@439] Can sense kingLoc [17, 2] ? false at distSquared 169
[B: #11003@440] Can sense kingLoc [17, 2] ? false at distSquared 144
[B: #11003@441] Can sense kingLoc [17, 2] ? false at distSquared 144
[B: #11003@442] Can sense kingLoc [17, 2] ? false at distSquared 121
[B: #11003@443] Can sense kingLoc [17, 2] ? false at distSquared 121
[B: #11003@444] Can sense kingLoc [17, 2] ? false at distSquared 100
[B: #11003@445] Can sense kingLoc [17, 2] ? false at distSquared 100
[B: #11003@446] Can sense kingLoc [17, 2] ? false at distSquared 81
[B: #11003@447] Can sense kingLoc [17, 2] ? false at distSquared 81
[B: #11003@448] Can sense kingLoc [17, 2] ? false at distSquared 64
[B: #11003@449] Can sense kingLoc [17, 2] ? false at distSquared 49
[B: #11003@450] Can sense kingLoc [17, 2] ? false at distSquared 49
[B: #11003@451] Can sense kingLoc [17, 2] ? false at distSquared 36
[B: #11003@452] Can sense kingLoc [17, 2] ? false at distSquared 36
[B: #11003@453] Can sense kingLoc [17, 2] ? false at distSquared 25
[B: #11003@454] Going straight to cheese mine at [2, 2]
[B: #11003@455] Going straight to cheese mine at [2, 2]
[B: #11003@456] Going straight to cheese mine at [2, 2]
[B: #11003@457] Going straight to cheese mine at [2, 2]
[B: #11003@458] Going straight to cheese mine at [2, 2]
[B: #11003@459] Going straight to cheese mine at [2, 2]
[B: #11003@460] Going straight to cheese mine at [2, 2]
[B: #11003@461] Going straight to cheese mine at [2, 2]
[A: #12599@472] Found a new cheese mine at [17, 17]
[A: #13253@489] Found a new cheese mine at [17, 17]
[A: #13618@499] Found a new cheese mine at [2, 2]
[A: #12177@503] Found a new cheese mine at [2, 2]
[A: #12435@572] Found a new cheese mine at [2, 2]
[A: #11110@584] Found a new cheese mine at [2, 2]
[server]                   shredders (A) wins (round 588)
[server] Reason: The winning team destroyed all of the enemy team's rat kings.
[server] -------------------- Match Finished --------------------
Closed: /[0:0:0:0:0:0:0:1]:60191 for 

> Task :runJava
> Task :run

BUILD SUCCESSFUL in 9s
2 actionable tasks: 1 executed, 1 up-to-date
